dist	strand	type
1	+	model1
1	+	model1
2	+	model1
-25	+	model1
62	+	model1
24	+	model1
-3	+	model1
-81	+	model1
12	+	model1
-11	-	model1
-5	-	model1
-5	-	model1
-110	-	model1
50	-	model1
51	-	model1
-16	-	model1
288	-	model1
288	-	model1
284	-	model1
284	-	model1
141	-	model1
-4	-	model1
-75	+	model1
-134	+	model1
-132	+	model1
-69	+	model1
1	+	model1
2	+	model1
-2	+	model1
10	+	model1
112	+	model1
-16	+	model1
-170	+	model1
3	+	model1
-20	-	model1
-20	-	model1
42	-	model1
24	-	model1
-18	-	model1
140	-	model1
-55	-	model1
-2	-	model1
57	+	model1
-45	+	model1
6	+	model1
-1	+	model1
-1	+	model1
-1	+	model1
0	+	model1
1	+	model1
-90	+	model1
-14	+	model1
-34	+	model1
-42	+	model1
-42	+	model1
-42	+	model1
-42	+	model1
-42	+	model1
-42	+	model1
-33	+	model1
-33	+	model1
-33	+	model1
-33	+	model1
-33	+	model1
-33	+	model1
-33	+	model1
-33	+	model1
19	+	model1
188	+	model1
15	+	model1
1	-	model1
-27	-	model1
57	-	model1
-125	-	model1
-23	-	model1
52	-	model1
3	-	model1
94	-	model1
-35	+	model1
-119	+	model1
-280	+	model1
-280	+	model1
-2	-	model1
-7	+	model1
13	+	model1
4	+	model1
-1	+	model1
0	+	model1
37	+	model1
37	+	model1
1	+	model1
-34	+	model1
90	+	model1
-42	+	model1
-42	+	model1
-42	+	model1
-42	+	model1
-4	+	model1
-3	+	model1
-33	+	model1
-33	+	model1
-33	+	model1
-33	+	model1
-33	+	model1
-33	+	model1
-33	+	model1
-33	+	model1
-22	+	model1
-26	+	model1
-112	+	model1
-112	+	model1
-115	+	model1
107	+	model1
-96	+	model1
1	-	model1
7	-	model1
233	-	model1
-27	-	model1
-7	-	model1
-10	-	model1
32	-	model1
58	-	model1
77	-	model1
151	-	model1
151	-	model1
91	-	model1
-1	+	model1
-56	+	model1
-35	+	model1
-119	+	model1
-280	+	model1
-280	+	model1
-2	-	model1
-7	+	model1
-27	+	model1
-1	+	model1
4	+	model1
0	+	model1
37	+	model1
1	+	model1
-34	+	model1
-42	+	model1
-42	+	model1
-42	+	model1
-42	+	model1
-4	+	model1
-3	+	model1
-33	+	model1
-33	+	model1
-33	+	model1
-33	+	model1
-22	+	model1
-112	+	model1
-115	+	model1
1	-	model1
233	-	model1
20	-	model1
-27	-	model1
32	-	model1
77	-	model1
151	-	model1
151	-	model1
52	-	model1
94	-	model1
-17	+	model1
-128	+	model1
-12	+	model1
-12	+	model1
-35	+	model1
-119	+	model1
-280	+	model1
-280	+	model1
-72	+	model1
-19	+	model1
-7	+	model1
-3	+	model1
-1	+	model1
4	+	model1
0	+	model1
93	+	model1
37	+	model1
37	+	model1
1	+	model1
-34	+	model1
-16	+	model1
-42	+	model1
-42	+	model1
-42	+	model1
-42	+	model1
253	+	model1
-71	+	model1
-33	+	model1
-33	+	model1
-33	+	model1
-33	+	model1
-33	+	model1
-33	+	model1
-22	+	model1
-94	+	model1
188	+	model1
1	-	model1
54	-	model1
-27	-	model1
64	-	model1
32	-	model1
-125	-	model1
-23	-	model1
122	-	model1
-11	-	model1
52	-	model1
54	-	model1
54	-	model1
94	-	model1
15	-	model1
-17	+	model1
-17	+	model1
-128	+	model1
-128	+	model1
-130	+	model1
-1	+	model1
-56	+	model1
-35	+	model1
-119	+	model1
-280	+	model1
-280	+	model1
-132	+	model1
-72	+	model1
-7	+	model1
6	+	model1
6	+	model1
-3	+	model1
-3	+	model1
-3	+	model1
0	+	model1
-1	+	model1
4	+	model1
4	+	model1
-1	+	model1
-1	+	model1
37	+	model1
1	+	model1
-42	+	model1
-42	+	model1
-42	+	model1
-42	+	model1
-42	+	model1
-42	+	model1
-33	+	model1
-33	+	model1
-33	+	model1
-33	+	model1
-33	+	model1
-33	+	model1
-22	+	model1
188	+	model1
1	-	model1
56	-	model1
-23	-	model1
77	-	model1
52	-	model1
3	-	model1
94	-	model1
-35	+	model1
-35	+	model1
-280	+	model1
-280	+	model1
-280	+	model1
-280	+	model1
-1	+	model1
4	+	model1
2	+	model1
6	+	model1
-2	+	model1
0	+	model1
10	+	model1
112	+	model1
-16	+	model1
3	+	model1
-20	-	model1
-20	-	model1
36	-	model1
35	-	model1
-10	-	model1
-2	-	model1
170	-	model1
-78	-	model1
-249	+	model1
57	+	model1
170	+	model1
-47	+	model1
-47	+	model1
-45	+	model1
6	+	model1
1	+	model1
1	+	model1
1	+	model1
1	+	model1
0	+	model1
22	+	model1
32	+	model1
-62	+	model1
-62	+	model1
-17	+	model1
66	+	model1
-46	+	model1
-47	+	model1
-46	+	model1
-83	+	model1
70	+	model1
-68	+	model1
-12	+	model1
-50	+	model1
-164	+	model1
-246	+	model1
-189	+	model1
-189	+	model1
-1	+	model1
-12	+	model1
108	-	model1
108	-	model1
-67	-	model1
81	-	model1
122	-	model1
-70	-	model1
146	-	model1
-7	-	model1
182	-	model1
182	-	model1
50	-	model1
96	-	model1
96	-	model1
40	-	model1
26	-	model1
88	-	model1
82	-	model1
-27	-	model1
71	-	model1
71	-	model1
71	-	model1
-3	-	model1
100	-	model1
48	-	model1
126	-	model1
126	-	model1
58	-	model1
250	-	model1
-50	+	model1
-292	+	model1
13	+	model1
-55	+	model1
-11	+	model1
-11	+	model1
-19	+	model1
-19	+	model1
24	+	model1
-18	+	model1
-30	+	model1
2	+	model1
-1	+	model1
69	+	model1
-1	+	model1
6	+	model1
-26	+	model1
-2	+	model1
0	+	model1
0	+	model1
0	+	model1
0	+	model1
7	+	model1
7	+	model1
10	+	model1
-7	+	model1
132	+	model1
112	+	model1
-16	+	model1
-16	+	model1
58	+	model1
-114	+	model1
-170	+	model1
-148	+	model1
-9	+	model1
-12	+	model1
-25	+	model1
-112	+	model1
3	+	model1
254	+	model1
-62	+	model1
-4	+	model1
-34	+	model1
-156	+	model1
-69	+	model1
-20	-	model1
-20	-	model1
-32	-	model1
42	-	model1
-15	-	model1
36	-	model1
24	-	model1
3	-	model1
140	-	model1
-10	-	model1
108	-	model1
68	-	model1
99	-	model1
-10	-	model1
-10	-	model1
26	-	model1
-55	-	model1
110	-	model1
-29	-	model1
-2	-	model1
170	-	model1
-8	-	model1
-78	-	model1
192	-	model1
192	-	model1
-31	-	model1
-79	+	model1
-79	+	model1
-30	+	model1
-43	+	model1
-62	+	model1
-15	+	model1
-40	+	model1
17	+	model1
246	+	model1
57	+	model1
170	+	model1
-25	+	model1
3	+	model1
3	+	model1
-47	+	model1
-47	+	model1
-45	+	model1
74	-	model1
-14	+	model1
0	+	model1
6	+	model1
2	+	model1
-1	+	model1
6	+	model1
6	+	model1
-2	+	model1
0	+	model1
0	+	model1
0	+	model1
7	+	model1
7	+	model1
10	+	model1
-7	+	model1
132	+	model1
112	+	model1
-16	+	model1
58	+	model1
-170	+	model1
-12	+	model1
-48	+	model1
3	+	model1
-72	+	model1
254	+	model1
-62	+	model1
-20	-	model1
-20	-	model1
-56	-	model1
13	-	model1
42	-	model1
36	-	model1
12	-	model1
3	-	model1
24	-	model1
140	-	model1
-27	-	model1
32	-	model1
-10	-	model1
108	-	model1
99	-	model1
47	-	model1
203	-	model1
-21	-	model1
115	-	model1
147	-	model1
-55	-	model1
-29	-	model1
-2	-	model1
170	-	model1
-78	-	model1
-157	+	model1
-62	+	model1
-40	+	model1
157	-	model1
157	-	model1
-57	+	model1
57	+	model1
170	+	model1
3	+	model1
3	+	model1
-47	+	model1
-45	+	model1
74	-	model1
3	+	model1
3	+	model1
6	+	model1
1	+	model1
3	+	model1
-7	+	model1
-7	+	model1
-177	+	model1
-33	+	model1
-18	+	model1
-4	-	model1
139	-	model1
15	+	model1
0	+	model1
-17	+	model1
66	+	model1
-68	+	model1
-50	+	model1
-1	+	model1
-1	+	model1
50	-	model1
58	-	model1
133	-	model1
133	-	model1
-48	+	model1
1	+	model1
35	+	model1
3	+	model1
-3	+	model1
-179	+	model1
-1	+	model1
-46	+	model1
-12	+	model1
-7	+	model1
-7	+	model1
-177	+	model1
-177	+	model1
-18	+	model1
-20	-	model1
-5	-	model1
-4	-	model1
139	-	model1
24	-	model1
92	-	model1
78	-	model1
55	-	model1
-3	-	model1
100	-	model1
-1	-	model1
10	+	model1
-109	+	model1
-22	+	model1
-1	-	model1
1	+	model1
1	+	model1
37	+	model1
-1	+	model1
-12	+	model1
-7	+	model1
-7	+	model1
-177	+	model1
-177	+	model1
0	+	model1
-33	+	model1
-18	+	model1
34	-	model1
-5	-	model1
-4	-	model1
139	-	model1
27	-	model1
-10	-	model1
-10	-	model1
-1	-	model1
19	+	model1
-54	+	model1
1	+	model1
60	-	model1
-5	-	model1
-1	-	model1
-126	-	model1
0	+	model1
-1	+	model1
2	+	model1
-85	+	model1
35	+	model1
37	+	model1
37	+	model1
-179	+	model1
-1	+	model1
195	+	model1
-46	+	model1
-17	+	model1
-5	+	model1
-12	+	model1
-7	+	model1
-7	+	model1
-177	+	model1
-177	+	model1
0	+	model1
62	+	model1
-18	+	model1
-147	+	model1
5	+	model1
-20	-	model1
111	-	model1
-5	-	model1
-4	-	model1
139	-	model1
-23	-	model1
-20	-	model1
-20	-	model1
-20	-	model1
-20	-	model1
39	-	model1
84	-	model1
17	-	model1
96	-	model1
-3	-	model1
55	-	model1
100	-	model1
-1	-	model1
-109	+	model1
131	+	model1
-22	+	model1
-1	-	model1
187	+	model1
3	+	model1
1	+	model1
-15	+	model1
-15	+	model1
75	+	model1
75	+	model1
-29	+	model1
-12	-	model1
-12	-	model1
0	-	model1
-11	-	model1
-17	-	model1
10	-	model1
-5	-	model1
29	-	model1
86	-	model1
44	-	model1
-11	-	model1
-125	+	model1
-1	-	model1
0	+	model1
-164	+	model1
4	+	model1
2	+	model1
2	+	model1
3	+	model1
1	+	model1
5	+	model1
-15	+	model1
-15	+	model1
75	+	model1
75	+	model1
205	+	model1
205	+	model1
205	+	model1
205	+	model1
205	+	model1
205	+	model1
17	+	model1
-29	+	model1
-93	+	model1
-117	+	model1
-6	+	model1
-12	-	model1
-12	-	model1
-11	-	model1
-17	-	model1
10	-	model1
-5	-	model1
29	-	model1
86	-	model1
0	-	model1
-125	+	model1
-1	-	model1
0	+	model1
-164	+	model1
4	+	model1
4	+	model1
2	+	model1
0	+	model1
-17	+	model1
66	+	model1
-83	+	model1
-68	+	model1
-50	+	model1
-1	+	model1
-1	+	model1
-12	+	model1
168	-	model1
146	-	model1
55	-	model1
82	-	model1
58	-	model1
250	-	model1
-2	-	model1
133	-	model1
133	-	model1
-292	+	model1
-92	+	model1
-11	+	model1
-11	+	model1
22	+	model1
-48	+	model1
-20	+	model1
5	+	model1
9	+	model1
-118	+	model1
35	-	model1
-10	-	model1
-10	-	model1
-19	-	model1
-19	-	model1
-19	-	model1
-19	-	model1
70	-	model1
70	-	model1
70	-	model1
70	-	model1
135	-	model1
-222	-	model1
-222	-	model1
-50	-	model1
83	-	model1
83	-	model1
83	-	model1
-85	-	model1
-85	-	model1
14	+	model1
-31	+	model1
-76	+	model1
-9	+	model1
-9	+	model1
0	+	model1
-205	+	model1
3	+	model1
1	+	model1
-15	+	model1
-15	+	model1
75	+	model1
75	+	model1
-29	+	model1
-117	+	model1
-12	-	model1
-12	-	model1
0	-	model1
-11	-	model1
-5	-	model1
29	-	model1
29	-	model1
86	-	model1
86	-	model1
-15	-	model1
44	-	model1
44	-	model1
-125	+	model1
-1	-	model1
0	+	model1
-25	+	model1
-164	+	model1
-51	+	model1
-62	+	model1
21	+	model1
4	+	model1
1	+	model1
1	+	model1
0	+	model1
-62	+	model1
-62	+	model1
-17	+	model1
66	+	model1
-46	+	model1
-46	+	model1
70	+	model1
-64	+	model1
-68	+	model1
-12	+	model1
-50	+	model1
-10	+	model1
-1	+	model1
-12	+	model1
-14	-	model1
23	-	model1
205	-	model1
-70	-	model1
146	-	model1
-7	-	model1
182	-	model1
182	-	model1
28	-	model1
28	-	model1
26	-	model1
88	-	model1
82	-	model1
-27	-	model1
-3	-	model1
-3	-	model1
58	-	model1
250	-	model1
-16	-	model1
32	-	model1
-64	+	model1
-292	+	model1
-11	+	model1
-11	+	model1
-19	+	model1
-19	+	model1
123	+	model1
-30	+	model1
-74	+	model1
-39	+	model1
2	+	model1
-49	+	model1
-49	+	model1
-45	+	model1
2	+	model1
-3	+	model1
0	+	model1
-68	+	model1
-10	+	model1
-186	+	model1
-84	+	model1
-84	+	model1
-106	+	model1
-55	+	model1
-92	+	model1
11	+	model1
66	-	model1
-351	-	model1
-61	-	model1
-282	-	model1
-324	-	model1
-101	-	model1
28	-	model1
47	-	model1
62	-	model1
62	-	model1
38	-	model1
58	-	model1
46	-	model1
84	-	model1
30	-	model1
-3	-	model1
-3	-	model1
-3	-	model1
-31	-	model1
2	-	model1
-82	-	model1
29	-	model1
-13	-	model1
146	-	model1
-22	-	model1
-20	-	model1
0	-	model1
-8	-	model1
-123	+	model1
-87	+	model1
-21	+	model1
-219	+	model1
38	+	model1
3	+	model1
26	-	model1
-51	+	model1
3	+	model1
1	+	model1
-32	+	model1
-15	+	model1
17	+	model1
-29	+	model1
-6	+	model1
-12	-	model1
-12	-	model1
24	-	model1
-5	-	model1
44	-	model1
-125	+	model1
-1	-	model1
-126	-	model1
0	+	model1
-1	+	model1
-49	+	model1
0	+	model1
-45	+	model1
-10	+	model1
-84	+	model1
-84	+	model1
-27	+	model1
-55	+	model1
-9	+	model1
-151	+	model1
46	-	model1
16	-	model1
-3	-	model1
-3	-	model1
-3	-	model1
2	-	model1
-123	+	model1
-12	+	model1
-21	+	model1
-219	+	model1
2	+	model1
2	+	model1
0	+	model1
0	+	model1
-20	+	model1
2	+	model1
5	+	model1
5	+	model1
29	+	model1
-118	+	model1
-56	+	model1
-56	+	model1
1	-	model1
1	-	model1
129	-	model1
10	-	model1
-16	-	model1
12	-	model1
35	-	model1
40	-	model1
228	-	model1
228	-	model1
-22	-	model1
2	-	model1
-71	-	model1
-71	-	model1
-86	-	model1
-10	-	model1
-10	-	model1
88	-	model1
88	-	model1
88	-	model1
88	-	model1
48	-	model1
-19	-	model1
-19	-	model1
-19	-	model1
-19	-	model1
70	-	model1
70	-	model1
70	-	model1
70	-	model1
-21	-	model1
135	-	model1
-30	-	model1
-23	-	model1
-23	-	model1
5	-	model1
-25	-	model1
18	-	model1
-71	-	model1
94	-	model1
94	-	model1
83	-	model1
83	-	model1
83	-	model1
-85	-	model1
-85	-	model1
-140	-	model1
21	-	model1
-37	-	model1
14	+	model1
-1	+	model1
-115	+	model1
-91	+	model1
-53	+	model1
-53	+	model1
16	+	model1
5	+	model1
-2	+	model1
-46	+	model1
0	+	model1
-205	+	model1
1	+	model1
-15	-	model1
130	-	model1
-4	-	model1
-3	-	model1
-3	-	model1
-158	-	model1
-158	-	model1
-6	-	model1
252	+	model1
-46	-	model1
-46	-	model1
21	+	model1
-108	+	model1
-20	+	model1
5	+	model1
9	+	model1
-118	+	model1
12	-	model1
35	-	model1
165	-	model1
-10	-	model1
-10	-	model1
88	-	model1
88	-	model1
88	-	model1
88	-	model1
-19	-	model1
-19	-	model1
-19	-	model1
-19	-	model1
70	-	model1
70	-	model1
70	-	model1
70	-	model1
135	-	model1
-4	-	model1
83	-	model1
83	-	model1
83	-	model1
-37	-	model1
-74	+	model1
-191	+	model1
-10	+	model1
0	+	model1
-205	+	model1
-205	+	model1
-28	-	model1
1	+	model1
-146	+	model1
-24	-	model1
-27	-	model1
21	+	model1
-20	+	model1
2	+	model1
5	+	model1
-27	+	model1
9	+	model1
-118	+	model1
-163	+	model1
-39	+	model1
1	-	model1
-17	-	model1
12	-	model1
35	-	model1
228	-	model1
228	-	model1
-22	-	model1
2	-	model1
-86	-	model1
-10	-	model1
-10	-	model1
88	-	model1
88	-	model1
88	-	model1
88	-	model1
48	-	model1
-19	-	model1
-19	-	model1
-19	-	model1
-19	-	model1
70	-	model1
70	-	model1
70	-	model1
70	-	model1
135	-	model1
-6	-	model1
113	-	model1
113	-	model1
113	-	model1
113	-	model1
113	-	model1
113	-	model1
-4	-	model1
-4	-	model1
-16	-	model1
18	-	model1
94	-	model1
83	-	model1
83	-	model1
83	-	model1
-85	-	model1
-85	-	model1
-140	-	model1
70	-	model1
-51	+	model1
-37	-	model1
14	+	model1
-1	+	model1
-115	+	model1
-31	+	model1
-91	+	model1
-53	+	model1
-9	+	model1
-9	+	model1
0	+	model1
-205	+	model1
-205	+	model1
-39	+	model1
-49	+	model1
-49	+	model1
5	+	model1
2	+	model1
-34	+	model1
-3	+	model1
0	+	model1
-1	-	model1
-4	+	model1
-10	+	model1
-129	+	model1
-84	+	model1
-84	+	model1
-116	+	model1
11	+	model1
-351	-	model1
-61	-	model1
-61	-	model1
-324	-	model1
-101	-	model1
28	-	model1
47	-	model1
62	-	model1
62	-	model1
38	-	model1
58	-	model1
46	-	model1
84	-	model1
-3	-	model1
-3	-	model1
-3	-	model1
-31	-	model1
2	-	model1
29	-	model1
-13	-	model1
-22	-	model1
0	-	model1
-8	-	model1
-123	+	model1
75	-	model1
49	+	model1
-21	+	model1
-219	+	model1
26	-	model1
-51	+	model1
0	+	model1
-49	+	model1
-49	+	model1
-49	+	model1
5	+	model1
2	+	model1
-34	+	model1
-3	+	model1
0	+	model1
0	+	model1
0	+	model1
-9	+	model1
-10	+	model1
-106	+	model1
-116	+	model1
-55	+	model1
-132	+	model1
11	+	model1
-151	+	model1
-121	+	model1
-24	-	model1
29	-	model1
145	-	model1
91	-	model1
77	-	model1
-351	-	model1
-61	-	model1
-61	-	model1
-282	-	model1
-324	-	model1
-101	-	model1
28	-	model1
47	-	model1
62	-	model1
38	-	model1
58	-	model1
46	-	model1
45	-	model1
235	-	model1
-3	-	model1
-3	-	model1
-3	-	model1
-3	-	model1
9	-	model1
-31	-	model1
2	-	model1
29	-	model1
-13	-	model1
-47	-	model1
47	-	model1
8	-	model1
0	-	model1
-8	-	model1
1	-	model1
-123	+	model1
75	-	model1
-1	-	model1
-121	+	model1
49	+	model1
-21	+	model1
-219	+	model1
-184	+	model1
26	-	model1
-51	+	model1
3	+	model1
1	-	model1
1	+	model1
-2	+	model1
0	+	model1
-45	+	model1
2	+	model1
0	+	model1
-10	+	model1
-84	+	model1
-84	+	model1
-55	+	model1
-84	+	model1
11	+	model1
-151	+	model1
46	-	model1
79	-	model1
16	-	model1
-3	-	model1
-3	-	model1
-3	-	model1
2	-	model1
-123	+	model1
75	-	model1
-12	+	model1
-21	+	model1
-219	+	model1
1	+	model1
-16	+	model1
-47	+	model1
13	+	model1
38	+	model1
-106	+	model1
-15	-	model1
39	-	model1
46	-	model1
159	-	model1
-158	-	model1
-158	-	model1
-243	+	model1
-46	-	model1
-46	-	model1
-146	+	model1
-24	-	model1
75	-	model1
21	+	model1
-108	+	model1
-82	+	model1
2	-	model1
33	-	model1
25	-	model1
-29	-	model1
-1	-	model1
-1	-	model1
91	-	model1
-2	+	model1
-98	+	model1
-44	+	model1
-6	+	model1
3	+	model1
-93	+	model1
-25	-	model1
1	-	model1
39	-	model1
63	-	model1
73	-	model1
-34	-	model1
-5	-	model1
57	-	model1
-156	+	model1
-46	+	model1
-170	+	model1
1	+	model1
88	-	model1
-15	-	model1
-24	-	model1
21	+	model1
-40	+	model1
1	+	model1
-63	+	model1
-16	+	model1
-48	+	model1
53	+	model1
-92	+	model1
88	-	model1
-15	-	model1
-4	-	model1
-158	-	model1
-158	-	model1
-33	-	model1
-26	-	model1
-35	-	model1
-35	-	model1
-35	-	model1
-35	-	model1
40	-	model1
62	-	model1
-6	-	model1
-46	-	model1
-46	-	model1
-146	+	model1
21	+	model1
-108	+	model1
15	+	model1
-30	+	model1
167	-	model1
-36	-	model1
-36	-	model1
-36	-	model1
-5	-	model1
0	-	model1
0	-	model1
20	-	model1
-26	-	model1
2	+	model1
3	+	model1
-25	-	model1
1	-	model1
87	-	model1
-66	-	model1
5	-	model1
63	-	model1
4	-	model1
4	-	model1
-78	-	model1
59	-	model1
-5	-	model1
-27	-	model1
-156	+	model1
-170	+	model1
-60	+	model1
-43	+	model1
42	+	model1
3	+	model1
-13	-	model1
63	-	model1
-33	+	model1
-82	+	model1
-53	+	model1
-31	+	model1
25	-	model1
41	-	model1
66	-	model1
2	-	model1
33	-	model1
65	-	model1
-28	-	model1
144	-	model1
-29	-	model1
-38	-	model1
-24	-	model1
-1	-	model1
1	-	model1
-1	-	model1
-8	-	model1
-2	+	model1
-88	-	model1
-116	+	model1
-152	+	model1
-233	+	model1
-98	+	model1
-44	+	model1
-134	+	model1
1	+	model1
22	+	model1
72	+	model1
-6	+	model1
3	+	model1
-93	+	model1
-25	-	model1
1	-	model1
28	-	model1
63	-	model1
161	-	model1
153	-	model1
17	-	model1
-5	-	model1
57	-	model1
-10	-	model1
-156	+	model1
-46	+	model1
-170	+	model1
-170	+	model1
6	+	model1
5	+	model1
-46	+	model1
-42	+	model1
-10	-	model1
88	-	model1
87	-	model1
-33	+	model1
-197	+	model1
-140	+	model1
-31	+	model1
75	-	model1
-10	-	model1
146	-	model1
47	-	model1
66	-	model1
2	-	model1
33	-	model1
-28	-	model1
144	-	model1
-29	-	model1
-38	-	model1
108	-	model1
-24	-	model1
-86	-	model1
-1	-	model1
1	-	model1
-1	-	model1
-8	-	model1
-2	+	model1
-88	-	model1
-116	+	model1
-152	+	model1
-234	+	model1
-233	+	model1
-98	+	model1
-44	+	model1
-166	+	model1
-82	+	model1
-29	-	model1
163	-	model1
2	-	model1
33	-	model1
25	-	model1
-29	-	model1
-16	-	model1
-1	-	model1
-1	-	model1
-2	+	model1
-88	-	model1
-234	+	model1
-98	+	model1
-44	+	model1
-80	+	model1
3	+	model1
15	+	model1
24	+	model1
-49	+	model1
-84	+	model1
12	+	model1
-12	+	model1
-30	+	model1
-192	+	model1
54	-	model1
167	-	model1
-36	-	model1
-36	-	model1
-36	-	model1
14	-	model1
-5	-	model1
-5	-	model1
32	-	model1
32	-	model1
4	-	model1
72	-	model1
50	-	model1
0	-	model1
0	-	model1
4	-	model1
96	-	model1
20	-	model1
99	-	model1
-123	+	model1
-85	+	model1
86	+	model1
86	+	model1
-1	+	model1
-39	+	model1
-3	+	model1
3	+	model1
3	+	model1
2	+	model1
-56	+	model1
-56	+	model1
-42	+	model1
-42	+	model1
-6	-	model1
0	-	model1
69	-	model1
158	-	model1
1	+	model1
19	+	model1
-6	+	model1
5	+	model1
5	+	model1
-89	+	model1
-125	+	model1
-56	+	model1
-56	+	model1
-40	+	model1
-42	+	model1
-42	+	model1
-189	+	model1
-19	-	model1
-12	-	model1
6	-	model1
89	-	model1
25	-	model1
-19	-	model1
-155	-	model1
-17	-	model1
-5	-	model1
53	-	model1
53	-	model1
88	-	model1
69	-	model1
185	-	model1
70	-	model1
158	-	model1
158	-	model1
158	-	model1
86	-	model1
-24	-	model1
83	-	model1
-49	-	model1
-3	+	model1
-28	+	model1
-35	+	model1
3	+	model1
15	+	model1
12	+	model1
-192	+	model1
54	-	model1
-195	+	model1
167	-	model1
75	-	model1
-36	-	model1
-36	-	model1
-36	-	model1
32	-	model1
4	-	model1
72	-	model1
80	-	model1
50	-	model1
0	-	model1
0	-	model1
4	-	model1
24	-	model1
20	-	model1
-85	+	model1
2	+	model1
-61	+	model1
-3	+	model1
-77	+	model1
15	+	model1
-22	+	model1
-84	+	model1
-30	+	model1
-192	+	model1
167	-	model1
-36	-	model1
-36	-	model1
-5	-	model1
32	-	model1
0	-	model1
0	-	model1
4	-	model1
20	-	model1
-184	+	model1
-3	+	model1
-26	-	model1
-13	+	model1
62	+	model1
43	+	model1
2	-	model1
99	-	model1
99	-	model1
67	-	model1
47	-	model1
-209	+	model1
-1	+	model1
4	+	model1
-33	+	model1
2	+	model1
1	+	model1
-6	+	model1
-125	+	model1
-56	+	model1
-56	+	model1
-42	+	model1
-42	+	model1
-189	+	model1
-19	-	model1
-12	-	model1
6	-	model1
25	-	model1
-155	-	model1
53	-	model1
69	-	model1
158	-	model1
158	-	model1
158	-	model1
86	-	model1
-49	-	model1
-49	-	model1
-69	+	model1
-28	+	model1
-72	+	model1
-72	+	model1
15	+	model1
-49	+	model1
-84	+	model1
12	+	model1
12	+	model1
-30	+	model1
-108	+	model1
-13	+	model1
-192	+	model1
54	-	model1
-195	+	model1
-190	+	model1
167	-	model1
-36	-	model1
-36	-	model1
-36	-	model1
-36	-	model1
1	-	model1
-91	-	model1
156	-	model1
-5	-	model1
-5	-	model1
-5	-	model1
-5	-	model1
32	-	model1
32	-	model1
4	-	model1
81	-	model1
72	-	model1
-52	-	model1
50	-	model1
50	-	model1
0	-	model1
0	-	model1
4	-	model1
-11	-	model1
96	-	model1
20	-	model1
-123	+	model1
-39	+	model1
-85	+	model1
-13	+	model1
17	+	model1
-39	+	model1
-3	+	model1
3	+	model1
3	+	model1
2	+	model1
-2	+	model1
6	-	model1
231	-	model1
-86	-	model1
-86	-	model1
-27	+	model1
-126	+	model1
83	+	model1
2	+	model1
-88	+	model1
171	-	model1
127	-	model1
88	-	model1
87	-	model1
-6	-	model1
-82	+	model1
93	+	model1
-56	+	model1
-56	+	model1
-42	+	model1
-42	+	model1
-19	-	model1
25	-	model1
53	-	model1
69	-	model1
54	+	model1
54	+	model1
171	-	model1
127	-	model1
88	-	model1
87	-	model1
2	+	model1
2	+	model1
-51	+	model1
5	+	model1
-11	+	model1
-84	+	model1
-84	+	model1
54	+	model1
54	+	model1
171	-	model1
127	-	model1
-10	-	model1
88	-	model1
87	-	model1
-208	+	model1
-208	+	model1
-82	+	model1
-98	+	model1
-98	+	model1
37	+	model1
-46	+	model1
-22	+	model1
42	+	model1
-3	+	model1
69	+	model1
-125	+	model1
-56	+	model1
-56	+	model1
-42	+	model1
-42	+	model1
-19	-	model1
-12	-	model1
0	-	model1
6	-	model1
89	-	model1
-20	-	model1
-155	-	model1
-5	-	model1
53	-	model1
53	-	model1
69	-	model1
158	-	model1
158	-	model1
-28	-	model1
-160	+	model1
-44	+	model1
-68	+	model1
-68	+	model1
-94	+	model1
-136	+	model1
-41	+	model1
-28	+	model1
-12	-	model1
-12	-	model1
32	-	model1
32	-	model1
-86	+	model1
-11	-	model1
-5	-	model1
-49	-	model1
-9	-	model1
-99	-	model1
9	-	model1
-26	-	model1
-255	-	model1
-6	-	model1
52	-	model1
-2	-	model1
-13	+	model1
43	+	model1
-36	+	model1
-4	+	model1
-46	+	model1
-62	+	model1
195	-	model1
46	-	model1
11	-	model1
2	-	model1
27	-	model1
28	-	model1
81	-	model1
51	-	model1
125	-	model1
99	-	model1
99	-	model1
5	-	model1
67	-	model1
-15	-	model1
47	-	model1
-6	+	model1
-36	+	model1
-1	+	model1
4	+	model1
-33	+	model1
2	+	model1
5	+	model1
-46	+	model1
-42	+	model1
-10	-	model1
93	+	model1
-13	+	model1
62	+	model1
43	+	model1
-26	+	model1
-26	+	model1
-36	+	model1
-76	+	model1
-76	+	model1
-62	+	model1
195	-	model1
46	-	model1
11	-	model1
2	-	model1
27	-	model1
27	-	model1
28	-	model1
28	-	model1
81	-	model1
81	-	model1
81	-	model1
81	-	model1
81	-	model1
81	-	model1
51	-	model1
125	-	model1
125	-	model1
99	-	model1
99	-	model1
4	-	model1
4	-	model1
5	-	model1
67	-	model1
-15	-	model1
47	-	model1
-6	+	model1
-36	+	model1
-107	+	model1
-110	+	model1
-57	+	model1
-1	+	model1
4	+	model1
-33	+	model1
2	+	model1
5	+	model1
-13	+	model1
62	+	model1
43	+	model1
-26	+	model1
-26	+	model1
-36	+	model1
99	-	model1
67	-	model1
-15	-	model1
-209	+	model1
-53	+	model1
-70	+	model1
-1	+	model1
4	+	model1
-33	+	model1
2	+	model1
-79	+	model1
-87	+	model1
-9	+	model1
27	+	model1
-229	+	model1
52	-	model1
-17	-	model1
148	-	model1
-63	-	model1
-86	-	model1
-86	-	model1
-86	-	model1
-86	-	model1
-86	-	model1
-86	-	model1
-22	-	model1
-27	+	model1
-78	-	model1
-49	+	model1
6	+	model1
6	+	model1
5	+	model1
123	-	model1
-1	-	model1
5	+	model1
-79	+	model1
-87	+	model1
-2	+	model1
-9	+	model1
106	+	model1
-229	+	model1
52	-	model1
52	-	model1
-17	-	model1
-17	-	model1
148	-	model1
148	-	model1
-63	-	model1
231	-	model1
-86	-	model1
-86	-	model1
206	-	model1
-22	-	model1
9	-	model1
9	-	model1
9	-	model1
53	-	model1
53	-	model1
-21	-	model1
59	-	model1
59	-	model1
-27	+	model1
-78	-	model1
179	+	model1
83	+	model1
83	+	model1
137	+	model1
-87	+	model1
-9	+	model1
-32	+	model1
-160	+	model1
-229	+	model1
39	-	model1
-17	-	model1
-3	-	model1
-2	-	model1
-2	-	model1
-86	-	model1
-86	-	model1
-10	-	model1
-175	-	model1
-8	-	model1
-25	-	model1
-2	-	model1
-1	-	model1
-20	+	model1
-1	-	model1
-27	+	model1
-78	-	model1
-126	+	model1
1	+	model1
32	+	model1
6	+	model1
3	-	model1
-336	-	model1
-336	-	model1
-380	-	model1
133	-	model1
133	-	model1
98	-	model1
30	-	model1
-7	-	model1
-3	-	model1
-71	+	model1
-1	-	model1
-65	+	model1
-27	+	model1
106	+	model1
-63	-	model1
-3	-	model1
231	-	model1
-86	-	model1
-86	-	model1
120	-	model1
-8	-	model1
-2	-	model1
-27	+	model1
-126	+	model1
1	+	model1
5	+	model1
32	+	model1
164	+	model1
59	+	model1
-148	+	model1
-26	+	model1
-13	+	model1
-13	+	model1
8	+	model1
27	+	model1
-15	-	model1
-1	-	model1
26	-	model1
26	-	model1
42	-	model1
-4	-	model1
41	-	model1
-206	-	model1
-336	-	model1
-380	-	model1
133	-	model1
133	-	model1
63	-	model1
-39	-	model1
98	-	model1
98	-	model1
-4	-	model1
63	-	model1
23	-	model1
150	-	model1
167	-	model1
-10	-	model1
54	-	model1
146	-	model1
-64	-	model1
-7	-	model1
57	-	model1
-2	-	model1
-7	-	model1
-3	-	model1
-3	-	model1
-3	-	model1
-327	+	model1
51	-	model1
-8	+	model1
-8	+	model1
30	-	model1
-253	+	model1
-1	-	model1
-100	+	model1
-1	-	model1
38	+	model1
-38	+	model1
13	+	model1
-1	+	model1
-65	+	model1
12	+	model1
-1	+	model1
-9	-	model1
-103	+	model1
-16	+	model1
-27	+	model1
-86	+	model1
-11	-	model1
-7	-	model1
-5	-	model1
-52	-	model1
-49	-	model1
-19	-	model1
-162	-	model1
-162	-	model1
-15	-	model1
-27	-	model1
-9	-	model1
-32	-	model1
62	-	model1
-18	-	model1
-99	-	model1
85	-	model1
-26	-	model1
-255	-	model1
-29	-	model1
142	-	model1
111	-	model1
52	-	model1
-2	-	model1
-139	+	model1
30	+	model1
7	+	model1
-7	+	model1
-52	+	model1
91	-	model1
91	-	model1
5	+	model1
-13	+	model1
62	+	model1
43	+	model1
3	+	model1
-26	+	model1
-26	+	model1
-36	+	model1
-3	+	model1
-174	+	model1
19	+	model1
95	+	model1
151	-	model1
-62	+	model1
195	-	model1
159	-	model1
109	-	model1
46	-	model1
11	-	model1
27	-	model1
27	-	model1
28	-	model1
28	-	model1
81	-	model1
81	-	model1
51	-	model1
125	-	model1
125	-	model1
99	-	model1
99	-	model1
43	-	model1
247	-	model1
-87	-	model1
5	-	model1
100	-	model1
67	-	model1
-15	-	model1
72	-	model1
-6	+	model1
-36	+	model1
-311	+	model1
-12	+	model1
-12	+	model1
-1	+	model1
4	+	model1
-33	+	model1
2	+	model1
6	+	model1
6	+	model1
5	+	model1
-84	+	model1
-311	+	model1
123	-	model1
26	-	model1
65	-	model1
-1	-	model1
-104	+	model1
-6	+	model1
-56	+	model1
-18	+	model1
-2	-	model1
187	-	model1
2	-	model1
18	-	model1
0	+	model1
-44	+	model1
58	+	model1
-93	+	model1
-93	+	model1
-311	+	model1
123	-	model1
43	-	model1
42	-	model1
348	-	model1
-1	-	model1
-104	+	model1
-58	+	model1
-56	+	model1
12	-	model1
1	+	model1
32	+	model1
6	+	model1
-13	+	model1
8	+	model1
-74	+	model1
26	-	model1
-336	-	model1
-380	-	model1
133	-	model1
133	-	model1
98	-	model1
-4	-	model1
-2	-	model1
-65	+	model1
-23	-	model1
6	-	model1
-43	-	model1
-19	-	model1
-32	+	model1
-103	+	model1
2	+	model1
-25	+	model1
-151	+	model1
-16	+	model1
-27	+	model1
-86	+	model1
-11	-	model1
-5	-	model1
-29	-	model1
-49	-	model1
-19	-	model1
-162	-	model1
-15	-	model1
-9	-	model1
-32	-	model1
32	-	model1
0	-	model1
21	-	model1
9	-	model1
-99	-	model1
85	-	model1
-26	-	model1
-255	-	model1
-38	-	model1
142	-	model1
-191	-	model1
-6	-	model1
52	-	model1
-17	-	model1
15	-	model1
-2	-	model1
-83	+	model1
-32	+	model1
-161	+	model1
-52	+	model1
91	-	model1
91	-	model1
-81	+	model1
41	-	model1
107	-	model1
107	-	model1
107	-	model1
45	-	model1
-16	-	model1
31	-	model1
-22	-	model1
-22	-	model1
-22	-	model1
-1	-	model1
-1	-	model1
-1	-	model1
-1	-	model1
-1	-	model1
32	+	model1
-98	+	model1
1	+	model1
5	+	model1
32	+	model1
-39	+	model1
164	+	model1
-1	+	model1
68	+	model1
78	+	model1
-16	+	model1
59	+	model1
-29	+	model1
-26	+	model1
8	+	model1
107	+	model1
27	+	model1
-168	+	model1
-74	+	model1
-74	+	model1
-7	+	model1
-15	-	model1
-6	+	model1
-1	-	model1
26	-	model1
26	-	model1
26	-	model1
26	-	model1
26	-	model1
26	-	model1
137	-	model1
-12	-	model1
76	-	model1
76	-	model1
42	-	model1
-4	-	model1
41	-	model1
-206	-	model1
-336	-	model1
-336	-	model1
-380	-	model1
133	-	model1
133	-	model1
-39	-	model1
98	-	model1
98	-	model1
7	-	model1
-4	-	model1
63	-	model1
23	-	model1
150	-	model1
167	-	model1
8	-	model1
107	-	model1
107	-	model1
11	-	model1
54	-	model1
146	-	model1
99	-	model1
70	-	model1
99	-	model1
41	-	model1
8	-	model1
8	-	model1
-64	-	model1
-4	-	model1
-4	-	model1
-7	-	model1
10	-	model1
57	-	model1
-2	-	model1
-7	-	model1
-3	-	model1
-3	-	model1
85	-	model1
-327	+	model1
-8	+	model1
-8	+	model1
-2	-	model1
-253	+	model1
-1	-	model1
-100	+	model1
-100	+	model1
-1	-	model1
38	+	model1
-38	+	model1
28	+	model1
13	+	model1
-1	+	model1
-65	+	model1
-3	+	model1
12	+	model1
-1	+	model1
-9	-	model1
1	+	model1
1	+	model1
1	+	model1
1	+	model1
5	+	model1
8	+	model1
0	+	model1
-4	+	model1
-13	+	model1
-41	+	model1
-50	+	model1
116	+	model1
-36	+	model1
-149	+	model1
-81	+	model1
74	+	model1
90	+	model1
12	+	model1
-111	+	model1
-111	+	model1
-111	+	model1
20	+	model1
3	-	model1
19	+	model1
-57	+	model1
-11	-	model1
-24	-	model1
-112	-	model1
-3	-	model1
3	-	model1
159	-	model1
51	-	model1
184	-	model1
20	-	model1
107	-	model1
17	-	model1
249	-	model1
51	-	model1
44	-	model1
125	-	model1
112	-	model1
-16	-	model1
29	-	model1
55	-	model1
-38	-	model1
141	-	model1
-25	+	model1
-92	+	model1
-105	+	model1
-105	+	model1
-105	+	model1
-75	+	model1
-55	+	model1
-55	+	model1
-11	+	model1
-134	+	model1
-33	-	model1
-174	+	model1
128	+	model1
128	+	model1
-132	+	model1
-25	+	model1
-80	+	model1
-183	+	model1
-33	+	model1
-33	+	model1
35	+	model1
-75	+	model1
-44	+	model1
-69	+	model1
-2	-	model1
7	-	model1
187	-	model1
2	-	model1
0	+	model1
6	+	model1
6	+	model1
-44	+	model1
-311	+	model1
43	-	model1
-81	-	model1
67	-	model1
67	-	model1
348	-	model1
-16	-	model1
37	-	model1
-1	-	model1
-104	+	model1
-56	+	model1
-92	+	model1
-92	+	model1
0	+	model1
-24	+	model1
-43	+	model1
-18	+	model1
-65	+	model1
-65	+	model1
-3	-	model1
7	-	model1
187	-	model1
2	-	model1
18	-	model1
17	-	model1
15	-	model1
-65	-	model1
-65	-	model1
53	-	model1
114	-	model1
209	-	model1
18	-	model1
-147	+	model1
0	+	model1
10	+	model1
-8	+	model1
-41	+	model1
-13	+	model1
-13	+	model1
-35	+	model1
-4	+	model1
9	+	model1
-1	+	model1
-1	+	model1
209	+	model1
37	+	model1
1	+	model1
-21	+	model1
-34	+	model1
-33	+	model1
-42	+	model1
-42	+	model1
-42	+	model1
-42	+	model1
-42	+	model1
-42	+	model1
253	+	model1
-33	+	model1
-33	+	model1
-33	+	model1
-33	+	model1
-33	+	model1
-33	+	model1
-33	+	model1
-33	+	model1
-22	+	model1
-112	+	model1
188	+	model1
1	-	model1
-27	-	model1
56	-	model1
-23	-	model1
-11	-	model1
3	-	model1
3	-	model1
-1	+	model1
-56	+	model1
-35	+	model1
-35	+	model1
-280	+	model1
-280	+	model1
-280	+	model1
-280	+	model1
-7	+	model1
-1	+	model1
4	+	model1
1	+	model1
1	+	model1
1	+	model1
1	+	model1
-4	+	model1
-3	+	model1
-36	+	model1
-81	+	model1
12	+	model1
-11	-	model1
-5	-	model1
-18	-	model1
51	-	model1
125	-	model1
112	-	model1
-16	-	model1
284	-	model1
141	-	model1
-92	+	model1
-69	+	model1
1	+	model1
5	+	model1
32	+	model1
164	+	model1
78	+	model1
59	+	model1
-26	+	model1
8	+	model1
107	+	model1
27	+	model1
-168	+	model1
-74	+	model1
-74	+	model1
-1	-	model1
26	-	model1
26	-	model1
-12	-	model1
42	-	model1
-4	-	model1
41	-	model1
-206	-	model1
-336	-	model1
-380	-	model1
133	-	model1
133	-	model1
133	-	model1
-39	-	model1
98	-	model1
98	-	model1
7	-	model1
0	-	model1
-4	-	model1
23	-	model1
107	-	model1
107	-	model1
-10	-	model1
99	-	model1
-64	-	model1
-7	-	model1
-2	-	model1
-3	-	model1
-3	-	model1
-327	+	model1
-8	+	model1
-8	+	model1
-8	+	model1
-59	+	model1
-253	+	model1
-100	+	model1
-100	+	model1
-1	-	model1
-38	+	model1
28	+	model1
13	+	model1
-1	+	model1
-35	+	model1
-9	+	model1
-65	+	model1
36	+	model1
12	+	model1
-1	+	model1
-9	-	model1
2	+	model1
-21	+	model1
-81	+	model1
41	-	model1
60	-	model1
107	-	model1
107	-	model1
107	-	model1
107	-	model1
107	-	model1
107	-	model1
45	-	model1
4	-	model1
-16	-	model1
2	-	model1
72	-	model1
-22	-	model1
-22	-	model1
-22	-	model1
-1	-	model1
-1	-	model1
-1	-	model1
-1	-	model1
-1	-	model1
176	+	model1
-167	+	model1
-144	+	model1
117	+	model1
117	+	model1
5	+	model1
-70	+	model1
-41	+	model1
-65	+	model1
-65	+	model1
-23	-	model1
6	-	model1
-43	-	model1
-19	-	model1
-32	+	model1
-103	+	model1
-44	+	model1
58	+	model1
-256	+	model1
-311	+	model1
43	-	model1
348	-	model1
-1	-	model1
-56	+	model1
-224	+	model1
-86	+	model1
-11	-	model1
-5	-	model1
-49	-	model1
-162	-	model1
-15	-	model1
-9	-	model1
-32	-	model1
-99	-	model1
85	-	model1
-26	-	model1
-255	-	model1
-29	-	model1
142	-	model1
111	-	model1
52	-	model1
-2	-	model1
30	-	model1
30	-	model1
-139	+	model1
-52	+	model1
91	-	model1
91	-	model1
1	+	model1
1	+	model1
1	+	model1
1	+	model1
2	+	model1
8	+	model1
0	+	model1
-4	+	model1
-68	+	model1
-2	+	model1
-3	+	model1
-13	+	model1
-41	+	model1
-41	+	model1
52	+	model1
-134	+	model1
-24	+	model1
-50	+	model1
116	+	model1
-36	+	model1
-149	+	model1
-81	+	model1
74	+	model1
12	+	model1
-111	+	model1
-111	+	model1
-111	+	model1
-111	+	model1
20	+	model1
3	-	model1
79	+	model1
79	+	model1
19	+	model1
-57	+	model1
-11	-	model1
-24	-	model1
-112	-	model1
-3	-	model1
-5	-	model1
-33	-	model1
-18	-	model1
3	-	model1
7	-	model1
142	-	model1
138	-	model1
154	-	model1
51	-	model1
184	-	model1
20	-	model1
107	-	model1
249	-	model1
-13	-	model1
44	-	model1
-21	-	model1
125	-	model1
112	-	model1
-88	-	model1
-16	-	model1
29	-	model1
55	-	model1
288	-	model1
288	-	model1
-38	-	model1
284	-	model1
284	-	model1
284	-	model1
-107	+	model1
-107	+	model1
141	-	model1
-25	+	model1
-92	+	model1
-105	+	model1
-105	+	model1
-105	+	model1
-105	+	model1
-109	+	model1
-109	+	model1
-75	+	model1
-55	+	model1
-55	+	model1
-55	+	model1
-55	+	model1
-11	+	model1
-11	+	model1
-65	+	model1
-134	+	model1
-33	-	model1
-57	+	model1
128	+	model1
128	+	model1
4	+	model1
-132	+	model1
-25	+	model1
-80	+	model1
-33	+	model1
-33	+	model1
35	+	model1
-1	+	model1
5	+	model1
-75	+	model1
-44	+	model1
-69	+	model1
70	-	model1
6	-	model1
-23	+	model1
0	+	model1
0	+	model1
-31	+	model1
-169	+	model1
-2	-	model1
7	-	model1
187	-	model1
2	-	model1
18	-	model1
-65	-	model1
2	-	model1
-147	+	model1
-8	+	model1
-81	+	model1
-81	+	model1
107	-	model1
107	-	model1
107	-	model1
107	-	model1
107	-	model1
107	-	model1
45	-	model1
-22	-	model1
-22	-	model1
-22	-	model1
-1	-	model1
-1	-	model1
-1	-	model1
-82	+	model1
32	+	model1
-98	+	model1
5	+	model1
1	+	model1
2	+	model1
6	+	model1
6	+	model1
-2	+	model1
0	+	model1
0	+	model1
38	+	model1
10	+	model1
132	+	model1
-16	+	model1
-170	+	model1
3	+	model1
-62	+	model1
-20	-	model1
-20	-	model1
42	-	model1
36	-	model1
1	-	model1
-22	-	model1
-18	-	model1
140	-	model1
108	-	model1
-55	-	model1
-2	-	model1
170	-	model1
-155	+	model1
-161	+	model1
-24	+	model1
-62	+	model1
-249	+	model1
-40	+	model1
-74	+	model1
21	+	model1
57	+	model1
-47	+	model1
-47	+	model1
-45	+	model1
-14	+	model1
-3	+	model1
6	+	model1
-83	+	model1
-23	-	model1
6	-	model1
25	-	model1
-43	-	model1
-19	-	model1
5	-	model1
-85	+	model1
79	+	model1
-103	+	model1
-22	+	model1
2	+	model1
0	+	model1
-86	+	model1
-11	-	model1
-5	-	model1
-49	-	model1
-9	-	model1
-99	-	model1
9	-	model1
-26	-	model1
-255	-	model1
-6	-	model1
52	-	model1
-2	-	model1
-70	+	model1
-21	+	model1
-81	+	model1
-81	+	model1
-9	-	model1
93	-	model1
8	-	model1
60	-	model1
107	-	model1
107	-	model1
107	-	model1
107	-	model1
107	-	model1
107	-	model1
-25	-	model1
-25	-	model1
4	-	model1
13	-	model1
18	-	model1
-16	-	model1
8	-	model1
2	-	model1
63	-	model1
63	-	model1
72	-	model1
39	-	model1
-22	-	model1
-22	-	model1
-22	-	model1
-1	-	model1
-1	-	model1
-1	-	model1
-1	-	model1
-1	-	model1
-229	+	model1
176	+	model1
-167	+	model1
-144	+	model1
-82	+	model1
117	+	model1
32	+	model1
-98	+	model1
5	+	model1
-18	+	model1
7	-	model1
187	-	model1
187	-	model1
2	-	model1
18	-	model1
17	-	model1
-65	-	model1
-65	-	model1
152	-	model1
209	-	model1
18	-	model1
2	-	model1
-51	+	model1
-147	+	model1
-292	+	model1
-292	+	model1
-13	+	model1
1	+	model1
1	+	model1
1	+	model1
1	+	model1
8	+	model1
-4	+	model1
-68	+	model1
-13	+	model1
-41	+	model1
-41	+	model1
84	+	model1
84	+	model1
-163	+	model1
-163	+	model1
-50	+	model1
-36	+	model1
-149	+	model1
-81	+	model1
12	+	model1
-111	+	model1
-111	+	model1
-111	+	model1
20	+	model1
3	-	model1
19	+	model1
157	-	model1
-71	-	model1
-11	-	model1
-45	-	model1
-3	-	model1
-87	-	model1
-5	-	model1
-5	-	model1
-110	-	model1
-15	-	model1
50	-	model1
80	-	model1
142	-	model1
138	-	model1
51	-	model1
20	-	model1
107	-	model1
-8	-	model1
83	-	model1
51	-	model1
44	-	model1
44	-	model1
125	-	model1
112	-	model1
-16	-	model1
29	-	model1
55	-	model1
55	-	model1
-38	-	model1
-9	-	model1
-12	-	model1
-12	-	model1
21	-	model1
141	-	model1
-25	+	model1
-92	+	model1
-105	+	model1
-105	+	model1
-105	+	model1
-4	-	model1
-75	+	model1
-55	+	model1
-55	+	model1
-134	+	model1
128	+	model1
128	+	model1
4	+	model1
-132	+	model1
-25	+	model1
-10	+	model1
35	+	model1
-25	-	model1
5	+	model1
-75	+	model1
-44	+	model1
-69	+	model1
35	+	model1
3	+	model1
37	+	model1
-1	+	model1
-46	+	model1
-43	+	model1
-67	+	model1
-12	+	model1
-7	+	model1
-7	+	model1
-177	+	model1
-177	+	model1
-33	+	model1
-18	+	model1
-16	-	model1
-53	+	model1
-54	+	model1
15	+	model1
35	+	model1
1	+	model1
1	+	model1
-179	+	model1
-1	+	model1
14	+	model1
-12	+	model1
-177	+	model1
-177	+	model1
111	-	model1
-5	-	model1
-4	-	model1
-23	-	model1
24	-	model1
96	-	model1
-3	-	model1
121	-	model1
-36	-	model1
-1	-	model1
-109	+	model1
-22	+	model1
1	+	model1
1	+	model1
0	+	model1
46	+	model1
-62	+	model1
-62	+	model1
-17	+	model1
66	+	model1
-46	+	model1
-47	+	model1
-46	+	model1
-83	+	model1
70	+	model1
-64	+	model1
-31	-	model1
-68	+	model1
-121	+	model1
-12	+	model1
-50	+	model1
-10	+	model1
-75	+	model1
-164	+	model1
-189	+	model1
-189	+	model1
-1	+	model1
-1	+	model1
-12	+	model1
108	-	model1
108	-	model1
-21	-	model1
-28	-	model1
168	-	model1
146	-	model1
-8	-	model1
182	-	model1
182	-	model1
40	-	model1
28	-	model1
28	-	model1
55	-	model1
178	-	model1
26	-	model1
88	-	model1
-4	-	model1
82	-	model1
-27	-	model1
100	-	model1
48	-	model1
58	-	model1
250	-	model1
-62	-	model1
-16	-	model1
-64	+	model1
-15	-	model1
-292	+	model1
13	+	model1
-2	+	model1
-55	+	model1
-91	+	model1
-11	+	model1
-11	+	model1
-19	+	model1
-19	+	model1
-19	+	model1
-19	+	model1
123	+	model1
123	+	model1
-36	+	model1
-30	+	model1
0	+	model1
37	+	model1
37	+	model1
1	+	model1
-21	+	model1
-34	+	model1
5	+	model1
90	+	model1
-16	+	model1
-42	+	model1
-42	+	model1
-42	+	model1
-42	+	model1
-4	+	model1
-82	+	model1
-3	+	model1
-71	+	model1
-33	+	model1
-33	+	model1
-33	+	model1
-33	+	model1
-22	+	model1
-112	+	model1
-115	+	model1
-176	+	model1
1	-	model1
7	-	model1
233	-	model1
-27	-	model1
32	-	model1
-23	-	model1
77	-	model1
151	-	model1
151	-	model1
-5	-	model1
-11	-	model1
91	-	model1
76	-	model1
-17	+	model1
-128	+	model1
-2	-	model1
-56	+	model1
-12	+	model1
-12	+	model1
-35	+	model1
-119	+	model1
-280	+	model1
-280	+	model1
-193	+	model1
-19	+	model1
-27	+	model1
-7	+	model1
6	+	model1
-3	+	model1
-1	+	model1
4	+	model1
1	+	model1
1	+	model1
0	+	model1
-17	+	model1
-17	+	model1
66	+	model1
-83	+	model1
-68	+	model1
-50	+	model1
-179	+	model1
-165	+	model1
-1	+	model1
-1	+	model1
-12	+	model1
-67	-	model1
81	-	model1
-21	-	model1
-16	-	model1
146	-	model1
88	-	model1
82	-	model1
-27	-	model1
100	-	model1
48	-	model1
58	-	model1
250	-	model1
-67	+	model1
-292	+	model1
-72	+	model1
-19	+	model1
-19	+	model1
-18	+	model1
-3	+	model1
-48	+	model1
0	+	model1
0	+	model1
-20	+	model1
2	+	model1
9	+	model1
-118	+	model1
-39	+	model1
-16	-	model1
12	-	model1
35	-	model1
228	-	model1
228	-	model1
-22	-	model1
2	-	model1
-14	-	model1
1	-	model1
-86	-	model1
88	-	model1
88	-	model1
88	-	model1
88	-	model1
48	-	model1
-19	-	model1
-19	-	model1
-19	-	model1
-19	-	model1
70	-	model1
70	-	model1
70	-	model1
70	-	model1
135	-	model1
-16	-	model1
18	-	model1
-71	-	model1
94	-	model1
83	-	model1
83	-	model1
83	-	model1
-85	-	model1
-85	-	model1
-140	-	model1
-37	-	model1
91	-	model1
14	+	model1
-1	+	model1
-119	+	model1
-115	+	model1
-91	+	model1
-53	+	model1
-53	+	model1
16	+	model1
0	+	model1
-205	+	model1
3	+	model1
114	+	model1
114	+	model1
-78	+	model1
-114	+	model1
-21	+	model1
-81	+	model1
-81	+	model1
-4	-	model1
8	-	model1
3	-	model1
3	-	model1
8	-	model1
41	-	model1
-27	-	model1
-27	-	model1
107	-	model1
107	-	model1
107	-	model1
107	-	model1
107	-	model1
107	-	model1
45	-	model1
18	-	model1
-6	-	model1
31	-	model1
31	-	model1
-55	-	model1
-114	-	model1
2	-	model1
2	-	model1
72	-	model1
20	-	model1
-2	-	model1
-22	-	model1
-22	-	model1
-22	-	model1
-1	-	model1
-1	-	model1
-1	-	model1
-1	-	model1
-1	-	model1
-1	-	model1
-1	-	model1
-1	-	model1
-1	-	model1
-432	+	model1
-1	+	model1
176	+	model1
-167	+	model1
-144	+	model1
-79	+	model1
4	+	model1
-98	+	model1
5	+	model1
-19	+	model1
-33	+	model1
-19	+	model1
-82	+	model1
-100	+	model1
-53	+	model1
-31	+	model1
12	-	model1
25	-	model1
-28	-	model1
64	-	model1
41	-	model1
-29	-	model1
47	-	model1
66	-	model1
39	-	model1
2	-	model1
33	-	model1
65	-	model1
-28	-	model1
-84	-	model1
4	-	model1
-29	-	model1
-38	-	model1
-16	-	model1
-24	-	model1
-86	-	model1
-1	-	model1
1	-	model1
-1	-	model1
-8	-	model1
-2	+	model1
-88	-	model1
-116	+	model1
-152	+	model1
-233	+	model1
30	+	model1
-98	+	model1
-83	+	model1
-25	+	model1
3	+	model1
2	+	model1
-1	+	model1
-72	+	model1
-1	+	model1
6	+	model1
-2	+	model1
0	+	model1
0	+	model1
0	+	model1
7	+	model1
7	+	model1
10	+	model1
-7	+	model1
-22	+	model1
132	+	model1
112	+	model1
-16	+	model1
-16	+	model1
-114	+	model1
-170	+	model1
-24	+	model1
-12	+	model1
-112	+	model1
3	+	model1
-72	+	model1
254	+	model1
-62	+	model1
-20	-	model1
-20	-	model1
-56	-	model1
42	-	model1
12	-	model1
-13	-	model1
3	-	model1
110	-	model1
140	-	model1
-10	-	model1
108	-	model1
47	-	model1
203	-	model1
115	-	model1
147	-	model1
-55	-	model1
-29	-	model1
-2	-	model1
170	-	model1
-8	-	model1
-24	+	model1
-62	+	model1
-40	+	model1
-68	+	model1
-24	+	model1
-8	+	model1
57	+	model1
170	+	model1
3	+	model1
3	+	model1
-47	+	model1
-45	+	model1
74	-	model1
3	+	model1
3	+	model1
-14	+	model1
0	+	model1
6	+	model1
2	+	model1
1	+	model1
-15	+	model1
17	+	model1
-6	+	model1
-12	-	model1
-12	-	model1
60	-	model1
60	-	model1
29	-	model1
86	-	model1
-46	-	model1
44	-	model1
22	-	model1
86	-	model1
-13	-	model1
-126	-	model1
-126	-	model1
0	+	model1
-1	+	model1
4	+	model1
4	+	model1
2	+	model1
1	+	model1
1	+	model1
0	+	model1
69	+	model1
51	+	model1
46	+	model1
-17	+	model1
66	+	model1
-46	+	model1
-83	+	model1
70	+	model1
-64	+	model1
-31	-	model1
-68	+	model1
-12	+	model1
-50	+	model1
-119	+	model1
-10	+	model1
-189	+	model1
-189	+	model1
-1	+	model1
-1	+	model1
-12	+	model1
-14	-	model1
24	-	model1
-34	+	model1
-22	-	model1
146	-	model1
-7	-	model1
-8	-	model1
182	-	model1
182	-	model1
-6	-	model1
40	-	model1
-22	-	model1
26	-	model1
88	-	model1
-4	-	model1
82	-	model1
58	-	model1
250	-	model1
-62	-	model1
-64	+	model1
-77	+	model1
-292	+	model1
-91	+	model1
-167	+	model1
-11	+	model1
-11	+	model1
-19	+	model1
-19	+	model1
59	+	model1
61	+	model1
61	+	model1
15	+	model1
62	+	model1
-76	+	model1
123	+	model1
123	+	model1
-44	+	model1
-30	+	model1
0	+	model1
37	+	model1
1	+	model1
5	+	model1
5	+	model1
-34	+	model1
-16	+	model1
-33	+	model1
-42	+	model1
-42	+	model1
-42	+	model1
-42	+	model1
-42	+	model1
-42	+	model1
253	+	model1
-71	+	model1
-33	+	model1
-33	+	model1
-33	+	model1
-33	+	model1
-33	+	model1
-33	+	model1
-33	+	model1
-33	+	model1
-33	+	model1
-33	+	model1
-22	+	model1
-94	+	model1
188	+	model1
1	-	model1
58	-	model1
53	-	model1
-1	+	model1
-56	+	model1
-95	+	model1
-35	+	model1
-119	+	model1
-280	+	model1
-280	+	model1
-7	+	model1
5	+	model1
-1	+	model1
4	+	model1
2	+	model1
0	+	model1
0	+	model1
0	+	model1
0	+	model1
0	+	model1
3	+	model1
1	+	model1
1	+	model1
1	+	model1
-74	+	model1
0	+	model1
64	+	model1
-49	+	model1
4	+	model1
221	+	model1
0	+	model1
16	+	model1
0	+	model1
0	+	model1
-26	+	model1
-38	+	model1
-32	+	model1
-1	+	model1
-1	+	model1
-15	+	model1
-15	+	model1
-55	+	model1
75	+	model1
75	+	model1
-158	+	model1
205	+	model1
205	+	model1
205	+	model1
17	+	model1
-93	+	model1
-78	+	model1
-88	+	model1
-346	+	model1
-163	+	model1
-14	+	model1
-14	+	model1
-6	+	model1
-41	+	model1
-253	+	model1
-253	+	model1
-189	+	model1
-189	+	model1
-29	+	model1
-146	+	model1
-33	+	model1
-6	-	model1
-80	+	model1
-80	+	model1
-116	+	model1
-3	-	model1
-3	-	model1
-99	+	model1
-97	-	model1
136	-	model1
5	-	model1
-10	-	model1
-3	-	model1
45	-	model1
-12	-	model1
-12	-	model1
-16	-	model1
-8	-	model1
6	-	model1
6	-	model1
59	-	model1
6	-	model1
6	-	model1
20	-	model1
43	-	model1
-56	-	model1
69	-	model1
-11	-	model1
272	-	model1
272	-	model1
34	-	model1
24	-	model1
74	-	model1
120	-	model1
206	-	model1
61	-	model1
203	-	model1
126	-	model1
126	-	model1
99	-	model1
136	-	model1
-26	-	model1
106	-	model1
62	-	model1
98	-	model1
21	-	model1
-17	-	model1
54	-	model1
54	-	model1
54	-	model1
108	-	model1
35	-	model1
55	-	model1
55	-	model1
10	-	model1
-5	-	model1
29	-	model1
168	-	model1
168	-	model1
86	-	model1
79	-	model1
79	-	model1
-18	-	model1
-18	-	model1
99	-	model1
-36	-	model1
-32	-	model1
44	-	model1
76	-	model1
-97	-	model1
-11	-	model1
39	-	model1
65	-	model1
273	-	model1
124	-	model1
0	-	model1
255	-	model1
-2	-	model1
-1	-	model1
-1	-	model1
0	+	model1
-157	+	model1
-79	+	model1
-286	+	model1
-127	+	model1
-164	+	model1
12	+	model1
-124	+	model1
-39	+	model1
-75	+	model1
-177	+	model1
-36	+	model1
-62	+	model1
-139	+	model1
4	+	model1
-26	+	model1
-26	+	model1
-26	+	model1
3	+	model1
4	+	model1
4	+	model1
4	+	model1
4	+	model1
2	+	model1
0	+	model1
-49	+	model1
-49	+	model1
-45	+	model1
2	+	model1
0	+	model1
0	+	model1
0	+	model1
-10	+	model1
-84	+	model1
-84	+	model1
0	+	model1
-106	+	model1
-27	+	model1
-55	+	model1
-9	+	model1
-151	+	model1
-61	-	model1
-282	-	model1
-282	-	model1
-101	-	model1
28	-	model1
46	-	model1
79	-	model1
-3	-	model1
-3	-	model1
-3	-	model1
2	-	model1
29	-	model1
-13	-	model1
-123	+	model1
-219	+	model1
-51	+	model1
35	+	model1
3	+	model1
-3	+	model1
1	+	model1
-179	+	model1
-1	+	model1
195	+	model1
-46	+	model1
14	+	model1
-12	+	model1
-177	+	model1
-177	+	model1
34	-	model1
-20	-	model1
111	-	model1
-5	-	model1
-4	-	model1
139	-	model1
-23	-	model1
96	-	model1
-3	-	model1
55	-	model1
121	-	model1
100	-	model1
-36	-	model1
-1	-	model1
5	+	model1
5	+	model1
-109	+	model1
131	+	model1
-22	+	model1
1	+	model1
-61	+	model1
-69	+	model1
-106	+	model1
-92	+	model1
88	-	model1
-15	-	model1
-26	-	model1
-46	-	model1
-46	-	model1
-146	+	model1
-24	-	model1
-156	+	model1
-27	-	model1
21	+	model1
-1	+	model1
0	+	model1
1	+	model1
-39	+	model1
-39	+	model1
12	+	model1
-34	+	model1
-16	+	model1
-196	+	model1
-196	+	model1
-197	+	model1
-197	+	model1
-42	+	model1
-42	+	model1
-42	+	model1
-42	+	model1
-33	+	model1
-33	+	model1
-33	+	model1
-33	+	model1
-139	+	model1
-142	+	model1
188	+	model1
1	-	model1
7	-	model1
-27	-	model1
32	-	model1
-23	-	model1
141	-	model1
151	-	model1
151	-	model1
72	-	model1
6	-	model1
6	-	model1
-1	+	model1
-56	+	model1
-12	+	model1
-12	+	model1
-35	+	model1
-119	+	model1
-280	+	model1
-280	+	model1
46	+	model1
-106	+	model1
-106	+	model1
-19	+	model1
-2	-	model1
-101	+	model1
-101	+	model1
-7	+	model1
4	+	model1
4	+	model1
0	+	model1
-1	+	model1
4	+	model1
2	+	model1
6	+	model1
-2	+	model1
0	+	model1
0	+	model1
38	+	model1
10	+	model1
-7	+	model1
132	+	model1
-16	+	model1
-170	+	model1
-60	+	model1
-54	+	model1
-112	+	model1
-16	+	model1
-18	-	model1
-62	+	model1
-62	+	model1
-20	-	model1
-20	-	model1
-56	-	model1
42	-	model1
-35	-	model1
1	-	model1
1	-	model1
214	-	model1
-22	-	model1
66	-	model1
-18	-	model1
142	-	model1
140	-	model1
57	-	model1
37	-	model1
68	-	model1
-22	-	model1
47	-	model1
44	-	model1
64	-	model1
4	-	model1
-29	-	model1
-29	-	model1
-2	-	model1
170	-	model1
75	-	model1
5	+	model1
-80	+	model1
-34	+	model1
-8	+	model1
57	+	model1
-47	+	model1
-45	+	model1
3	+	model1
3	+	model1
6	+	model1
-82	+	model1
-10	-	model1
-11	-	model1
66	-	model1
2	-	model1
33	-	model1
-19	-	model1
-29	-	model1
-7	-	model1
-24	-	model1
-1	-	model1
-1	-	model1
91	-	model1
-2	+	model1
-88	-	model1
-98	+	model1
-44	+	model1
-52	+	model1
3	+	model1
1	+	model1
221	+	model1
-86	+	model1
-15	+	model1
-15	+	model1
-55	+	model1
75	+	model1
75	+	model1
-29	+	model1
-117	+	model1
-346	+	model1
-11	-	model1
-12	-	model1
-12	-	model1
0	-	model1
-11	-	model1
22	-	model1
-17	-	model1
-5	-	model1
29	-	model1
86	-	model1
-11	-	model1
94	-	model1
44	-	model1
44	-	model1
-11	-	model1
-125	+	model1
-1	-	model1
0	+	model1
-164	+	model1
-51	+	model1
-75	+	model1
21	+	model1
-1	+	model1
4	+	model1
4	+	model1
-53	+	model1
1	+	model1
1	+	model1
2	+	model1
4	+	model1
4	+	model1
-1	+	model1
-1	+	model1
5	+	model1
0	+	model1
0	+	model1
0	+	model1
0	+	model1
30	+	model1
30	+	model1
0	+	model1
37	+	model1
37	+	model1
1	+	model1
5	+	model1
25	+	model1
5	+	model1
-90	+	model1
-113	+	model1
0	+	model1
-14	+	model1
126	+	model1
17	+	model1
-2	+	model1
-34	+	model1
92	+	model1
92	+	model1
90	+	model1
-16	+	model1
4	+	model1
-21	+	model1
78	+	model1
24	+	model1
-56	+	model1
-56	+	model1
-1	+	model1
-8	+	model1
-2	+	model1
4	+	model1
4	+	model1
4	+	model1
-1	-	model1
-42	+	model1
-42	+	model1
-42	+	model1
-42	+	model1
-57	+	model1
-57	+	model1
-156	+	model1
51	+	model1
-14	+	model1
-3	+	model1
-3	+	model1
-33	+	model1
-33	+	model1
-33	+	model1
-33	+	model1
-33	+	model1
-33	+	model1
-33	+	model1
-33	+	model1
-120	+	model1
-120	+	model1
-120	+	model1
-43	+	model1
-78	+	model1
-22	+	model1
-243	+	model1
-243	+	model1
20	+	model1
20	+	model1
-13	+	model1
-13	+	model1
-115	+	model1
-53	+	model1
-9	+	model1
-77	+	model1
-99	+	model1
-99	+	model1
-14	+	model1
-126	+	model1
-126	+	model1
188	+	model1
-164	+	model1
1	-	model1
-102	+	model1
-31	-	model1
-8	-	model1
33	-	model1
33	-	model1
62	-	model1
62	-	model1
28	-	model1
-33	-	model1
15	-	model1
5	-	model1
5	-	model1
69	-	model1
-12	-	model1
3	-	model1
3	-	model1
198	-	model1
41	-	model1
41	-	model1
41	-	model1
-27	-	model1
99	-	model1
64	-	model1
122	-	model1
6	-	model1
6	-	model1
-21	-	model1
149	-	model1
-125	-	model1
-68	-	model1
-68	-	model1
-40	-	model1
-40	-	model1
31	-	model1
31	-	model1
113	-	model1
25	-	model1
34	-	model1
34	-	model1
34	-	model1
-23	-	model1
122	-	model1
-145	-	model1
-145	-	model1
-145	-	model1
23	-	model1
11	-	model1
77	-	model1
26	-	model1
151	-	model1
151	-	model1
166	-	model1
166	-	model1
166	-	model1
166	-	model1
166	-	model1
166	-	model1
166	-	model1
166	-	model1
-11	-	model1
99	-	model1
-5	-	model1
173	-	model1
118	-	model1
72	-	model1
225	-	model1
76	-	model1
6	-	model1
78	-	model1
-5	-	model1
-6	-	model1
-122	+	model1
9	+	model1
9	+	model1
-132	+	model1
-132	+	model1
61	-	model1
-6	+	model1
-1	-	model1
-181	+	model1
-181	+	model1
-134	+	model1
-130	+	model1
-56	+	model1
-207	+	model1
-207	+	model1
-29	+	model1
-35	+	model1
-119	+	model1
-24	+	model1
63	+	model1
-280	+	model1
-280	+	model1
-193	+	model1
46	+	model1
46	+	model1
-1	-	model1
-1	-	model1
-93	+	model1
5	+	model1
-217	+	model1
-34	-	model1
-39	+	model1
-2	-	model1
4	+	model1
4	+	model1
-9	+	model1
-9	+	model1
-9	+	model1
-85	+	model1
-85	+	model1
19	+	model1
-10	+	model1
-39	+	model1
-7	+	model1
17	+	model1
-35	-	model1
-1	+	model1
-28	+	model1
-28	+	model1
-28	+	model1
-28	+	model1
-27	+	model1
14	+	model1
33	+	model1
33	+	model1
-44	+	model1
13	+	model1
6	+	model1
6	+	model1
5	+	model1
-3	+	model1
-3	+	model1
-3	+	model1
-29	+	model1
-29	+	model1
-33	+	model1
-1	+	model1
4	+	model1
-1	+	model1
-1	+	model1
35	+	model1
1	+	model1
-12	+	model1
-177	+	model1
-177	+	model1
-18	+	model1
5	+	model1
111	-	model1
-5	-	model1
-4	-	model1
139	-	model1
84	-	model1
17	-	model1
-1	-	model1
5	+	model1
5	+	model1
-252	+	model1
-1	-	model1
187	+	model1
15	+	model1
-83	+	model1
-84	+	model1
12	+	model1
-30	+	model1
-192	+	model1
54	-	model1
167	-	model1
-36	-	model1
-36	-	model1
156	-	model1
-5	-	model1
-5	-	model1
32	-	model1
14	-	model1
14	-	model1
50	-	model1
0	-	model1
20	-	model1
-2	+	model1
-184	+	model1
-39	+	model1
-3	+	model1
-3	+	model1
-26	-	model1
2	+	model1
0	+	model1
-39	+	model1
-49	+	model1
-49	+	model1
-49	+	model1
5	+	model1
2	+	model1
-34	+	model1
-3	+	model1
0	+	model1
0	+	model1
0	+	model1
-1	-	model1
-4	+	model1
-10	+	model1
-47	+	model1
-186	+	model1
-106	+	model1
-116	+	model1
-55	+	model1
-132	+	model1
11	+	model1
-151	+	model1
-121	+	model1
77	-	model1
-351	-	model1
-61	-	model1
-61	-	model1
-282	-	model1
-324	-	model1
-101	-	model1
28	-	model1
23	-	model1
47	-	model1
62	-	model1
38	-	model1
38	-	model1
58	-	model1
46	-	model1
84	-	model1
235	-	model1
-3	-	model1
-3	-	model1
-3	-	model1
9	-	model1
-31	-	model1
2	-	model1
29	-	model1
-13	-	model1
-47	-	model1
-22	-	model1
0	-	model1
-8	-	model1
-123	+	model1
75	-	model1
-31	+	model1
-393	+	model1
-393	+	model1
-48	+	model1
14	+	model1
-21	+	model1
-219	+	model1
26	-	model1
-51	+	model1
3	+	model1
1	+	model1
221	+	model1
-15	+	model1
-15	+	model1
75	+	model1
75	+	model1
-29	+	model1
-188	-	model1
-12	-	model1
-12	-	model1
-7	-	model1
24	-	model1
190	-	model1
-5	-	model1
29	-	model1
29	-	model1
86	-	model1
86	-	model1
44	-	model1
44	-	model1
86	-	model1
-125	+	model1
-1	-	model1
-1	-	model1
0	+	model1
4	+	model1
1	+	model1
35	+	model1
3	+	model1
1	+	model1
37	+	model1
-1	+	model1
-46	+	model1
14	+	model1
14	+	model1
-67	+	model1
-177	+	model1
-18	+	model1
0	+	model1
0	+	model1
-113	+	model1
12	-	model1
12	-	model1
-20	-	model1
111	-	model1
139	-	model1
17	-	model1
92	-	model1
78	-	model1
100	-	model1
-54	+	model1
5	+	model1
-56	+	model1
-56	+	model1
-42	+	model1
-42	+	model1
-6	-	model1
-19	-	model1
0	-	model1
89	-	model1
-155	-	model1
101	-	model1
53	-	model1
53	-	model1
69	-	model1
69	-	model1
158	-	model1
-9	-	model1
-162	+	model1
-162	+	model1
-28	+	model1
0	+	model1
46	+	model1
-62	+	model1
-62	+	model1
-17	+	model1
-17	+	model1
66	+	model1
3	+	model1
-68	+	model1
-50	+	model1
-189	+	model1
-189	+	model1
-165	+	model1
-1	+	model1
-1	+	model1
-12	+	model1
205	-	model1
-21	-	model1
-16	-	model1
146	-	model1
-6	-	model1
40	-	model1
28	-	model1
1	-	model1
88	-	model1
82	-	model1
-27	-	model1
-3	-	model1
100	-	model1
48	-	model1
58	-	model1
250	-	model1
-67	+	model1
-292	+	model1
-41	+	model1
-19	+	model1
-19	+	model1
-18	+	model1
-48	+	model1
2	+	model1
2	+	model1
0	+	model1
0	+	model1
-20	+	model1
2	+	model1
5	+	model1
5	+	model1
15	+	model1
37	+	model1
-118	+	model1
-17	-	model1
12	-	model1
35	-	model1
228	-	model1
228	-	model1
-22	-	model1
2	-	model1
-86	-	model1
-10	-	model1
-10	-	model1
88	-	model1
88	-	model1
88	-	model1
88	-	model1
48	-	model1
-19	-	model1
-19	-	model1
-19	-	model1
-19	-	model1
70	-	model1
70	-	model1
70	-	model1
70	-	model1
135	-	model1
113	-	model1
113	-	model1
-23	-	model1
18	-	model1
94	-	model1
83	-	model1
83	-	model1
83	-	model1
-140	-	model1
-37	-	model1
-191	+	model1
14	+	model1
-1	+	model1
-115	+	model1
-91	+	model1
19	+	model1
-53	+	model1
-53	+	model1
-2	+	model1
0	+	model1
-205	+	model1
-205	+	model1
2	+	model1
2	+	model1
0	+	model1
0	+	model1
-20	+	model1
2	+	model1
5	+	model1
-11	+	model1
9	+	model1
29	+	model1
-118	+	model1
-118	+	model1
-39	+	model1
-17	-	model1
-16	-	model1
12	-	model1
35	-	model1
228	-	model1
228	-	model1
228	-	model1
228	-	model1
-22	-	model1
2	-	model1
-71	-	model1
-71	-	model1
1	-	model1
-86	-	model1
-10	-	model1
-10	-	model1
88	-	model1
88	-	model1
88	-	model1
88	-	model1
48	-	model1
-19	-	model1
-19	-	model1
-19	-	model1
-19	-	model1
70	-	model1
70	-	model1
70	-	model1
70	-	model1
-21	-	model1
135	-	model1
96	-	model1
96	-	model1
96	-	model1
96	-	model1
70	-	model1
-23	-	model1
-23	-	model1
-16	-	model1
97	-	model1
97	-	model1
97	-	model1
97	-	model1
-25	-	model1
18	-	model1
-71	-	model1
94	-	model1
83	-	model1
83	-	model1
83	-	model1
-85	-	model1
-85	-	model1
-140	-	model1
-37	-	model1
-191	+	model1
14	+	model1
-1	+	model1
-115	+	model1
-91	+	model1
-53	+	model1
-53	+	model1
16	+	model1
0	+	model1
-205	+	model1
5	+	model1
-46	+	model1
-42	+	model1
-193	+	model1
54	+	model1
-5	-	model1
-10	-	model1
26	-	model1
88	-	model1
87	-	model1
70	-	model1
2	+	model1
2	+	model1
1	+	model1
1	+	model1
1	+	model1
1	+	model1
-82	+	model1
-10	+	model1
4	+	model1
-1	+	model1
-1	+	model1
-22	+	model1
-52	+	model1
62	+	model1
-62	+	model1
-45	+	model1
-22	+	model1
38	+	model1
-69	+	model1
-97	+	model1
-39	+	model1
-39	+	model1
-34	+	model1
-106	+	model1
-146	+	model1
-3	+	model1
-88	+	model1
-71	+	model1
-190	+	model1
77	+	model1
77	+	model1
77	+	model1
77	+	model1
77	+	model1
-25	+	model1
-25	+	model1
-2	+	model1
88	-	model1
-113	+	model1
-113	+	model1
-113	+	model1
-113	+	model1
-15	-	model1
-124	+	model1
39	-	model1
144	-	model1
144	-	model1
-8	-	model1
74	-	model1
74	-	model1
111	-	model1
80	-	model1
-4	-	model1
109	-	model1
259	-	model1
54	-	model1
-43	-	model1
23	-	model1
28	-	model1
28	-	model1
17	-	model1
46	-	model1
46	-	model1
118	-	model1
84	-	model1
-148	-	model1
185	-	model1
208	-	model1
-17	-	model1
34	-	model1
-18	-	model1
-21	-	model1
-14	-	model1
-14	-	model1
-14	-	model1
-14	-	model1
-14	-	model1
-14	-	model1
-3	-	model1
-3	-	model1
-158	-	model1
52	-	model1
102	-	model1
102	-	model1
125	-	model1
-7	-	model1
-7	-	model1
72	-	model1
-1	-	model1
45	-	model1
-2	-	model1
162	-	model1
162	-	model1
-11	-	model1
78	-	model1
252	+	model1
139	-	model1
-1	-	model1
-146	+	model1
-24	-	model1
-94	+	model1
-7	+	model1
-210	+	model1
-73	+	model1
164	+	model1
164	+	model1
164	+	model1
-82	+	model1
55	+	model1
-32	+	model1
-32	+	model1
4	+	model1
3	+	model1
3	+	model1
-120	+	model1
-86	+	model1
-108	+	model1
-73	+	model1
-73	+	model1
-3	+	model1
-13	+	model1
62	+	model1
43	+	model1
-26	+	model1
-26	+	model1
-36	+	model1
-3	+	model1
-62	+	model1
99	-	model1
99	-	model1
67	-	model1
-15	-	model1
47	-	model1
72	-	model1
-209	+	model1
-1	+	model1
-1	+	model1
4	+	model1
-33	+	model1
2	+	model1
2	+	model1
1	+	model1
-14	+	model1
-15	+	model1
-15	+	model1
-15	+	model1
-100	+	model1
-117	+	model1
-88	+	model1
-101	+	model1
18	-	model1
-12	-	model1
-12	-	model1
154	-	model1
-11	-	model1
-17	-	model1
10	-	model1
-5	-	model1
29	-	model1
86	-	model1
-103	-	model1
44	-	model1
-11	-	model1
-1	-	model1
-13	-	model1
-50	+	model1
-126	-	model1
0	+	model1
44	+	model1
-171	+	model1
4	+	model1
2	+	model1
-49	+	model1
5	+	model1
2	+	model1
-3	+	model1
0	+	model1
-68	+	model1
-10	+	model1
61	+	model1
-186	+	model1
-148	+	model1
-106	+	model1
-116	+	model1
11	+	model1
-121	+	model1
-24	-	model1
77	-	model1
-351	-	model1
-61	-	model1
-282	-	model1
-324	-	model1
-101	-	model1
28	-	model1
47	-	model1
38	-	model1
58	-	model1
46	-	model1
-3	-	model1
-3	-	model1
-3	-	model1
-31	-	model1
2	-	model1
29	-	model1
-108	-	model1
0	-	model1
-8	-	model1
-123	+	model1
75	-	model1
49	+	model1
-21	+	model1
-219	+	model1
-184	+	model1
-40	+	model1
-51	+	model1
1	+	model1
-16	+	model1
-41	+	model1
88	-	model1
-15	-	model1
-4	-	model1
-158	-	model1
-26	-	model1
-6	-	model1
252	+	model1
-46	-	model1
-46	-	model1
-63	+	model1
21	+	model1
-1	+	model1
5	+	model1
0	+	model1
31	+	model1
-87	+	model1
-2	+	model1
-9	+	model1
-107	+	model1
106	+	model1
-160	+	model1
6	-	model1
52	-	model1
148	-	model1
-3	-	model1
-3	-	model1
231	-	model1
231	-	model1
-86	-	model1
-86	-	model1
-11	-	model1
-175	-	model1
-175	-	model1
-8	-	model1
-8	-	model1
-2	-	model1
-2	-	model1
-1	-	model1
-27	+	model1
-126	+	model1
83	+	model1
1	+	model1
5	+	model1
-16	+	model1
-61	+	model1
38	+	model1
-69	+	model1
-106	+	model1
-88	+	model1
-85	+	model1
-92	+	model1
88	-	model1
-15	-	model1
-8	-	model1
66	-	model1
-4	-	model1
-44	-	model1
159	-	model1
-14	-	model1
-158	-	model1
-9	-	model1
252	+	model1
-46	-	model1
-46	-	model1
-146	+	model1
-24	-	model1
-110	+	model1
-1	+	model1
27	+	model1
21	+	model1
-12	+	model1
-12	+	model1
-1	+	model1
-151	+	model1
-12	-	model1
-12	-	model1
32	-	model1
32	-	model1
-224	+	model1
-86	+	model1
-11	-	model1
-5	-	model1
-49	-	model1
-15	-	model1
-9	-	model1
-32	-	model1
0	-	model1
21	-	model1
-99	-	model1
-26	-	model1
-255	-	model1
-38	-	model1
-191	-	model1
-6	-	model1
52	-	model1
-17	-	model1
15	-	model1
-2	-	model1
91	-	model1
1	+	model1
-10	+	model1
-62	+	model1
-4	-	model1
-135	-	model1
-135	-	model1
-26	-	model1
35	-	model1
-6	-	model1
-46	-	model1
-46	-	model1
-63	+	model1
21	+	model1
-108	+	model1
1	+	model1
72	+	model1
-6	+	model1
3	+	model1
-93	+	model1
-25	-	model1
1	-	model1
63	-	model1
161	-	model1
60	-	model1
-34	-	model1
-78	-	model1
-5	-	model1
-156	+	model1
-170	+	model1
2	+	model1
1	+	model1
0	+	model1
0	+	model1
5	+	model1
-20	+	model1
5	+	model1
2	+	model1
99	-	model1
-27	+	model1
5	+	model1
6	+	model1
42	+	model1
24	+	model1
24	+	model1
24	+	model1
3	+	model1
-27	+	model1
-28	+	model1
-136	+	model1
165	+	model1
6	+	model1
24	+	model1
24	+	model1
-83	+	model1
9	+	model1
108	+	model1
-6	+	model1
-6	+	model1
58	+	model1
-16	+	model1
-44	+	model1
-150	+	model1
-216	+	model1
112	+	model1
18	+	model1
-153	+	model1
-153	+	model1
71	+	model1
-99	+	model1
-40	+	model1
-40	+	model1
-47	+	model1
-61	+	model1
64	-	model1
119	+	model1
-17	-	model1
142	-	model1
-17	-	model1
42	-	model1
40	-	model1
-16	-	model1
27	-	model1
59	-	model1
-28	-	model1
127	-	model1
127	-	model1
78	-	model1
85	-	model1
160	-	model1
-10	-	model1
7	-	model1
-4	-	model1
35	-	model1
-22	-	model1
98	-	model1
2	-	model1
119	-	model1
33	-	model1
-29	-	model1
1	-	model1
-56	-	model1
-86	-	model1
-23	-	model1
6	-	model1
6	-	model1
51	-	model1
69	-	model1
96	-	model1
-32	-	model1
89	-	model1
88	-	model1
88	-	model1
88	-	model1
88	-	model1
48	-	model1
-19	-	model1
-19	-	model1
-19	-	model1
-19	-	model1
-53	-	model1
146	-	model1
61	-	model1
-137	-	model1
70	-	model1
70	-	model1
70	-	model1
70	-	model1
-18	-	model1
134	-	model1
-26	-	model1
15	-	model1
34	-	model1
135	-	model1
255	-	model1
-6	-	model1
-28	-	model1
49	-	model1
-3	-	model1
-30	-	model1
-16	-	model1
28	-	model1
28	-	model1
8	-	model1
96	-	model1
77	-	model1
77	-	model1
40	-	model1
43	-	model1
91	-	model1
91	-	model1
-71	-	model1
83	-	model1
83	-	model1
30	-	model1
70	-	model1
70	-	model1
9	-	model1
-37	-	model1
-66	+	model1
-73	+	model1
-192	+	model1
-192	+	model1
-169	+	model1
-169	+	model1
-74	+	model1
-191	+	model1
-81	+	model1
14	+	model1
-21	+	model1
-59	+	model1
-1	+	model1
-23	+	model1
56	+	model1
-119	+	model1
-115	+	model1
-138	+	model1
-14	+	model1
-68	+	model1
-142	+	model1
-21	+	model1
-85	+	model1
-30	+	model1
-30	+	model1
-53	+	model1
19	+	model1
16	+	model1
34	+	model1
-2	+	model1
0	+	model1
-24	+	model1
-9	+	model1
-9	+	model1
6	+	model1
37	+	model1
-46	+	model1
-64	+	model1
0	+	model1
-205	+	model1
-205	+	model1
4	+	model1
-28	-	model1
72	+	model1
3	+	model1
-18	-	model1
-25	-	model1
1	-	model1
8	-	model1
63	-	model1
96	-	model1
57	-	model1
43	-	model1
37	-	model1
-103	-	model1
255	-	model1
-34	-	model1
-78	-	model1
-5	-	model1
57	-	model1
-156	+	model1
-170	+	model1
42	+	model1
-20	+	model1
5	+	model1
9	+	model1
-17	-	model1
118	-	model1
118	-	model1
84	-	model1
84	-	model1
7	-	model1
35	-	model1
1	-	model1
-86	-	model1
-10	-	model1
-10	-	model1
48	-	model1
135	-	model1
55	-	model1
36	-	model1
36	-	model1
-6	-	model1
-20	-	model1
40	-	model1
105	-	model1
105	-	model1
83	-	model1
83	-	model1
-85	-	model1
-85	-	model1
1	-	model1
-37	-	model1
-191	+	model1
-85	+	model1
-1	+	model1
-31	+	model1
-91	+	model1
-53	+	model1
-53	+	model1
0	+	model1
-205	+	model1
-205	+	model1
-36	+	model1
1	+	model1
32	+	model1
6	+	model1
8	+	model1
6	+	model1
27	+	model1
-74	+	model1
-74	+	model1
42	-	model1
41	-	model1
3	-	model1
-22	-	model1
-336	-	model1
-336	-	model1
-336	-	model1
-336	-	model1
-380	-	model1
-380	-	model1
-380	-	model1
-380	-	model1
133	-	model1
133	-	model1
98	-	model1
1	-	model1
1	-	model1
88	-	model1
-4	-	model1
30	-	model1
99	-	model1
-7	-	model1
-2	-	model1
-3	-	model1
-3	-	model1
-8	+	model1
-8	+	model1
-61	+	model1
-1	-	model1
-38	+	model1
-1	+	model1
-65	+	model1
12	+	model1
-1	+	model1
-19	+	model1
-21	+	model1
-33	+	model1
-82	+	model1
-26	+	model1
-197	+	model1
-53	+	model1
-27	+	model1
-25	+	model1
-140	+	model1
-31	+	model1
12	-	model1
25	-	model1
41	-	model1
-29	-	model1
66	-	model1
2	-	model1
33	-	model1
65	-	model1
-28	-	model1
144	-	model1
25	-	model1
-29	-	model1
-38	-	model1
-24	-	model1
-86	-	model1
-1	-	model1
1	-	model1
-1	-	model1
-8	-	model1
-2	+	model1
-88	-	model1
-116	+	model1
-152	+	model1
-234	+	model1
-233	+	model1
30	+	model1
-98	+	model1
-19	+	model1
-84	+	model1
-82	+	model1
12	-	model1
-29	-	model1
2	-	model1
33	-	model1
65	-	model1
-29	-	model1
-38	-	model1
108	-	model1
-16	-	model1
-24	-	model1
-86	-	model1
-86	-	model1
-1	-	model1
-1	-	model1
-8	-	model1
-2	+	model1
-88	-	model1
-98	+	model1
-83	+	model1
-175	+	model1
212	+	model1
3	+	model1
-30	+	model1
1	+	model1
6	+	model1
6	+	model1
5	+	model1
-22	+	model1
-49	+	model1
-93	+	model1
-93	+	model1
142	+	model1
-168	+	model1
-168	+	model1
-311	+	model1
123	-	model1
-69	-	model1
-47	-	model1
-1	-	model1
-222	+	model1
-56	+	model1
-92	+	model1
-92	+	model1
-52	+	model1
-72	+	model1
-72	+	model1
15	+	model1
-49	+	model1
-84	+	model1
12	+	model1
-12	+	model1
-30	+	model1
-13	+	model1
-48	+	model1
-192	+	model1
54	-	model1
-195	+	model1
167	-	model1
-36	-	model1
-36	-	model1
-36	-	model1
-5	-	model1
47	-	model1
32	-	model1
72	-	model1
55	-	model1
50	-	model1
0	-	model1
0	-	model1
4	-	model1
96	-	model1
20	-	model1
99	-	model1
-123	+	model1
-178	+	model1
-85	+	model1
-13	+	model1
-39	+	model1
-3	+	model1
3	+	model1
3	+	model1
17	+	model1
19	+	model1
2	+	model1
-56	+	model1
-82	+	model1
-140	+	model1
-34	+	model1
-10	-	model1
-4	-	model1
-29	-	model1
-29	-	model1
-11	-	model1
66	-	model1
2	-	model1
33	-	model1
-28	-	model1
56	-	model1
-19	-	model1
-29	-	model1
-38	-	model1
-1	-	model1
-1	-	model1
-2	+	model1
-88	-	model1
30	+	model1
-98	+	model1
44	+	model1
-166	+	model1
0	+	model1
-2	-	model1
2	-	model1
18	-	model1
-65	-	model1
-65	-	model1
45	-	model1
18	-	model1
-8	+	model1
-165	+	model1
32	+	model1
1	+	model1
2	+	model1
-19	+	model1
3	+	model1
-10	+	model1
-157	+	model1
-157	+	model1
-2	+	model1
-160	+	model1
-31	+	model1
-84	+	model1
0	+	model1
-16	+	model1
-89	+	model1
-130	+	model1
-130	+	model1
-27	+	model1
46	+	model1
46	+	model1
4	+	model1
4	+	model1
-74	+	model1
-83	+	model1
-83	+	model1
54	+	model1
54	+	model1
-189	+	model1
30	-	model1
-31	+	model1
-88	+	model1
-19	-	model1
10	-	model1
146	-	model1
-24	-	model1
1	-	model1
51	-	model1
-27	-	model1
8	-	model1
8	-	model1
-142	-	model1
-142	-	model1
-142	-	model1
-142	-	model1
22	-	model1
62	-	model1
171	-	model1
28	-	model1
75	-	model1
9	-	model1
119	-	model1
-16	-	model1
108	-	model1
127	-	model1
113	-	model1
113	-	model1
-8	-	model1
156	-	model1
13	-	model1
118	-	model1
-67	-	model1
100	-	model1
216	-	model1
61	-	model1
61	-	model1
88	-	model1
87	-	model1
5	-	model1
5	-	model1
94	-	model1
61	-	model1
1	-	model1
0	-	model1
4	-	model1
173	-	model1
70	-	model1
-82	+	model1
-20	+	model1
1	-	model1
-175	+	model1
-2	-	model1
-223	+	model1
-72	+	model1
-131	+	model1
-141	+	model1
-17	+	model1
-101	+	model1
93	+	model1
93	+	model1
93	+	model1
-96	+	model1
-142	+	model1
-66	+	model1
-66	+	model1
-45	+	model1
-72	+	model1
15	+	model1
-84	+	model1
12	+	model1
12	+	model1
-30	+	model1
-142	+	model1
-13	+	model1
4	+	model1
-136	+	model1
-192	+	model1
54	-	model1
-195	+	model1
167	-	model1
-7	-	model1
-36	-	model1
-36	-	model1
-36	-	model1
1	-	model1
-5	-	model1
32	-	model1
32	-	model1
4	-	model1
55	-	model1
50	-	model1
0	-	model1
0	-	model1
20	-	model1
-90	-	model1
-123	+	model1
-85	+	model1
-13	+	model1
2	+	model1
-39	+	model1
-3	+	model1
3	+	model1
-46	-	model1
6	-	model1
55	-	model1
12	-	model1
27	-	model1
-103	+	model1
-22	+	model1
54	+	model1
54	+	model1
88	-	model1
87	-	model1
72	+	model1
28	+	model1
-50	+	model1
3	+	model1
-32	+	model1
1	-	model1
-66	-	model1
40	-	model1
63	-	model1
-78	-	model1
-27	-	model1
-10	-	model1
-156	+	model1
-4	+	model1
-62	+	model1
16	+	model1
16	+	model1
-81	+	model1
-81	+	model1
-9	-	model1
-4	-	model1
3	-	model1
3	-	model1
8	-	model1
107	-	model1
107	-	model1
107	-	model1
107	-	model1
107	-	model1
107	-	model1
-25	-	model1
71	-	model1
-16	-	model1
-6	-	model1
31	-	model1
31	-	model1
2	-	model1
-2	-	model1
-22	-	model1
-22	-	model1
-22	-	model1
-1	-	model1
-1	-	model1
-1	-	model1
-1	-	model1
-1	-	model1
-1	-	model1
-1	-	model1
-1	-	model1
-1	-	model1
-82	+	model1
3	+	model1
32	+	model1
32	+	model1
-98	+	model1
-98	+	model1
5	+	model1
-109	+	model1
54	+	model1
-10	-	model1
88	-	model1
87	-	model1
-82	+	model1
1	+	model1
-6	+	model1
5	+	model1
-125	+	model1
-56	+	model1
-56	+	model1
-42	+	model1
-42	+	model1
-189	+	model1
-19	-	model1
-12	-	model1
6	-	model1
38	-	model1
89	-	model1
-155	-	model1
-5	-	model1
53	-	model1
53	-	model1
88	-	model1
69	-	model1
157	-	model1
70	-	model1
158	-	model1
158	-	model1
158	-	model1
86	-	model1
83	-	model1
-49	-	model1
-49	-	model1
-69	+	model1
-28	+	model1
-35	+	model1
1	+	model1
-1	+	model1
-1	+	model1
-1	+	model1
-85	+	model1
-13	+	model1
62	+	model1
0	+	model1
-185	+	model1
43	+	model1
6	+	model1
154	+	model1
154	+	model1
154	+	model1
-11	+	model1
58	+	model1
58	+	model1
-26	+	model1
-36	+	model1
-49	+	model1
-47	+	model1
-4	+	model1
-30	+	model1
-46	+	model1
-46	+	model1
-46	+	model1
-91	+	model1
8	+	model1
-149	+	model1
-149	+	model1
-83	+	model1
-113	+	model1
-62	+	model1
159	-	model1
46	-	model1
3	-	model1
-34	-	model1
-34	-	model1
14	-	model1
-20	-	model1
-20	-	model1
11	-	model1
-29	-	model1
2	-	model1
99	-	model1
32	-	model1
71	-	model1
-31	-	model1
-31	-	model1
85	-	model1
85	-	model1
36	-	model1
36	-	model1
-117	-	model1
81	-	model1
81	-	model1
73	-	model1
53	-	model1
51	-	model1
123	-	model1
99	-	model1
99	-	model1
43	-	model1
18	-	model1
30	-	model1
76	-	model1
76	-	model1
88	-	model1
4	-	model1
322	-	model1
322	-	model1
96	-	model1
28	-	model1
5	-	model1
17	-	model1
112	-	model1
-341	-	model1
67	-	model1
-15	-	model1
-104	-	model1
39	-	model1
47	-	model1
72	-	model1
72	-	model1
-1	-	model1
-1	-	model1
-197	+	model1
0	-	model1
-42	+	model1
-92	+	model1
-6	+	model1
-20	+	model1
-50	+	model1
-89	+	model1
-209	+	model1
-224	+	model1
-36	+	model1
-1	+	model1
-20	+	model1
-20	+	model1
-75	+	model1
7	+	model1
7	+	model1
36	+	model1
-198	+	model1
-44	+	model1
4	+	model1
-35	+	model1
-5	+	model1
4	+	model1
-33	+	model1
2	+	model1
1	+	model1
-6	+	model1
-125	+	model1
-56	+	model1
-56	+	model1
-40	+	model1
-42	+	model1
-42	+	model1
-136	+	model1
-136	+	model1
-19	-	model1
-12	-	model1
0	-	model1
-7	-	model1
-8	-	model1
6	-	model1
89	-	model1
214	-	model1
-155	-	model1
53	-	model1
53	-	model1
69	-	model1
158	-	model1
-9	-	model1
83	-	model1
-49	-	model1
34	-	model1
-28	+	model1
-159	+	model1
-35	+	model1
1	+	model1
1	+	model1
1	+	model1
1	+	model1
2	+	model1
-4	+	model1
-77	+	model1
24	+	model1
-3	+	model1
-104	+	model1
-41	+	model1
161	+	model1
-36	+	model1
-81	+	model1
12	+	model1
20	+	model1
19	+	model1
-57	+	model1
-11	-	model1
-5	-	model1
-5	-	model1
-110	-	model1
50	-	model1
3	-	model1
80	-	model1
51	-	model1
107	-	model1
17	-	model1
125	-	model1
112	-	model1
-16	-	model1
29	-	model1
288	-	model1
288	-	model1
-12	-	model1
-12	-	model1
284	-	model1
284	-	model1
141	-	model1
-92	+	model1
-4	-	model1
269	+	model1
4	+	model1
-44	+	model1
-69	+	model1
15	+	model1
-83	+	model1
-83	+	model1
-49	+	model1
-30	+	model1
-66	+	model1
-66	+	model1
-192	+	model1
54	-	model1
167	-	model1
75	-	model1
-36	-	model1
-36	-	model1
306	-	model1
32	-	model1
4	-	model1
50	-	model1
0	-	model1
-11	-	model1
20	-	model1
-2	+	model1
-123	+	model1
-85	+	model1
-4	+	model1
-13	+	model1
-26	-	model1
-79	+	model1
-87	+	model1
27	+	model1
-17	+	model1
0	+	model1
0	+	model1
106	+	model1
-229	+	model1
52	-	model1
-17	-	model1
148	-	model1
-63	-	model1
-22	-	model1
-86	-	model1
-86	-	model1
-86	-	model1
-22	-	model1
300	-	model1
-25	-	model1
53	-	model1
53	-	model1
59	-	model1
59	-	model1
-27	+	model1
-78	-	model1
179	+	model1
-49	+	model1
-13	+	model1
62	+	model1
43	+	model1
-36	+	model1
-15	+	model1
-62	+	model1
195	-	model1
46	-	model1
11	-	model1
2	-	model1
99	-	model1
247	-	model1
4	-	model1
4	-	model1
5	-	model1
67	-	model1
-15	-	model1
47	-	model1
-6	+	model1
-20	+	model1
-209	+	model1
-110	+	model1
-1	+	model1
4	+	model1
4	+	model1
-33	+	model1
2	+	model1
18	+	model1
72	+	model1
3	+	model1
-25	-	model1
1	-	model1
-66	-	model1
63	-	model1
19	-	model1
-27	-	model1
57	-	model1
57	-	model1
-156	+	model1
29	+	model1
5	+	model1
5	+	model1
35	+	model1
-19	-	model1
-12	-	model1
-138	-	model1
103	-	model1
-5	-	model1
53	-	model1
69	-	model1
158	-	model1
109	-	model1
81	-	model1
-49	-	model1
-49	-	model1
128	-	model1
-33	-	model1
-190	+	model1
-68	+	model1
-136	+	model1
-59	+	model1
-28	+	model1
18	+	model1
-159	+	model1
87	+	model1
1	+	model1
1	+	model1
0	+	model1
0	+	model1
-32	+	model1
0	+	model1
0	+	model1
-75	+	model1
21	+	model1
-140	+	model1
-40	+	model1
-40	+	model1
-12	-	model1
-12	-	model1
-12	-	model1
-139	+	model1
-82	+	model1
41	+	model1
26	+	model1
26	+	model1
-176	+	model1
-176	+	model1
-56	+	model1
-9	-	model1
-9	-	model1
-16	+	model1
-46	+	model1
82	+	model1
-27	+	model1
-151	+	model1
-151	+	model1
-12	+	model1
-224	+	model1
-224	+	model1
-226	+	model1
125	+	model1
-176	+	model1
3	-	model1
-13	-	model1
-103	+	model1
-86	+	model1
-11	-	model1
-7	-	model1
99	-	model1
-35	-	model1
64	-	model1
6	-	model1
-17	-	model1
0	-	model1
0	-	model1
-5	-	model1
-29	-	model1
-49	-	model1
-12	-	model1
-19	-	model1
0	-	model1
-48	-	model1
-162	-	model1
9	-	model1
237	-	model1
-15	-	model1
-9	-	model1
61	-	model1
-2	-	model1
-2	-	model1
-32	-	model1
135	-	model1
135	-	model1
135	-	model1
135	-	model1
-58	-	model1
61	-	model1
32	-	model1
0	-	model1
-128	-	model1
137	-	model1
-17	-	model1
12	-	model1
79	-	model1
71	-	model1
165	-	model1
21	-	model1
-5	-	model1
-99	-	model1
-117	-	model1
35	-	model1
35	-	model1
-10	-	model1
27	-	model1
85	-	model1
-26	-	model1
-255	-	model1
-29	-	model1
-12	-	model1
-12	-	model1
-18	-	model1
-38	-	model1
100	-	model1
-191	-	model1
-6	-	model1
80	-	model1
52	-	model1
-17	-	model1
15	-	model1
-2	-	model1
-2	-	model1
-345	+	model1
144	-	model1
30	-	model1
30	-	model1
-186	+	model1
-32	+	model1
-27	+	model1
-161	+	model1
-34	+	model1
-12	+	model1
35	+	model1
91	+	model1
339	+	model1
-136	+	model1
-16	+	model1
-16	+	model1
30	+	model1
-23	+	model1
-23	+	model1
180	+	model1
33	+	model1
-96	+	model1
-30	+	model1
-30	+	model1
158	+	model1
-34	+	model1
38	+	model1
-52	+	model1
-30	+	model1
-30	+	model1
-1	-	model1
28	+	model1
-46	+	model1
-46	+	model1
91	-	model1
91	-	model1
5	+	model1
5	+	model1
5	+	model1
-59	+	model1
-13	+	model1
43	+	model1
-26	+	model1
-26	+	model1
-36	+	model1
-4	+	model1
89	+	model1
-62	+	model1
195	-	model1
46	-	model1
11	-	model1
2	-	model1
27	-	model1
28	-	model1
81	-	model1
51	-	model1
125	-	model1
99	-	model1
99	-	model1
4	-	model1
4	-	model1
5	-	model1
67	-	model1
-15	-	model1
47	-	model1
-6	+	model1
-36	+	model1
-1	+	model1
19	+	model1
4	+	model1
-33	+	model1
2	+	model1
1	+	model1
5	+	model1
-2	+	model1
27	+	model1
-9	+	model1
67	-	model1
106	+	model1
-78	+	model1
-160	+	model1
-160	+	model1
-229	+	model1
6	-	model1
52	-	model1
148	-	model1
231	-	model1
-86	-	model1
-86	-	model1
-86	-	model1
-86	-	model1
20	-	model1
-22	-	model1
-27	+	model1
-78	-	model1
-126	+	model1
179	+	model1
83	+	model1
-49	+	model1
-128	+	model1
-128	+	model1
-83	+	model1
-44	+	model1
-84	+	model1
-311	+	model1
43	-	model1
42	-	model1
67	-	model1
67	-	model1
348	-	model1
-1	-	model1
-104	+	model1
-58	+	model1
-56	+	model1
-10	+	model1
-20	+	model1
5	+	model1
9	+	model1
12	-	model1
35	-	model1
-10	-	model1
-10	-	model1
88	-	model1
88	-	model1
88	-	model1
88	-	model1
48	-	model1
-19	-	model1
-19	-	model1
-19	-	model1
-19	-	model1
70	-	model1
70	-	model1
70	-	model1
70	-	model1
135	-	model1
-222	-	model1
-222	-	model1
40	-	model1
83	-	model1
83	-	model1
83	-	model1
-85	-	model1
-85	-	model1
-37	-	model1
-191	+	model1
-85	+	model1
14	+	model1
-31	+	model1
-76	+	model1
-91	+	model1
-53	+	model1
-53	+	model1
-9	+	model1
-9	+	model1
0	+	model1
-205	+	model1
-205	+	model1
54	+	model1
54	+	model1
-17	-	model1
-10	-	model1
88	-	model1
87	-	model1
93	+	model1
34	+	model1
-86	+	model1
-11	-	model1
-5	-	model1
-49	-	model1
-19	-	model1
-162	-	model1
-15	-	model1
-9	-	model1
-32	-	model1
32	-	model1
-99	-	model1
-255	-	model1
-29	-	model1
-18	-	model1
-38	-	model1
142	-	model1
-191	-	model1
-6	-	model1
52	-	model1
-17	-	model1
15	-	model1
-2	-	model1
-139	+	model1
124	+	model1
91	-	model1
91	-	model1
1	+	model1
5	+	model1
32	+	model1
164	+	model1
-16	+	model1
-16	+	model1
59	+	model1
-29	+	model1
-26	+	model1
-26	+	model1
-13	+	model1
-13	+	model1
8	+	model1
-168	+	model1
-74	+	model1
-74	+	model1
-39	+	model1
-39	+	model1
-15	-	model1
20	+	model1
-6	+	model1
-1	-	model1
26	-	model1
26	-	model1
137	-	model1
42	-	model1
-4	-	model1
41	-	model1
-336	-	model1
-380	-	model1
133	-	model1
133	-	model1
63	-	model1
-39	-	model1
98	-	model1
98	-	model1
0	-	model1
-4	-	model1
-24	-	model1
63	-	model1
23	-	model1
150	-	model1
167	-	model1
107	-	model1
107	-	model1
23	-	model1
11	-	model1
54	-	model1
146	-	model1
0	-	model1
99	-	model1
-64	-	model1
-7	-	model1
10	-	model1
57	-	model1
-2	-	model1
-3	-	model1
-3	-	model1
-327	+	model1
-8	+	model1
-8	+	model1
-2	-	model1
30	-	model1
-59	+	model1
-113	+	model1
-253	+	model1
-1	-	model1
25	+	model1
-104	+	model1
-100	+	model1
-100	+	model1
-149	+	model1
-1	-	model1
260	+	model1
38	+	model1
-38	+	model1
13	+	model1
-1	+	model1
-65	+	model1
-3	+	model1
12	+	model1
-1	+	model1
-9	-	model1
-13	+	model1
62	+	model1
43	+	model1
-26	+	model1
-26	+	model1
-36	+	model1
-46	+	model1
-3	+	model1
-62	+	model1
195	-	model1
3	-	model1
37	-	model1
81	-	model1
81	-	model1
51	-	model1
99	-	model1
99	-	model1
23	-	model1
67	-	model1
60	-	model1
-15	-	model1
47	-	model1
0	-	model1
-6	+	model1
-36	+	model1
-1	+	model1
-1	+	model1
4	+	model1
-33	+	model1
2	+	model1
58	+	model1
-113	+	model1
-311	+	model1
43	-	model1
67	-	model1
348	-	model1
-1	-	model1
-58	+	model1
-56	+	model1
1	+	model1
1	+	model1
1	+	model1
1	+	model1
1	+	model1
-107	+	model1
-142	-	model1
-6	+	model1
-29	-	model1
6	+	model1
0	+	model1
-44	+	model1
128	+	model1
5	+	model1
-21	+	model1
-162	+	model1
-141	+	model1
43	+	model1
43	+	model1
43	+	model1
32	+	model1
32	+	model1
113	+	model1
113	+	model1
113	+	model1
-83	+	model1
-141	+	model1
-141	+	model1
123	-	model1
136	-	model1
136	-	model1
127	-	model1
43	-	model1
25	-	model1
11	-	model1
-97	-	model1
-97	-	model1
-14	-	model1
-50	-	model1
-17	-	model1
-17	-	model1
-52	-	model1
-116	-	model1
-116	-	model1
169	-	model1
16	-	model1
185	-	model1
60	-	model1
106	-	model1
51	-	model1
48	-	model1
67	-	model1
67	-	model1
348	-	model1
95	-	model1
65	-	model1
264	-	model1
-5	-	model1
65	-	model1
-1	-	model1
-1	-	model1
-170	+	model1
135	+	model1
-54	+	model1
-139	+	model1
-139	+	model1
-83	+	model1
-83	+	model1
-83	+	model1
-116	+	model1
-58	+	model1
150	+	model1
4	+	model1
4	+	model1
-92	+	model1
-22	+	model1
-99	+	model1
-19	+	model1
33	+	model1
-27	+	model1
-12	-	model1
76	-	model1
-34	+	model1
-137	-	model1
3	+	model1
0	+	model1
35	+	model1
1	+	model1
37	+	model1
-179	+	model1
195	+	model1
-17	+	model1
-17	+	model1
63	+	model1
-103	+	model1
-12	+	model1
-177	+	model1
-177	+	model1
0	+	model1
0	+	model1
62	+	model1
-18	+	model1
-147	+	model1
-72	+	model1
5	+	model1
-20	-	model1
111	-	model1
-5	-	model1
-23	-	model1
39	-	model1
17	-	model1
96	-	model1
-72	-	model1
128	-	model1
55	-	model1
100	-	model1
-109	+	model1
-252	+	model1
-109	+	model1
162	+	model1
131	+	model1
19	+	model1
-22	+	model1
-54	+	model1
-185	+	model1
0	+	model1
-64	+	model1
-160	+	model1
-87	+	model1
-2	+	model1
-9	+	model1
-107	+	model1
-27	+	model1
106	+	model1
106	+	model1
52	-	model1
148	-	model1
-63	-	model1
123	-	model1
-3	-	model1
-3	-	model1
13	-	model1
231	-	model1
231	-	model1
-86	-	model1
-86	-	model1
-11	-	model1
-175	-	model1
-175	-	model1
-8	-	model1
-8	-	model1
-2	-	model1
-2	-	model1
46	-	model1
-104	+	model1
-129	+	model1
-27	+	model1
-78	-	model1
-126	+	model1
179	+	model1
83	+	model1
-128	+	model1
0	+	model1
-83	+	model1
-83	+	model1
1	+	model1
5	+	model1
32	+	model1
164	+	model1
-16	+	model1
-148	+	model1
-26	+	model1
-26	+	model1
8	+	model1
40	+	model1
107	+	model1
-74	+	model1
-7	+	model1
-6	+	model1
-1	-	model1
26	-	model1
26	-	model1
26	-	model1
26	-	model1
-12	-	model1
-81	-	model1
42	-	model1
-4	-	model1
41	-	model1
-336	-	model1
-380	-	model1
133	-	model1
133	-	model1
-39	-	model1
98	-	model1
98	-	model1
0	-	model1
-4	-	model1
63	-	model1
8	-	model1
54	-	model1
146	-	model1
99	-	model1
99	-	model1
41	-	model1
-64	-	model1
-7	-	model1
96	-	model1
-2	-	model1
-3	-	model1
-3	-	model1
-3	-	model1
85	-	model1
-327	+	model1
-253	+	model1
-100	+	model1
-100	+	model1
-1	-	model1
-38	+	model1
-1	+	model1
-65	+	model1
-3	+	model1
12	+	model1
-1	+	model1
1	+	model1
2	+	model1
5	+	model1
8	+	model1
0	+	model1
-4	+	model1
-77	+	model1
-68	+	model1
-13	+	model1
-104	+	model1
-41	+	model1
-50	+	model1
116	+	model1
-36	+	model1
-149	+	model1
-81	+	model1
74	+	model1
90	+	model1
12	+	model1
-111	+	model1
-111	+	model1
-111	+	model1
-111	+	model1
-111	+	model1
-111	+	model1
-111	+	model1
-111	+	model1
-111	+	model1
20	+	model1
3	-	model1
19	+	model1
157	-	model1
-57	+	model1
-11	-	model1
-24	-	model1
-3	-	model1
-18	-	model1
51	-	model1
184	-	model1
20	-	model1
107	-	model1
17	-	model1
249	-	model1
15	-	model1
51	-	model1
-75	-	model1
44	-	model1
12	-	model1
1	-	model1
125	-	model1
112	-	model1
-16	-	model1
29	-	model1
55	-	model1
-320	-	model1
41	-	model1
41	-	model1
-64	-	model1
-12	-	model1
-12	-	model1
284	-	model1
-9	-	model1
141	-	model1
-25	+	model1
-92	+	model1
-105	+	model1
-105	+	model1
-105	+	model1
-105	+	model1
-105	+	model1
-105	+	model1
-105	+	model1
-105	+	model1
-105	+	model1
-75	+	model1
-55	+	model1
-55	+	model1
-11	+	model1
-134	+	model1
-33	-	model1
-36	+	model1
-174	+	model1
128	+	model1
128	+	model1
-132	+	model1
-25	+	model1
-80	+	model1
-183	+	model1
-33	+	model1
-33	+	model1
35	+	model1
-1	+	model1
-75	+	model1
-44	+	model1
-69	+	model1
6	+	model1
6	+	model1
-93	+	model1
-93	+	model1
-311	+	model1
26	-	model1
-1	-	model1
-104	+	model1
-56	+	model1
-92	+	model1
-92	+	model1
-1	+	model1
0	+	model1
93	+	model1
1	+	model1
-21	+	model1
-21	+	model1
-34	+	model1
5	+	model1
90	+	model1
-42	+	model1
-42	+	model1
-42	+	model1
-42	+	model1
51	+	model1
-3	+	model1
-3	+	model1
-33	+	model1
-33	+	model1
-33	+	model1
-33	+	model1
-33	+	model1
-33	+	model1
-22	+	model1
-26	+	model1
-112	+	model1
-115	+	model1
-176	+	model1
-41	+	model1
107	+	model1
188	+	model1
1	-	model1
-15	-	model1
7	-	model1
3	-	model1
198	-	model1
-27	-	model1
-7	-	model1
-10	-	model1
32	-	model1
91	-	model1
58	-	model1
77	-	model1
151	-	model1
151	-	model1
151	-	model1
151	-	model1
84	-	model1
76	-	model1
32	-	model1
-1	+	model1
-56	+	model1
-12	+	model1
-12	+	model1
-76	+	model1
-76	+	model1
-35	+	model1
-119	+	model1
-280	+	model1
-280	+	model1
-27	+	model1
-27	+	model1
14	+	model1
-7	+	model1
-27	+	model1
13	+	model1
-3	+	model1
0	+	model1
-1	+	model1
4	+	model1
1	+	model1
1	+	model1
2	+	model1
2	+	model1
-1	+	model1
1	+	model1
1	+	model1
1	+	model1
5	+	model1
0	+	model1
-4	+	model1
32	+	model1
0	+	model1
164	+	model1
0	+	model1
-1	+	model1
6	+	model1
-72	+	model1
-71	+	model1
78	+	model1
-66	+	model1
-14	+	model1
19	+	model1
-18	+	model1
-29	+	model1
-26	+	model1
-26	+	model1
8	+	model1
-66	+	model1
-50	+	model1
159	+	model1
-206	+	model1
-162	+	model1
-162	+	model1
-83	+	model1
-83	+	model1
-26	+	model1
0	+	model1
-32	+	model1
107	+	model1
20	+	model1
27	+	model1
-168	+	model1
-380	+	model1
-380	+	model1
-74	+	model1
-74	+	model1
20	+	model1
-214	+	model1
-7	+	model1
-109	+	model1
-105	+	model1
-105	+	model1
-15	-	model1
-16	-	model1
-129	+	model1
-129	+	model1
-57	+	model1
20	+	model1
-6	+	model1
46	-	model1
46	-	model1
-1	-	model1
26	-	model1
26	-	model1
137	-	model1
-12	-	model1
-174	+	model1
-14	-	model1
-4	-	model1
12	-	model1
97	-	model1
-206	-	model1
3	-	model1
3	-	model1
126	-	model1
126	-	model1
126	-	model1
126	-	model1
126	-	model1
126	-	model1
-336	-	model1
-336	-	model1
-336	-	model1
81	-	model1
-380	-	model1
-380	-	model1
-380	-	model1
199	-	model1
39	-	model1
-119	-	model1
0	-	model1
3	-	model1
3	-	model1
3	-	model1
133	-	model1
133	-	model1
63	-	model1
-39	-	model1
73	-	model1
98	-	model1
98	-	model1
98	-	model1
7	-	model1
107	-	model1
0	-	model1
1	-	model1
1	-	model1
-4	-	model1
-52	-	model1
63	-	model1
-124	-	model1
-119	-	model1
154	-	model1
23	-	model1
23	-	model1
-37	-	model1
150	-	model1
150	-	model1
-11	-	model1
-11	-	model1
-11	-	model1
-11	-	model1
-11	-	model1
-11	-	model1
-11	-	model1
-11	-	model1
167	-	model1
167	-	model1
-25	-	model1
109	-	model1
109	-	model1
107	-	model1
107	-	model1
107	-	model1
107	-	model1
-342	-	model1
-342	-	model1
47	-	model1
54	-	model1
146	-	model1
112	-	model1
99	-	model1
-22	-	model1
-22	-	model1
99	-	model1
-64	-	model1
-4	-	model1
-4	-	model1
-23	-	model1
157	-	model1
-7	-	model1
10	-	model1
9	-	model1
10	-	model1
-27	-	model1
-27	-	model1
0	-	model1
-7	-	model1
-3	-	model1
-16	-	model1
-16	-	model1
-16	-	model1
-16	-	model1
-16	-	model1
-16	-	model1
103	-	model1
-2	-	model1
-7	-	model1
-7	-	model1
-3	-	model1
-3	-	model1
-3	-	model1
103	-	model1
-327	+	model1
51	-	model1
-8	+	model1
-8	+	model1
-61	+	model1
-33	+	model1
-33	+	model1
-38	+	model1
-38	+	model1
-46	+	model1
-46	+	model1
34	-	model1
-113	+	model1
-113	+	model1
-253	+	model1
3	-	model1
3	-	model1
3	-	model1
3	-	model1
3	-	model1
3	-	model1
25	+	model1
-59	+	model1
-59	+	model1
-104	+	model1
-101	+	model1
-101	+	model1
-149	+	model1
-56	+	model1
-1	-	model1
35	+	model1
-51	+	model1
6	+	model1
-81	+	model1
96	+	model1
-17	+	model1
-17	+	model1
-17	+	model1
-89	+	model1
-1	+	model1
-35	+	model1
6	+	model1
6	+	model1
-9	+	model1
-17	+	model1
-65	+	model1
36	+	model1
-3	+	model1
8	+	model1
12	+	model1
-1	+	model1
-9	-	model1
-3	+	model1
-23	+	model1
56	+	model1
5	+	model1
2	+	model1
-23	-	model1
6	-	model1
-43	-	model1
-19	-	model1
-103	+	model1
-22	+	model1
0	+	model1
-24	+	model1
-18	+	model1
-65	+	model1
-65	+	model1
-2	-	model1
7	-	model1
187	-	model1
2	-	model1
18	-	model1
174	-	model1
174	-	model1
44	-	model1
44	-	model1
-8	+	model1
-21	+	model1
-81	+	model1
-81	+	model1
29	-	model1
8	-	model1
107	-	model1
107	-	model1
107	-	model1
107	-	model1
107	-	model1
107	-	model1
4	-	model1
-16	-	model1
63	-	model1
-22	-	model1
-22	-	model1
-22	-	model1
-1	-	model1
-1	-	model1
-1	-	model1
176	+	model1
-167	+	model1
-144	+	model1
117	+	model1
117	+	model1
32	+	model1
-98	+	model1
5	+	model1
-33	+	model1
-34	+	model1
-34	+	model1
-46	-	model1
-23	-	model1
6	-	model1
-43	-	model1
12	-	model1
-19	-	model1
1	-	model1
76	-	model1
1	+	model1
0	+	model1
78	+	model1
3	+	model1
1	+	model1
4	+	model1
-15	+	model1
-15	+	model1
75	+	model1
75	+	model1
-29	+	model1
-117	+	model1
-163	+	model1
-12	-	model1
-12	-	model1
42	-	model1
154	-	model1
-11	-	model1
90	-	model1
-17	-	model1
35	-	model1
33	-	model1
-5	-	model1
29	-	model1
86	-	model1
-11	-	model1
-15	-	model1
-18	-	model1
-32	-	model1
44	-	model1
44	-	model1
69	-	model1
-44	-	model1
-125	+	model1
-1	-	model1
0	+	model1
-164	+	model1
-62	+	model1
21	+	model1
-1	+	model1
4	+	model1
-73	+	model1
-52	+	model1
-18	+	model1
-163	+	model1
-169	+	model1
7	-	model1
187	-	model1
2	-	model1
18	-	model1
17	-	model1
-65	-	model1
-65	-	model1
152	-	model1
209	-	model1
18	-	model1
-51	+	model1
-147	+	model1
-175	+	model1
0	+	model1
-8	+	model1
-292	+	model1
-292	+	model1
-13	+	model1
-13	+	model1
-4	+	model1
16	+	model1
16	+	model1
-11	+	model1
-58	+	model1
-81	+	model1
-81	+	model1
-9	-	model1
20	-	model1
3	-	model1
3	-	model1
107	-	model1
107	-	model1
107	-	model1
107	-	model1
107	-	model1
107	-	model1
-25	-	model1
1	-	model1
-16	-	model1
-6	-	model1
-6	-	model1
31	-	model1
31	-	model1
8	-	model1
-5	-	model1
-55	-	model1
-2	-	model1
-2	-	model1
-22	-	model1
-22	-	model1
-22	-	model1
-1	-	model1
-1	-	model1
-1	-	model1
-1	-	model1
-1	-	model1
-1	-	model1
-1	-	model1
-1	-	model1
-1	-	model1
-82	+	model1
6	+	model1
32	+	model1
32	+	model1
-98	+	model1
-98	+	model1
5	+	model1
1	+	model1
1	+	model1
1	+	model1
1	+	model1
8	+	model1
-4	+	model1
-68	+	model1
-13	+	model1
-134	+	model1
-113	+	model1
-50	+	model1
-36	+	model1
-81	+	model1
12	+	model1
20	+	model1
79	+	model1
79	+	model1
19	+	model1
-57	+	model1
65	-	model1
-11	-	model1
-45	-	model1
-24	-	model1
-22	-	model1
138	-	model1
138	-	model1
154	-	model1
51	-	model1
20	-	model1
107	-	model1
17	-	model1
-13	-	model1
-8	-	model1
51	-	model1
44	-	model1
125	-	model1
112	-	model1
-16	-	model1
29	-	model1
55	-	model1
-38	-	model1
-9	-	model1
284	-	model1
284	-	model1
141	-	model1
-25	+	model1
-92	+	model1
-109	+	model1
-109	+	model1
-75	+	model1
-134	+	model1
-36	+	model1
-132	+	model1
-25	+	model1
-80	+	model1
35	+	model1
2	+	model1
-75	+	model1
-44	+	model1
-69	+	model1
5	+	model1
5	+	model1
11	+	model1
-83	+	model1
-23	-	model1
6	-	model1
7	-	model1
-43	-	model1
-19	-	model1
-32	+	model1
-103	+	model1
0	+	model1
0	+	model1
-20	+	model1
2	+	model1
5	+	model1
-25	+	model1
-25	+	model1
-28	+	model1
29	+	model1
-118	+	model1
-137	+	model1
-47	+	model1
-145	+	model1
-39	+	model1
6	-	model1
-17	-	model1
-5	-	model1
10	-	model1
-16	-	model1
12	-	model1
35	-	model1
228	-	model1
228	-	model1
-22	-	model1
2	-	model1
1	-	model1
-86	-	model1
118	-	model1
118	-	model1
118	-	model1
110	-	model1
96	-	model1
-130	-	model1
-130	-	model1
-28	-	model1
-28	-	model1
59	-	model1
148	-	model1
88	-	model1
88	-	model1
88	-	model1
88	-	model1
48	-	model1
-19	-	model1
-19	-	model1
-19	-	model1
-19	-	model1
70	-	model1
70	-	model1
70	-	model1
70	-	model1
4	-	model1
-131	-	model1
135	-	model1
113	-	model1
113	-	model1
96	-	model1
96	-	model1
-30	-	model1
-3	-	model1
-23	-	model1
-23	-	model1
97	-	model1
97	-	model1
96	-	model1
-25	-	model1
-25	-	model1
18	-	model1
18	-	model1
-71	-	model1
94	-	model1
94	-	model1
83	-	model1
83	-	model1
83	-	model1
-140	-	model1
-37	-	model1
-2	-	model1
-2	-	model1
-191	+	model1
-21	+	model1
14	+	model1
-159	+	model1
-1	+	model1
-115	+	model1
-91	+	model1
-53	+	model1
-53	+	model1
5	+	model1
-2	+	model1
-46	+	model1
0	+	model1
0	+	model1
-205	+	model1
1	+	model1
1	+	model1
0	+	model1
2	+	model1
3	+	model1
-1	+	model1
85	-	model1
0	+	model1
-96	+	model1
-87	+	model1
-16	+	model1
-55	+	model1
-135	+	model1
-56	+	model1
-252	+	model1
-252	+	model1
-18	+	model1
-96	+	model1
-117	+	model1
-169	+	model1
90	-	model1
-81	-	model1
-2	-	model1
88	-	model1
83	-	model1
-31	-	model1
7	-	model1
80	-	model1
94	-	model1
-17	-	model1
-32	-	model1
187	-	model1
88	-	model1
80	-	model1
69	-	model1
24	-	model1
20	-	model1
20	-	model1
2	-	model1
88	-	model1
243	-	model1
85	-	model1
85	-	model1
118	-	model1
118	-	model1
-23	-	model1
165	-	model1
165	-	model1
-65	-	model1
26	-	model1
79	-	model1
97	-	model1
105	-	model1
209	-	model1
209	-	model1
81	-	model1
81	-	model1
-49	-	model1
81	-	model1
-16	-	model1
-54	+	model1
-105	+	model1
-105	+	model1
-143	+	model1
-175	+	model1
-8	+	model1
-126	+	model1
-126	+	model1
-165	+	model1
-108	+	model1
-28	+	model1
-40	+	model1
-45	+	model1
291	+	model1
137	+	model1
54	+	model1
54	+	model1
-13	+	model1
-60	+	model1
9	+	model1
-81	+	model1
-81	+	model1
-9	-	model1
41	-	model1
60	-	model1
107	-	model1
107	-	model1
107	-	model1
107	-	model1
107	-	model1
107	-	model1
-25	-	model1
45	-	model1
4	-	model1
-87	-	model1
-16	-	model1
8	-	model1
-55	-	model1
2	-	model1
72	-	model1
-22	-	model1
-22	-	model1
-22	-	model1
-1	-	model1
-1	-	model1
-1	-	model1
-1	-	model1
-1	-	model1
-1	-	model1
-1	-	model1
176	+	model1
-167	+	model1
-144	+	model1
-82	+	model1
4	+	model1
117	+	model1
117	+	model1
36	+	model1
5	+	model1
1	+	model1
1	+	model1
2	+	model1
-25	+	model1
-4	+	model1
109	+	model1
62	+	model1
24	+	model1
-109	+	model1
-3	+	model1
-13	+	model1
-41	+	model1
-41	+	model1
52	+	model1
-134	+	model1
84	+	model1
-50	+	model1
-36	+	model1
-149	+	model1
-81	+	model1
12	+	model1
-124	+	model1
-62	+	model1
20	+	model1
-139	+	model1
19	+	model1
-57	+	model1
-3	-	model1
-3	-	model1
-30	-	model1
-5	-	model1
-5	-	model1
-71	-	model1
170	-	model1
-110	-	model1
50	-	model1
70	-	model1
70	-	model1
26	-	model1
51	-	model1
96	-	model1
20	-	model1
107	-	model1
-21	-	model1
56	-	model1
56	-	model1
125	-	model1
112	-	model1
-16	-	model1
29	-	model1
284	-	model1
-3	+	model1
141	-	model1
-92	+	model1
-226	+	model1
-11	+	model1
-67	+	model1
4	+	model1
-25	+	model1
23	+	model1
-25	-	model1
5	+	model1
5	+	model1
-44	+	model1
-69	+	model1
6	+	model1
30	+	model1
-27	+	model1
-86	+	model1
-11	-	model1
-7	-	model1
-5	-	model1
-49	-	model1
-19	-	model1
-162	-	model1
-15	-	model1
-27	-	model1
-9	-	model1
-32	-	model1
32	-	model1
62	-	model1
-99	-	model1
85	-	model1
-26	-	model1
-255	-	model1
-29	-	model1
-38	-	model1
142	-	model1
52	-	model1
-17	-	model1
-2	-	model1
-1	-	model1
30	-	model1
-139	+	model1
30	+	model1
-57	+	model1
7	+	model1
-7	+	model1
-52	+	model1
91	-	model1
91	-	model1
1	+	model1
2	+	model1
69	+	model1
-1	+	model1
6	+	model1
6	+	model1
-26	+	model1
-2	+	model1
0	+	model1
0	+	model1
0	+	model1
0	+	model1
56	+	model1
38	+	model1
7	+	model1
10	+	model1
132	+	model1
112	+	model1
-16	+	model1
-16	+	model1
-148	+	model1
-112	+	model1
-70	+	model1
3	+	model1
-16	+	model1
-16	+	model1
-62	+	model1
-20	-	model1
-20	-	model1
-38	-	model1
42	-	model1
36	-	model1
-19	-	model1
1	-	model1
24	-	model1
3	-	model1
-18	-	model1
98	-	model1
140	-	model1
106	-	model1
108	-	model1
149	-	model1
-10	-	model1
-10	-	model1
26	-	model1
-274	-	model1
-274	-	model1
115	-	model1
147	-	model1
-55	-	model1
155	-	model1
-29	-	model1
-2	-	model1
170	-	model1
-11	-	model1
-78	-	model1
-79	+	model1
-43	+	model1
-24	+	model1
-62	+	model1
-52	+	model1
-40	+	model1
-101	+	model1
57	+	model1
170	+	model1
-25	+	model1
3	+	model1
3	+	model1
-47	+	model1
-45	+	model1
71	+	model1
-14	+	model1
3	+	model1
0	+	model1
6	+	model1
-2	+	model1
0	+	model1
-39	+	model1
-49	+	model1
-49	+	model1
-49	+	model1
5	+	model1
-6	+	model1
2	+	model1
-34	+	model1
-3	+	model1
0	+	model1
-4	+	model1
-9	+	model1
-4	+	model1
27	+	model1
-10	+	model1
-129	+	model1
-116	+	model1
-55	+	model1
-55	+	model1
-132	+	model1
11	+	model1
-151	+	model1
-24	-	model1
91	-	model1
7	-	model1
77	-	model1
-351	-	model1
-61	-	model1
-61	-	model1
-282	-	model1
-324	-	model1
-101	-	model1
28	-	model1
47	-	model1
62	-	model1
62	-	model1
38	-	model1
58	-	model1
46	-	model1
45	-	model1
30	-	model1
-3	-	model1
-3	-	model1
-3	-	model1
-3	-	model1
-31	-	model1
2	-	model1
29	-	model1
-13	-	model1
-47	-	model1
47	-	model1
60	-	model1
34	-	model1
-8	-	model1
-22	-	model1
-123	+	model1
75	-	model1
-393	+	model1
-1	-	model1
-48	+	model1
-21	+	model1
-219	+	model1
26	-	model1
-51	+	model1
1	+	model1
1	+	model1
1	+	model1
3	+	model1
1	+	model1
4	+	model1
0	+	model1
-19	+	model1
5	+	model1
4	+	model1
0	+	model1
-45	+	model1
217	+	model1
-15	+	model1
13	+	model1
-27	+	model1
-4	+	model1
-21	+	model1
-118	+	model1
-33	+	model1
-115	+	model1
-115	+	model1
-307	+	model1
-59	+	model1
-108	+	model1
-108	+	model1
-108	+	model1
-123	+	model1
-123	+	model1
-197	+	model1
-109	+	model1
-82	-	model1
-61	+	model1
-113	+	model1
-113	+	model1
-18	+	model1
-18	+	model1
-18	+	model1
-18	+	model1
-18	+	model1
-18	+	model1
-70	+	model1
-70	+	model1
-119	+	model1
-31	+	model1
75	-	model1
-5	-	model1
48	-	model1
94	-	model1
-25	-	model1
40	-	model1
25	-	model1
-73	-	model1
-10	-	model1
41	-	model1
-18	-	model1
-29	-	model1
58	-	model1
58	-	model1
1	-	model1
1	-	model1
-62	-	model1
-17	-	model1
-165	-	model1
34	-	model1
-28	-	model1
66	-	model1
29	-	model1
31	-	model1
31	-	model1
31	-	model1
31	-	model1
31	-	model1
-60	-	model1
-60	-	model1
-60	-	model1
2	-	model1
202	-	model1
202	-	model1
33	-	model1
30	-	model1
49	-	model1
65	-	model1
60	-	model1
164	-	model1
50	-	model1
22	-	model1
22	-	model1
22	-	model1
22	-	model1
22	-	model1
22	-	model1
7	-	model1
7	-	model1
-16	-	model1
109	-	model1
159	-	model1
103	-	model1
84	-	model1
84	-	model1
124	-	model1
124	-	model1
45	-	model1
25	-	model1
25	-	model1
-50	-	model1
-29	-	model1
93	-	model1
93	-	model1
-7	-	model1
-7	-	model1
-84	-	model1
11	-	model1
5	-	model1
-53	-	model1
-9	-	model1
-19	-	model1
-13	-	model1
0	-	model1
39	-	model1
39	-	model1
39	-	model1
39	-	model1
166	-	model1
-16	-	model1
53	-	model1
90	-	model1
7	-	model1
7	-	model1
35	-	model1
-256	-	model1
-14	-	model1
-1	-	model1
-1	-	model1
-1	-	model1
-1	-	model1
-8	-	model1
-20	-	model1
-12	-	model1
-88	-	model1
-116	+	model1
-3	-	model1
-211	+	model1
-152	+	model1
-285	+	model1
-285	+	model1
-285	+	model1
-285	+	model1
-285	+	model1
-285	+	model1
-110	+	model1
-234	+	model1
-233	+	model1
-193	+	model1
-162	+	model1
-182	+	model1
-182	+	model1
-6	+	model1
-50	+	model1
-50	+	model1
36	+	model1
-193	+	model1
-193	+	model1
98	+	model1
0	+	model1
-137	+	model1
-25	+	model1
-83	+	model1
-44	+	model1
-27	+	model1
-37	+	model1
-166	+	model1
-36	+	model1
-36	+	model1
-103	+	model1
53	+	model1
27	+	model1
3	+	model1
-90	+	model1
-60	+	model1
-111	+	model1
106	+	model1
-134	+	model1
-39	+	model1
-49	+	model1
-49	+	model1
-2	+	model1
5	+	model1
2	+	model1
0	+	model1
-10	+	model1
-32	+	model1
-186	+	model1
-84	+	model1
-84	+	model1
0	+	model1
-27	+	model1
-92	+	model1
-84	+	model1
-48	-	model1
-61	-	model1
-61	-	model1
-101	-	model1
84	-	model1
47	-	model1
-265	-	model1
58	-	model1
46	-	model1
79	-	model1
79	-	model1
16	-	model1
16	-	model1
-3	-	model1
-3	-	model1
-3	-	model1
-17	-	model1
2	-	model1
-82	-	model1
29	-	model1
146	-	model1
-8	-	model1
-123	+	model1
-123	+	model1
-87	+	model1
3	+	model1
-46	+	model1
-1	-	model1
-21	+	model1
-219	+	model1
38	+	model1
-40	+	model1
26	-	model1
-51	+	model1
1	+	model1
1	+	model1
2	+	model1
0	+	model1
46	+	model1
-17	+	model1
-53	+	model1
66	+	model1
-46	+	model1
-47	+	model1
-46	+	model1
-83	+	model1
70	+	model1
-31	-	model1
-68	+	model1
-12	+	model1
-50	+	model1
-10	+	model1
-75	+	model1
-84	+	model1
-164	+	model1
-189	+	model1
-189	+	model1
-1	+	model1
-1	+	model1
-247	+	model1
-12	+	model1
-14	-	model1
108	-	model1
108	-	model1
205	-	model1
168	-	model1
-70	-	model1
223	-	model1
146	-	model1
182	-	model1
182	-	model1
96	-	model1
96	-	model1
40	-	model1
28	-	model1
28	-	model1
207	-	model1
178	-	model1
-22	-	model1
26	-	model1
88	-	model1
82	-	model1
-27	-	model1
-3	-	model1
-3	-	model1
100	-	model1
48	-	model1
126	-	model1
126	-	model1
58	-	model1
250	-	model1
-64	+	model1
-191	+	model1
-292	+	model1
13	+	model1
-55	+	model1
-61	+	model1
-11	+	model1
-11	+	model1
-19	+	model1
-19	+	model1
61	+	model1
24	+	model1
123	+	model1
123	+	model1
-30	+	model1
-74	+	model1
2	+	model1
1	+	model1
-63	+	model1
-16	+	model1
-48	+	model1
-41	+	model1
-106	+	model1
-76	+	model1
-76	+	model1
-92	+	model1
-15	-	model1
51	-	model1
47	-	model1
17	-	model1
-3	-	model1
-3	-	model1
-158	-	model1
-33	-	model1
-26	-	model1
-35	-	model1
-35	-	model1
-35	-	model1
-35	-	model1
-35	-	model1
-35	-	model1
40	-	model1
62	-	model1
-6	-	model1
-9	-	model1
-46	-	model1
-46	-	model1
21	+	model1
-1	+	model1
-108	+	model1
-18	+	model1
7	-	model1
187	-	model1
187	-	model1
187	-	model1
2	-	model1
18	-	model1
22	-	model1
-117	-	model1
-65	-	model1
53	-	model1
114	-	model1
18	-	model1
18	-	model1
-147	+	model1
0	+	model1
-147	+	model1
-13	+	model1
-4	+	model1
1	+	model1
22	+	model1
-2	+	model1
72	+	model1
28	+	model1
-6	+	model1
-319	-	model1
3	+	model1
-93	+	model1
-25	-	model1
1	-	model1
28	-	model1
8	-	model1
29	-	model1
63	-	model1
161	-	model1
153	-	model1
153	-	model1
-17	-	model1
-45	-	model1
-78	-	model1
-5	-	model1
-78	-	model1
57	-	model1
-156	+	model1
-46	+	model1
-170	+	model1
-170	+	model1
6	+	model1
39	+	model1
-70	+	model1
34	+	model1
-103	+	model1
-151	+	model1
-27	+	model1
-86	+	model1
-11	-	model1
-16	-	model1
-5	-	model1
-49	-	model1
-19	-	model1
0	-	model1
-15	-	model1
-9	-	model1
-32	-	model1
32	-	model1
0	-	model1
-17	-	model1
21	-	model1
21	-	model1
-99	-	model1
85	-	model1
-26	-	model1
-255	-	model1
2	-	model1
-38	-	model1
-6	-	model1
52	-	model1
-17	-	model1
-2	-	model1
-85	+	model1
-191	+	model1
40	+	model1
-56	+	model1
91	-	model1
91	-	model1
0	+	model1
-24	+	model1
72	+	model1
-53	+	model1
-53	+	model1
66	+	model1
-46	+	model1
-16	+	model1
-64	+	model1
-103	+	model1
-68	+	model1
-12	+	model1
-50	+	model1
-10	+	model1
-84	+	model1
-189	+	model1
-189	+	model1
-1	+	model1
-1	+	model1
-12	+	model1
97	+	model1
-14	-	model1
205	-	model1
168	-	model1
146	-	model1
-7	-	model1
43	-	model1
182	-	model1
84	-	model1
26	-	model1
88	-	model1
82	-	model1
-27	-	model1
-3	-	model1
100	-	model1
48	-	model1
250	-	model1
125	-	model1
-64	+	model1
-292	+	model1
-68	+	model1
6	+	model1
123	+	model1
123	+	model1
-44	+	model1
-74	+	model1
2	+	model1
-1	+	model1
-2	+	model1
0	+	model1
0	+	model1
0	+	model1
7	+	model1
7	+	model1
10	+	model1
132	+	model1
-16	+	model1
-16	+	model1
-190	+	model1
-190	+	model1
-108	+	model1
3	+	model1
19	+	model1
-62	+	model1
-34	+	model1
-38	-	model1
42	-	model1
100	-	model1
36	-	model1
-19	-	model1
1	-	model1
1	-	model1
24	-	model1
3	-	model1
-18	-	model1
-11	-	model1
68	-	model1
140	-	model1
-32	-	model1
32	-	model1
-10	-	model1
-10	-	model1
26	-	model1
-6	-	model1
39	-	model1
-55	-	model1
110	-	model1
70	-	model1
155	-	model1
-29	-	model1
170	-	model1
-8	-	model1
-78	-	model1
-58	-	model1
14	-	model1
-43	+	model1
-202	+	model1
-24	+	model1
-62	+	model1
-40	+	model1
-489	+	model1
-489	+	model1
-74	+	model1
-74	+	model1
-35	+	model1
-24	+	model1
57	+	model1
170	+	model1
-47	+	model1
-47	+	model1
-45	+	model1
-14	+	model1
0	+	model1
6	+	model1
1	+	model1
1	+	model1
1	+	model1
1	+	model1
1	+	model1
0	+	model1
-72	+	model1
2	+	model1
2	+	model1
-163	+	model1
3	+	model1
15	+	model1
15	+	model1
-100	+	model1
-33	+	model1
-87	+	model1
4	+	model1
-96	+	model1
-54	+	model1
-158	+	model1
4	+	model1
-49	+	model1
-84	+	model1
-2	+	model1
6	+	model1
6	+	model1
-9	+	model1
12	+	model1
12	+	model1
-30	+	model1
-174	+	model1
4	+	model1
-54	+	model1
18	+	model1
-48	+	model1
-39	+	model1
-93	+	model1
-192	+	model1
-361	+	model1
-9	+	model1
-136	+	model1
-224	+	model1
-103	+	model1
-78	+	model1
-78	+	model1
-78	+	model1
-19	+	model1
-163	+	model1
-195	+	model1
-3	+	model1
-184	+	model1
-187	+	model1
-134	+	model1
-134	+	model1
-27	-	model1
185	-	model1
-97	+	model1
167	-	model1
63	-	model1
32	-	model1
41	-	model1
-45	-	model1
75	-	model1
-36	-	model1
-36	-	model1
-36	-	model1
-11	-	model1
55	-	model1
94	-	model1
8	-	model1
10	-	model1
6	-	model1
-12	-	model1
70	-	model1
-27	-	model1
14	-	model1
137	-	model1
137	-	model1
134	-	model1
29	-	model1
-5	-	model1
36	-	model1
365	-	model1
365	-	model1
58	-	model1
-26	-	model1
32	-	model1
149	-	model1
100	-	model1
40	-	model1
4	-	model1
72	-	model1
80	-	model1
163	-	model1
100	-	model1
39	-	model1
25	-	model1
173	-	model1
26	-	model1
6	-	model1
6	-	model1
50	-	model1
107	-	model1
0	-	model1
0	-	model1
-24	-	model1
4	-	model1
42	-	model1
-25	-	model1
20	-	model1
-3	-	model1
52	-	model1
46	-	model1
5	+	model1
5	+	model1
114	-	model1
-43	+	model1
-43	+	model1
-43	+	model1
-90	+	model1
-80	+	model1
-10	+	model1
-3	-	model1
-115	+	model1
-187	+	model1
-123	+	model1
-178	+	model1
-39	+	model1
-39	+	model1
14	+	model1
-26	+	model1
-240	+	model1
-205	+	model1
-52	+	model1
-93	+	model1
-12	+	model1
83	+	model1
-20	+	model1
-20	+	model1
-90	+	model1
-28	+	model1
-28	+	model1
144	+	model1
-105	+	model1
-105	+	model1
-184	+	model1
-61	+	model1
-39	+	model1
-3	+	model1
-77	+	model1
102	+	model1
102	+	model1
102	+	model1
2	+	model1
-72	+	model1
-72	+	model1
15	+	model1
-32	+	model1
-32	+	model1
-32	+	model1
-119	+	model1
-49	+	model1
-84	+	model1
12	+	model1
12	+	model1
-12	+	model1
-30	+	model1
4	+	model1
-136	+	model1
-192	+	model1
54	-	model1
167	-	model1
32	-	model1
-36	-	model1
-36	-	model1
-36	-	model1
1	-	model1
6	-	model1
-21	-	model1
-91	-	model1
116	-	model1
156	-	model1
-5	-	model1
-5	-	model1
-5	-	model1
-5	-	model1
32	-	model1
32	-	model1
120	-	model1
4	-	model1
72	-	model1
-52	-	model1
50	-	model1
50	-	model1
0	-	model1
4	-	model1
-11	-	model1
96	-	model1
20	-	model1
52	-	model1
5	-	model1
99	-	model1
-123	+	model1
-8	+	model1
-85	+	model1
-13	+	model1
-39	+	model1
-3	+	model1
3	+	model1
3	+	model1
1	+	model1
32	+	model1
0	+	model1
-26	+	model1
-26	+	model1
8	+	model1
6	+	model1
27	+	model1
-168	+	model1
-74	+	model1
-74	+	model1
45	+	model1
-15	-	model1
-16	-	model1
116	-	model1
-1	-	model1
-12	-	model1
42	-	model1
41	-	model1
-206	-	model1
-9	-	model1
3	-	model1
-22	-	model1
-336	-	model1
-336	-	model1
-336	-	model1
-336	-	model1
-336	-	model1
-336	-	model1
-380	-	model1
-380	-	model1
-380	-	model1
-380	-	model1
-119	-	model1
133	-	model1
133	-	model1
133	-	model1
98	-	model1
7	-	model1
88	-	model1
88	-	model1
-4	-	model1
-4	-	model1
-52	-	model1
95	-	model1
30	-	model1
70	-	model1
-41	-	model1
-64	-	model1
-7	-	model1
-2	-	model1
-3	-	model1
-3	-	model1
-327	+	model1
-8	+	model1
-8	+	model1
-8	+	model1
-2	-	model1
-36	+	model1
-59	+	model1
-253	+	model1
-1	-	model1
-117	+	model1
-1	-	model1
13	+	model1
38	+	model1
-67	+	model1
-67	+	model1
-2	+	model1
-1	+	model1
4	+	model1
-65	+	model1
12	+	model1
-1	+	model1
-9	-	model1
-32	+	model1
-2	+	model1
0	+	model1
0	+	model1
0	+	model1
7	+	model1
10	+	model1
-83	+	model1
112	+	model1
-16	+	model1
-24	+	model1
-41	+	model1
-163	+	model1
-163	+	model1
-163	+	model1
3	+	model1
-38	+	model1
88	+	model1
-62	+	model1
-62	+	model1
-62	+	model1
-20	-	model1
-20	-	model1
7	-	model1
-75	-	model1
13	-	model1
42	-	model1
36	-	model1
47	-	model1
3	-	model1
24	-	model1
110	-	model1
142	-	model1
140	-	model1
-73	+	model1
-73	+	model1
-10	-	model1
108	-	model1
-10	-	model1
-10	-	model1
47	-	model1
-55	-	model1
-29	-	model1
-2	-	model1
170	-	model1
-25	-	model1
-140	+	model1
-62	+	model1
-249	+	model1
-52	+	model1
-40	+	model1
-74	+	model1
18	+	model1
-5	+	model1
-37	+	model1
-37	+	model1
21	+	model1
21	+	model1
-35	+	model1
57	+	model1
3	+	model1
3	+	model1
-47	+	model1
-47	+	model1
-45	+	model1
74	-	model1
-14	+	model1
-99	+	model1
0	+	model1
6	+	model1
1	+	model1
-184	+	model1
-6	+	model1
5	+	model1
5	+	model1
5	+	model1
-125	+	model1
-67	+	model1
-56	+	model1
-56	+	model1
-46	+	model1
-46	+	model1
-40	+	model1
-42	+	model1
-42	+	model1
-95	+	model1
-189	+	model1
20	-	model1
-19	-	model1
-12	-	model1
-18	-	model1
-7	-	model1
-8	-	model1
6	-	model1
89	-	model1
25	-	model1
-19	-	model1
164	-	model1
-155	-	model1
-5	-	model1
53	-	model1
53	-	model1
53	-	model1
53	-	model1
53	-	model1
53	-	model1
88	-	model1
69	-	model1
69	-	model1
185	-	model1
70	-	model1
158	-	model1
158	-	model1
158	-	model1
86	-	model1
83	-	model1
0	-	model1
-162	+	model1
-162	+	model1
-3	+	model1
-28	+	model1
-50	+	model1
-79	+	model1
-35	+	model1
-35	+	model1
1	+	model1
1	+	model1
2	+	model1
2	+	model1
2	+	model1
0	+	model1
46	+	model1
-17	+	model1
66	+	model1
66	+	model1
-46	+	model1
-29	+	model1
-46	+	model1
-83	+	model1
70	+	model1
-64	+	model1
-68	+	model1
75	+	model1
-50	+	model1
-50	+	model1
-141	+	model1
-119	+	model1
-164	+	model1
-189	+	model1
-189	+	model1
-1	+	model1
-247	+	model1
59	+	model1
-12	+	model1
97	+	model1
-34	+	model1
-34	+	model1
86	-	model1
86	-	model1
205	-	model1
-46	-	model1
-46	-	model1
2	-	model1
45	-	model1
-22	-	model1
-22	-	model1
2	-	model1
146	-	model1
-7	-	model1
-7	-	model1
131	-	model1
40	-	model1
18	-	model1
55	-	model1
26	-	model1
-4	-	model1
82	-	model1
100	-	model1
48	-	model1
58	-	model1
250	-	model1
-16	-	model1
-64	+	model1
-191	+	model1
93	+	model1
-59	+	model1
-59	+	model1
-292	+	model1
-186	+	model1
-68	+	model1
-91	+	model1
-61	+	model1
-61	+	model1
-11	+	model1
61	+	model1
61	+	model1
61	+	model1
6	+	model1
-32	+	model1
-18	+	model1
123	+	model1
-9	-	model1
-74	+	model1
-1	-	model1
-126	+	model1
54	+	model1
54	+	model1
54	+	model1
3	-	model1
171	-	model1
127	-	model1
88	-	model1
87	-	model1
-82	+	model1
-241	+	model1
93	+	model1
2	+	model1
1	+	model1
1	+	model1
-123	+	model1
1	+	model1
1	+	model1
12	+	model1
24	+	model1
-3	+	model1
21	+	model1
0	+	model1
6	+	model1
6	+	model1
-146	+	model1
-74	+	model1
-146	+	model1
-62	+	model1
-68	+	model1
19	+	model1
-55	+	model1
69	+	model1
-29	+	model1
-6	+	model1
43	+	model1
-114	+	model1
-168	+	model1
-168	+	model1
-1	+	model1
81	+	model1
81	+	model1
-208	+	model1
-56	+	model1
-56	+	model1
-30	+	model1
-46	+	model1
-46	+	model1
-20	+	model1
-20	+	model1
-42	+	model1
-42	+	model1
-39	+	model1
-128	+	model1
-128	+	model1
-63	+	model1
-82	+	model1
-15	+	model1
129	-	model1
20	-	model1
-6	-	model1
14	-	model1
-19	-	model1
42	-	model1
-12	-	model1
70	-	model1
122	-	model1
122	-	model1
0	-	model1
0	-	model1
6	-	model1
6	-	model1
47	-	model1
177	-	model1
42	-	model1
42	-	model1
89	-	model1
25	-	model1
68	-	model1
63	-	model1
-18	-	model1
59	-	model1
46	-	model1
46	-	model1
-21	-	model1
-155	-	model1
36	-	model1
171	-	model1
101	-	model1
3	-	model1
3	-	model1
101	-	model1
-5	-	model1
14	-	model1
14	-	model1
53	-	model1
53	-	model1
88	-	model1
69	-	model1
126	-	model1
116	-	model1
0	-	model1
160	-	model1
158	-	model1
158	-	model1
-36	-	model1
1	-	model1
30	-	model1
0	-	model1
-9	-	model1
207	-	model1
80	-	model1
80	-	model1
175	-	model1
83	-	model1
-49	-	model1
-49	-	model1
37	-	model1
-31	-	model1
71	-	model1
-1	-	model1
-69	+	model1
-117	+	model1
-100	+	model1
-75	+	model1
-72	+	model1
-72	+	model1
-2	-	model1
-2	-	model1
-94	+	model1
-151	+	model1
-151	+	model1
-53	+	model1
-119	+	model1
-144	+	model1
47	+	model1
47	+	model1
-41	+	model1
84	+	model1
-44	+	model1
-28	+	model1
-27	+	model1
-27	+	model1
-161	+	model1
-335	+	model1
144	+	model1
-71	+	model1
2	+	model1
3	+	model1
1	+	model1
4	+	model1
-15	+	model1
-15	+	model1
-29	+	model1
-117	+	model1
-88	+	model1
-163	+	model1
-33	+	model1
18	-	model1
-12	-	model1
-12	-	model1
9	-	model1
-11	-	model1
90	-	model1
174	-	model1
-17	-	model1
156	-	model1
29	-	model1
29	-	model1
86	-	model1
86	-	model1
-11	-	model1
-15	-	model1
44	-	model1
44	-	model1
43	-	model1
-11	-	model1
-44	-	model1
-60	-	model1
-125	+	model1
0	+	model1
-25	+	model1
-164	+	model1
-80	+	model1
7	-	model1
-171	+	model1
26	+	model1
21	+	model1
2	+	model1
6	+	model1
-26	+	model1
-2	+	model1
0	+	model1
0	+	model1
0	+	model1
0	+	model1
7	+	model1
10	+	model1
-7	+	model1
132	+	model1
112	+	model1
-16	+	model1
-16	+	model1
-148	+	model1
-28	+	model1
-112	+	model1
3	+	model1
254	+	model1
-62	+	model1
-20	-	model1
-20	-	model1
-56	-	model1
42	-	model1
110	-	model1
140	-	model1
-3	-	model1
32	-	model1
-10	-	model1
108	-	model1
47	-	model1
39	-	model1
-55	-	model1
-29	-	model1
-2	-	model1
170	-	model1
-8	-	model1
-31	-	model1
-79	+	model1
-43	+	model1
-62	+	model1
-52	+	model1
-40	+	model1
-101	+	model1
57	+	model1
-25	+	model1
3	+	model1
-47	+	model1
-45	+	model1
6	+	model1
-44	+	model1
58	+	model1
106	+	model1
106	+	model1
-113	+	model1
-311	+	model1
21	+	model1
43	-	model1
-69	-	model1
42	-	model1
348	-	model1
-1	-	model1
-1	-	model1
-104	+	model1
-58	+	model1
-56	+	model1
-8	+	model1
1	+	model1
35	+	model1
6	+	model1
1	+	model1
-1	+	model1
-46	+	model1
14	+	model1
14	+	model1
-177	+	model1
-177	+	model1
34	-	model1
-20	-	model1
111	-	model1
-5	-	model1
-4	-	model1
139	-	model1
-23	-	model1
27	-	model1
96	-	model1
-3	-	model1
55	-	model1
-1	-	model1
-54	+	model1
-54	+	model1
-1	-	model1
-13	+	model1
43	+	model1
-36	+	model1
-4	+	model1
-46	+	model1
-76	+	model1
-76	+	model1
-76	+	model1
-76	+	model1
-256	+	model1
-256	+	model1
8	+	model1
-62	+	model1
103	+	model1
195	-	model1
46	-	model1
11	-	model1
-160	-	model1
-160	-	model1
2	-	model1
-13	-	model1
-13	-	model1
27	-	model1
28	-	model1
81	-	model1
81	-	model1
51	-	model1
125	-	model1
99	-	model1
99	-	model1
43	-	model1
4	-	model1
4	-	model1
4	-	model1
4	-	model1
-135	-	model1
5	-	model1
-150	-	model1
-150	-	model1
67	-	model1
60	-	model1
-15	-	model1
-42	+	model1
-126	+	model1
-20	+	model1
-170	+	model1
-36	+	model1
-70	+	model1
-70	+	model1
-110	+	model1
-1	+	model1
19	+	model1
4	+	model1
-33	+	model1
2	+	model1
0	+	model1
0	+	model1
-20	+	model1
2	+	model1
-166	+	model1
15	+	model1
-25	+	model1
-25	+	model1
-57	+	model1
9	+	model1
29	+	model1
-33	+	model1
-179	+	model1
-166	+	model1
-39	+	model1
-87	+	model1
-17	-	model1
53	-	model1
35	-	model1
2	-	model1
1	-	model1
-86	-	model1
6	-	model1
-3	-	model1
-10	-	model1
-10	-	model1
88	-	model1
88	-	model1
88	-	model1
88	-	model1
48	-	model1
-19	-	model1
-19	-	model1
-19	-	model1
-19	-	model1
70	-	model1
70	-	model1
70	-	model1
70	-	model1
135	-	model1
-20	-	model1
-23	-	model1
97	-	model1
94	-	model1
94	-	model1
83	-	model1
83	-	model1
83	-	model1
-85	-	model1
-85	-	model1
1	-	model1
-37	-	model1
-191	+	model1
14	+	model1
-1	+	model1
4	+	model1
-115	+	model1
-2	-	model1
-91	+	model1
-53	+	model1
-53	+	model1
-2	+	model1
6	+	model1
-46	+	model1
0	+	model1
-205	+	model1
5	+	model1
5	+	model1
5	+	model1
5	+	model1
-41	+	model1
-23	-	model1
70	-	model1
6	-	model1
55	-	model1
-43	-	model1
-19	-	model1
-32	+	model1
-103	+	model1
3	+	model1
1	+	model1
-28	+	model1
-97	+	model1
-15	+	model1
-15	+	model1
75	+	model1
75	+	model1
-29	+	model1
-97	-	model1
136	-	model1
-188	-	model1
-188	-	model1
0	-	model1
-11	-	model1
174	-	model1
-5	-	model1
29	-	model1
86	-	model1
44	-	model1
-11	-	model1
273	-	model1
-125	+	model1
-1	-	model1
-19	+	model1
0	+	model1
-164	+	model1
-51	+	model1
4	+	model1
-53	+	model1
2	+	model1
5	+	model1
0	+	model1
-24	+	model1
-180	+	model1
-180	+	model1
-18	+	model1
-163	+	model1
-62	+	model1
-3	-	model1
7	-	model1
187	-	model1
187	-	model1
2	-	model1
38	-	model1
18	-	model1
18	-	model1
17	-	model1
17	-	model1
15	-	model1
-65	-	model1
-65	-	model1
102	-	model1
53	-	model1
53	-	model1
114	-	model1
114	-	model1
209	-	model1
18	-	model1
2	-	model1
-175	+	model1
-8	+	model1
-13	+	model1
-13	+	model1
-35	+	model1
-4	+	model1
9	+	model1
3	+	model1
1	+	model1
-15	+	model1
-15	+	model1
75	+	model1
75	+	model1
-29	+	model1
-117	+	model1
-12	-	model1
-12	-	model1
0	-	model1
-11	-	model1
-17	-	model1
-5	-	model1
29	-	model1
86	-	model1
-18	-	model1
-32	-	model1
44	-	model1
44	-	model1
-125	+	model1
-1	-	model1
0	+	model1
-164	+	model1
-1	+	model1
4	+	model1
1	+	model1
-10	+	model1
-62	+	model1
-71	+	model1
-71	+	model1
-92	+	model1
88	-	model1
-15	-	model1
-7	-	model1
85	-	model1
-4	-	model1
-33	-	model1
-26	-	model1
35	-	model1
-52	-	model1
210	-	model1
252	+	model1
-46	-	model1
-46	-	model1
-48	+	model1
-48	+	model1
21	+	model1
-108	+	model1
65	-	model1
1	+	model1
94	+	model1
-77	+	model1
-47	+	model1
-15	+	model1
-69	+	model1
88	-	model1
-133	+	model1
-15	-	model1
-42	-	model1
104	-	model1
52	-	model1
-135	-	model1
55	-	model1
-158	-	model1
-48	-	model1
-11	-	model1
-21	-	model1
31	-	model1
252	+	model1
-146	+	model1
-67	+	model1
16	+	model1
-44	+	model1
-241	+	model1
21	+	model1
-108	+	model1
1	+	model1
1	+	model1
0	+	model1
0	+	model1
-34	+	model1
5	+	model1
5	+	model1
5	+	model1
5	+	model1
-78	+	model1
-15	+	model1
137	+	model1
-9	+	model1
-9	+	model1
-2	+	model1
49	+	model1
32	+	model1
32	+	model1
32	+	model1
64	+	model1
64	+	model1
64	+	model1
-9	+	model1
-51	+	model1
-122	+	model1
-122	+	model1
-122	+	model1
-50	+	model1
-50	+	model1
67	-	model1
104	+	model1
-1	+	model1
-27	+	model1
106	+	model1
-287	+	model1
-287	+	model1
-287	+	model1
-229	+	model1
-13	-	model1
156	-	model1
20	-	model1
0	-	model1
0	-	model1
-102	-	model1
24	-	model1
165	-	model1
52	-	model1
52	-	model1
35	-	model1
35	-	model1
-8	-	model1
-8	-	model1
69	-	model1
-17	-	model1
-16	-	model1
-19	-	model1
137	-	model1
148	-	model1
148	-	model1
-51	-	model1
6	-	model1
37	-	model1
126	-	model1
82	-	model1
7	-	model1
-3	-	model1
-3	-	model1
-95	-	model1
-95	-	model1
215	-	model1
215	-	model1
215	-	model1
-86	-	model1
-86	-	model1
-86	-	model1
-86	-	model1
100	-	model1
2	-	model1
2	-	model1
67	-	model1
130	-	model1
-50	-	model1
126	-	model1
126	-	model1
126	-	model1
126	-	model1
-82	-	model1
-82	-	model1
31	-	model1
12	-	model1
-175	-	model1
-175	-	model1
-8	-	model1
-8	-	model1
-27	-	model1
-22	-	model1
63	-	model1
76	-	model1
-15	-	model1
300	-	model1
-25	-	model1
-25	-	model1
-25	-	model1
31	-	model1
-47	-	model1
-47	-	model1
-47	-	model1
-47	-	model1
2	-	model1
126	-	model1
35	-	model1
-1	-	model1
83	-	model1
53	-	model1
53	-	model1
59	-	model1
59	-	model1
59	-	model1
59	-	model1
1	-	model1
-2	-	model1
-2	-	model1
-145	+	model1
-2	-	model1
113	+	model1
113	+	model1
113	+	model1
-69	+	model1
-1	-	model1
-20	+	model1
-370	+	model1
-27	+	model1
-80	+	model1
-3	+	model1
4	+	model1
204	+	model1
204	+	model1
-78	-	model1
46	-	model1
-126	+	model1
-76	+	model1
-175	+	model1
-175	+	model1
-36	+	model1
-97	+	model1
0	+	model1
0	+	model1
83	+	model1
-93	+	model1
-110	+	model1
-110	+	model1
-6	+	model1
-97	+	model1
47	+	model1
-48	+	model1
-128	+	model1
4	+	model1
-2	+	model1
5	+	model1
-6	+	model1
-11	+	model1
16	+	model1
-21	+	model1
-233	+	model1
-81	+	model1
-81	+	model1
-9	-	model1
60	-	model1
60	-	model1
107	-	model1
107	-	model1
107	-	model1
107	-	model1
107	-	model1
107	-	model1
-25	-	model1
4	-	model1
-16	-	model1
8	-	model1
-55	-	model1
63	-	model1
63	-	model1
72	-	model1
-22	-	model1
-22	-	model1
-22	-	model1
-1	-	model1
-1	-	model1
-1	-	model1
-229	+	model1
176	+	model1
-167	+	model1
-144	+	model1
-82	+	model1
4	+	model1
117	+	model1
117	+	model1
32	+	model1
-98	+	model1
5	+	model1
1	+	model1
72	+	model1
28	+	model1
-6	+	model1
-45	+	model1
3	+	model1
-43	+	model1
-25	-	model1
1	-	model1
-18	-	model1
28	-	model1
63	-	model1
96	-	model1
3	-	model1
37	-	model1
-17	-	model1
-78	-	model1
17	-	model1
17	-	model1
-5	-	model1
57	-	model1
-156	+	model1
-46	+	model1
-170	+	model1
-170	+	model1
40	+	model1
0	+	model1
1	+	model1
-34	+	model1
-42	+	model1
-42	+	model1
-42	+	model1
-42	+	model1
-33	+	model1
-33	+	model1
-33	+	model1
-33	+	model1
-22	+	model1
-112	+	model1
1	-	model1
54	-	model1
7	-	model1
69	-	model1
233	-	model1
-27	-	model1
32	-	model1
58	-	model1
151	-	model1
-35	+	model1
-119	+	model1
-280	+	model1
-280	+	model1
-7	+	model1
-1	+	model1
4	+	model1
4	+	model1
-33	+	model1
-19	+	model1
200	+	model1
200	+	model1
-53	+	model1
-31	+	model1
-81	-	model1
-28	-	model1
-29	-	model1
66	-	model1
2	-	model1
33	-	model1
-28	-	model1
144	-	model1
282	-	model1
-29	-	model1
-38	-	model1
34	-	model1
-24	-	model1
-86	-	model1
-1	-	model1
-1	-	model1
-8	-	model1
-2	+	model1
-88	-	model1
-116	+	model1
-152	+	model1
-234	+	model1
-233	+	model1
30	+	model1
-98	+	model1
-166	+	model1
3	+	model1
2	+	model1
69	+	model1
-1	+	model1
6	+	model1
-26	+	model1
-2	+	model1
0	+	model1
0	+	model1
0	+	model1
7	+	model1
7	+	model1
10	+	model1
-7	+	model1
132	+	model1
112	+	model1
-16	+	model1
-16	+	model1
-170	+	model1
-148	+	model1
-9	+	model1
-12	+	model1
10	+	model1
-71	+	model1
-190	+	model1
-190	+	model1
-25	+	model1
-112	+	model1
-82	+	model1
3	+	model1
-72	+	model1
254	+	model1
-62	+	model1
-62	+	model1
-4	+	model1
-34	+	model1
-156	+	model1
-69	+	model1
42	-	model1
-15	-	model1
12	-	model1
114	-	model1
114	-	model1
-13	-	model1
7	-	model1
24	-	model1
3	-	model1
110	-	model1
-152	-	model1
142	-	model1
-40	-	model1
-40	-	model1
-40	-	model1
-40	-	model1
141	-	model1
140	-	model1
-27	-	model1
-27	-	model1
95	-	model1
-3	-	model1
32	-	model1
108	-	model1
-14	-	model1
26	-	model1
203	-	model1
176	-	model1
-21	-	model1
115	-	model1
-49	-	model1
-49	-	model1
39	-	model1
147	-	model1
-55	-	model1
110	-	model1
-29	-	model1
-2	-	model1
170	-	model1
-8	-	model1
-31	-	model1
-89	+	model1
-89	+	model1
-79	+	model1
-30	+	model1
-43	+	model1
-161	+	model1
32	+	model1
-62	+	model1
-52	+	model1
-40	+	model1
-74	+	model1
-74	+	model1
-25	+	model1
-24	+	model1
-8	+	model1
57	+	model1
170	+	model1
-25	+	model1
3	+	model1
-47	+	model1
-47	+	model1
-45	+	model1
74	-	model1
-14	+	model1
-14	+	model1
0	+	model1
6	+	model1
-84	+	model1
200	+	model1
26	+	model1
-53	+	model1
-53	+	model1
-45	+	model1
34	-	model1
-10	-	model1
-29	-	model1
9	-	model1
39	-	model1
39	-	model1
39	-	model1
98	-	model1
66	-	model1
2	-	model1
33	-	model1
65	-	model1
-104	-	model1
25	-	model1
68	-	model1
7	-	model1
-19	-	model1
-29	-	model1
-38	-	model1
-7	-	model1
0	-	model1
0	-	model1
-16	-	model1
-24	-	model1
-86	-	model1
-86	-	model1
-1	-	model1
-1	-	model1
-8	-	model1
-88	-	model1
-42	-	model1
-55	+	model1
-44	+	model1
212	+	model1
2	+	model1
-11	+	model1
54	+	model1
54	+	model1
15	-	model1
1	-	model1
88	-	model1
87	-	model1
-82	+	model1
37	+	model1
21	+	model1
-126	+	model1
-109	+	model1
54	+	model1
110	-	model1
88	-	model1
87	-	model1
-208	+	model1
-20	+	model1
-98	+	model1
7	+	model1
-2	+	model1
-49	+	model1
5	+	model1
-6	+	model1
2	+	model1
-3	+	model1
0	+	model1
-9	+	model1
-10	+	model1
-32	+	model1
-116	+	model1
-55	+	model1
11	+	model1
-351	-	model1
-61	-	model1
-324	-	model1
-101	-	model1
28	-	model1
62	-	model1
62	-	model1
58	-	model1
46	-	model1
79	-	model1
-3	-	model1
-3	-	model1
-3	-	model1
9	-	model1
-31	-	model1
2	-	model1
53	-	model1
29	-	model1
-13	-	model1
-47	-	model1
-8	-	model1
-22	-	model1
-123	+	model1
75	-	model1
-21	+	model1
-219	+	model1
26	-	model1
-51	+	model1
1	+	model1
1	+	model1
1	+	model1
1	+	model1
1	+	model1
1	+	model1
-2	+	model1
-2	+	model1
-2	+	model1
-2	+	model1
2	+	model1
-4	+	model1
-66	+	model1
-66	+	model1
-7	+	model1
-77	+	model1
24	+	model1
-2	+	model1
-18	+	model1
93	+	model1
-109	+	model1
-49	+	model1
-49	+	model1
-3	+	model1
-15	+	model1
-73	+	model1
-104	+	model1
61	+	model1
-41	+	model1
-41	+	model1
-41	+	model1
-41	+	model1
-225	+	model1
6	+	model1
6	+	model1
-158	+	model1
-1	+	model1
84	+	model1
84	+	model1
-10	+	model1
-50	+	model1
-93	+	model1
-93	+	model1
-112	+	model1
-97	+	model1
-9	+	model1
-36	+	model1
-149	+	model1
-81	+	model1
75	+	model1
75	+	model1
3	+	model1
12	+	model1
20	+	model1
-139	+	model1
-35	-	model1
-35	-	model1
3	-	model1
-91	+	model1
-57	+	model1
1	-	model1
1	-	model1
-5	-	model1
-71	-	model1
25	-	model1
25	-	model1
-72	-	model1
-72	-	model1
-72	-	model1
-72	-	model1
-72	-	model1
-72	-	model1
-30	-	model1
236	-	model1
-4	-	model1
-4	-	model1
138	-	model1
-40	-	model1
63	-	model1
34	-	model1
34	-	model1
-68	-	model1
50	-	model1
3	-	model1
80	-	model1
143	-	model1
159	-	model1
93	-	model1
93	-	model1
142	-	model1
44	-	model1
175	-	model1
175	-	model1
175	-	model1
51	-	model1
19	-	model1
20	-	model1
4	-	model1
17	-	model1
249	-	model1
16	-	model1
-13	-	model1
-8	-	model1
166	-	model1
-2	-	model1
51	-	model1
7	-	model1
-11	-	model1
44	-	model1
44	-	model1
15	-	model1
15	-	model1
-46	-	model1
159	-	model1
125	-	model1
12	-	model1
12	-	model1
112	-	model1
26	-	model1
99	-	model1
-16	-	model1
29	-	model1
55	-	model1
55	-	model1
-73	-	model1
67	-	model1
3	-	model1
-9	-	model1
-6	-	model1
-12	-	model1
-12	-	model1
96	-	model1
-107	+	model1
-107	+	model1
72	-	model1
-61	-	model1
85	-	model1
85	-	model1
-14	-	model1
-25	+	model1
-92	+	model1
-77	-	model1
-75	+	model1
71	+	model1
-65	+	model1
-45	+	model1
-45	+	model1
-45	+	model1
-255	+	model1
-255	+	model1
-64	+	model1
-64	+	model1
-65	+	model1
-56	+	model1
-130	+	model1
-302	+	model1
-302	+	model1
-131	+	model1
-134	+	model1
-33	-	model1
-380	+	model1
3	+	model1
0	+	model1
0	+	model1
-127	+	model1
128	+	model1
128	+	model1
128	+	model1
166	+	model1
166	+	model1
-132	+	model1
-163	+	model1
-163	+	model1
-104	+	model1
-38	+	model1
-25	+	model1
-80	+	model1
-80	+	model1
-50	+	model1
-50	+	model1
329	+	model1
-33	+	model1
-33	+	model1
6	+	model1
-132	+	model1
45	+	model1
42	+	model1
-76	+	model1
-137	+	model1
154	+	model1
6	+	model1
-18	-	model1
-22	+	model1
-25	-	model1
-44	+	model1
-1	-	model1
-69	+	model1
68	-	model1
1	+	model1
-3	+	model1
-6	+	model1
-56	+	model1
-56	+	model1
-42	+	model1
-42	+	model1
-189	+	model1
14	-	model1
14	-	model1
-19	-	model1
-12	-	model1
6	-	model1
38	-	model1
38	-	model1
38	-	model1
38	-	model1
-155	-	model1
101	-	model1
126	-	model1
101	-	model1
39	-	model1
-16	-	model1
52	-	model1
102	-	model1
69	-	model1
69	-	model1
158	-	model1
158	-	model1
158	-	model1
-12	-	model1
-49	-	model1
-49	-	model1
-69	+	model1
-41	+	model1
-28	+	model1
404	+	model1
-53	+	model1
-125	+	model1
-56	+	model1
-42	+	model1
-189	+	model1
-189	+	model1
70	-	model1
-19	-	model1
-12	-	model1
-7	-	model1
-8	-	model1
6	-	model1
21	-	model1
-155	-	model1
53	-	model1
53	-	model1
69	-	model1
70	-	model1
158	-	model1
158	-	model1
1	-	model1
1	-	model1
1	-	model1
-16	-	model1
39	-	model1
86	-	model1
83	-	model1
25	-	model1
-162	+	model1
-162	+	model1
-1	-	model1
-28	+	model1
-5	-	model1
-35	+	model1
-40	+	model1
-40	+	model1
-35	+	model1
-82	+	model1
34	+	model1
-16	+	model1
-27	+	model1
-224	+	model1
-86	+	model1
-11	-	model1
-7	-	model1
-5	-	model1
-49	-	model1
-19	-	model1
-59	-	model1
-162	-	model1
-162	-	model1
-15	-	model1
-9	-	model1
-32	-	model1
32	-	model1
-18	-	model1
-99	-	model1
85	-	model1
-26	-	model1
-255	-	model1
2	-	model1
142	-	model1
111	-	model1
52	-	model1
-2	-	model1
-78	+	model1
30	+	model1
7	+	model1
-7	+	model1
-52	+	model1
5	+	model1
91	-	model1
91	-	model1
1	+	model1
-41	+	model1
53	+	model1
-106	+	model1
-2	+	model1
-15	-	model1
-3	-	model1
-3	-	model1
-158	-	model1
-35	-	model1
-35	-	model1
-46	-	model1
-46	-	model1
21	+	model1
-108	+	model1
-13	+	model1
62	+	model1
-185	+	model1
43	+	model1
0	+	model1
-26	+	model1
-36	+	model1
-46	+	model1
-46	+	model1
-196	+	model1
54	+	model1
54	+	model1
-62	+	model1
195	-	model1
46	-	model1
2	-	model1
113	-	model1
27	-	model1
54	-	model1
28	-	model1
81	-	model1
81	-	model1
125	-	model1
99	-	model1
99	-	model1
43	-	model1
-135	-	model1
5	-	model1
67	-	model1
4	-	model1
-15	-	model1
-15	-	model1
47	-	model1
-197	+	model1
-42	+	model1
-20	+	model1
-209	+	model1
-1	+	model1
-1	+	model1
4	+	model1
-33	+	model1
2	+	model1
1	+	model1
-2	+	model1
32	+	model1
27	+	model1
64	+	model1
-27	+	model1
106	+	model1
-229	+	model1
52	-	model1
-17	-	model1
148	-	model1
70	-	model1
-86	-	model1
-86	-	model1
-86	-	model1
-86	-	model1
-86	-	model1
-86	-	model1
20	-	model1
300	-	model1
99	-	model1
48	-	model1
-1	-	model1
-27	+	model1
-78	-	model1
-126	+	model1
-76	+	model1
0	+	model1
0	+	model1
83	+	model1
-49	+	model1
-128	+	model1
-128	+	model1
-83	+	model1
-83	+	model1
-27	+	model1
5	+	model1
35	+	model1
35	+	model1
-2	+	model1
-9	+	model1
-56	+	model1
106	+	model1
-229	+	model1
-11	-	model1
52	-	model1
52	-	model1
52	-	model1
-17	-	model1
-17	-	model1
90	-	model1
90	-	model1
148	-	model1
148	-	model1
148	-	model1
-63	-	model1
-95	-	model1
-95	-	model1
-95	-	model1
-95	-	model1
-86	-	model1
-86	-	model1
-86	-	model1
-86	-	model1
-86	-	model1
-86	-	model1
40	-	model1
20	-	model1
-22	-	model1
126	-	model1
53	-	model1
53	-	model1
-21	-	model1
59	-	model1
59	-	model1
-1	-	model1
-27	+	model1
-139	+	model1
-78	-	model1
46	-	model1
179	+	model1
83	+	model1
-1	+	model1
-79	+	model1
94	+	model1
-9	+	model1
-160	+	model1
-229	+	model1
52	-	model1
52	-	model1
-17	-	model1
90	-	model1
90	-	model1
148	-	model1
148	-	model1
-63	-	model1
123	-	model1
7	-	model1
7	-	model1
-3	-	model1
-95	-	model1
-95	-	model1
-95	-	model1
-95	-	model1
-86	-	model1
-86	-	model1
-86	-	model1
-86	-	model1
-86	-	model1
-86	-	model1
12	-	model1
-175	-	model1
-8	-	model1
-25	-	model1
-2	-	model1
-27	+	model1
-78	-	model1
-126	+	model1
179	+	model1
39	+	model1
1	+	model1
-6	+	model1
-319	-	model1
3	+	model1
-25	-	model1
8	-	model1
63	-	model1
96	-	model1
-17	-	model1
-5	-	model1
57	-	model1
-156	+	model1
104	-	model1
6	-	model1
55	-	model1
7	-	model1
-43	-	model1
-19	-	model1
-129	+	model1
27	+	model1
57	+	model1
-13	+	model1
62	+	model1
43	+	model1
-36	+	model1
-4	+	model1
8	+	model1
-62	+	model1
195	-	model1
-6	-	model1
46	-	model1
11	-	model1
27	-	model1
28	-	model1
81	-	model1
51	-	model1
125	-	model1
99	-	model1
4	-	model1
5	-	model1
67	-	model1
-15	-	model1
-67	-	model1
-6	+	model1
-36	+	model1
-1	+	model1
4	+	model1
-33	+	model1
1	+	model1
1	+	model1
2	+	model1
0	+	model1
-62	+	model1
-62	+	model1
-17	+	model1
66	+	model1
-46	+	model1
-46	+	model1
-46	+	model1
-46	+	model1
-83	+	model1
70	+	model1
-64	+	model1
-31	-	model1
-68	+	model1
-19	+	model1
-97	+	model1
-12	+	model1
-50	+	model1
-75	+	model1
-164	+	model1
-179	+	model1
-189	+	model1
-189	+	model1
-1	+	model1
-247	+	model1
-12	+	model1
108	-	model1
108	-	model1
-34	+	model1
205	-	model1
-21	-	model1
168	-	model1
223	-	model1
146	-	model1
-7	-	model1
-7	-	model1
-8	-	model1
182	-	model1
182	-	model1
40	-	model1
40	-	model1
18	-	model1
28	-	model1
28	-	model1
78	-	model1
55	-	model1
-22	-	model1
26	-	model1
88	-	model1
82	-	model1
-27	-	model1
-3	-	model1
100	-	model1
48	-	model1
58	-	model1
250	-	model1
-62	-	model1
-48	+	model1
-64	+	model1
-191	+	model1
-292	+	model1
-186	+	model1
13	+	model1
-2	+	model1
-91	+	model1
-72	+	model1
-107	+	model1
-107	+	model1
-110	+	model1
-61	+	model1
-61	+	model1
-11	+	model1
-11	+	model1
61	+	model1
61	+	model1
-3	+	model1
-33	+	model1
123	+	model1
-36	+	model1
-30	+	model1
0	+	model1
-82	+	model1
34	+	model1
-27	+	model1
-224	+	model1
-86	+	model1
-11	-	model1
-7	-	model1
-5	-	model1
-29	-	model1
-49	-	model1
-19	-	model1
-162	-	model1
-15	-	model1
-9	-	model1
32	-	model1
-139	-	model1
21	-	model1
-99	-	model1
85	-	model1
-26	-	model1
-255	-	model1
-29	-	model1
142	-	model1
-191	-	model1
111	-	model1
52	-	model1
15	-	model1
-2	-	model1
-68	+	model1
-176	+	model1
124	+	model1
91	-	model1
91	-	model1
-82	+	model1
25	-	model1
41	-	model1
2	-	model1
33	-	model1
65	-	model1
-29	-	model1
-38	-	model1
-2	-	model1
-24	-	model1
-86	-	model1
-1	-	model1
-1	-	model1
-8	-	model1
-2	+	model1
-88	-	model1
-98	+	model1
3	+	model1
2	+	model1
1	+	model1
1	+	model1
1	+	model1
1	+	model1
2	+	model1
4	+	model1
-65	+	model1
0	+	model1
-1	+	model1
-31	+	model1
-87	+	model1
5	+	model1
1	+	model1
69	+	model1
3	+	model1
3	+	model1
0	+	model1
-1	+	model1
5	+	model1
-50	+	model1
6	+	model1
6	+	model1
125	+	model1
4	+	model1
-2	+	model1
0	+	model1
0	+	model1
56	+	model1
7	+	model1
10	+	model1
0	+	model1
0	+	model1
112	+	model1
27	+	model1
-16	+	model1
-61	+	model1
-78	+	model1
-170	+	model1
-60	+	model1
-121	+	model1
-9	+	model1
4	+	model1
4	+	model1
-117	+	model1
-183	+	model1
-65	+	model1
-65	+	model1
-203	+	model1
-26	+	model1
-41	+	model1
-119	+	model1
-89	+	model1
-28	+	model1
3	+	model1
-38	+	model1
-111	+	model1
-193	-	model1
-193	-	model1
-193	-	model1
-193	-	model1
-103	+	model1
18	+	model1
-77	+	model1
-62	+	model1
-30	+	model1
-19	-	model1
-129	+	model1
-250	+	model1
-257	+	model1
-34	+	model1
-97	+	model1
-81	+	model1
-156	+	model1
-56	+	model1
-69	+	model1
-137	+	model1
-20	-	model1
-20	-	model1
349	+	model1
-11	-	model1
-56	-	model1
90	-	model1
-23	-	model1
-33	-	model1
42	-	model1
25	-	model1
25	-	model1
38	-	model1
46	-	model1
1	-	model1
-21	-	model1
-13	-	model1
-23	-	model1
11	-	model1
47	-	model1
28	-	model1
-22	-	model1
-4	-	model1
-4	-	model1
-38	-	model1
69	-	model1
-8	-	model1
-36	-	model1
110	-	model1
104	-	model1
142	-	model1
-11	-	model1
8	-	model1
1	-	model1
74	-	model1
207	-	model1
140	-	model1
35	-	model1
35	-	model1
51	-	model1
230	-	model1
13	-	model1
120	-	model1
212	-	model1
22	-	model1
40	-	model1
40	-	model1
-10	-	model1
12	-	model1
108	-	model1
62	-	model1
58	-	model1
58	-	model1
68	-	model1
67	-	model1
99	-	model1
133	-	model1
133	-	model1
107	-	model1
11	-	model1
187	-	model1
46	-	model1
56	-	model1
47	-	model1
-2	-	model1
4	-	model1
2	-	model1
-49	-	model1
-49	-	model1
102	-	model1
-55	-	model1
110	-	model1
-29	-	model1
42	-	model1
-2	-	model1
-19	-	model1
170	-	model1
45	-	model1
32	-	model1
-93	-	model1
26	-	model1
-78	-	model1
-153	+	model1
-1	-	model1
-128	+	model1
-59	+	model1
-103	+	model1
-103	+	model1
-30	+	model1
352	+	model1
-123	+	model1
-12	-	model1
-233	+	model1
117	+	model1
117	+	model1
-2	+	model1
-207	+	model1
-24	+	model1
-62	+	model1
-82	+	model1
26	+	model1
-249	+	model1
-52	+	model1
-52	+	model1
-52	+	model1
35	+	model1
-40	+	model1
-149	+	model1
-74	+	model1
-74	+	model1
-74	+	model1
-80	+	model1
-2	+	model1
-70	+	model1
-105	+	model1
154	+	model1
-101	+	model1
-56	+	model1
-35	+	model1
-35	+	model1
-167	+	model1
-24	+	model1
57	+	model1
-9	+	model1
-61	+	model1
-11	+	model1
-84	+	model1
3	+	model1
3	+	model1
3	+	model1
76	+	model1
-23	+	model1
-45	+	model1
74	-	model1
71	+	model1
4	+	model1
4	+	model1
-16	+	model1
3	+	model1
6	+	model1
0	+	model1
0	+	model1
-11	+	model1
-21	+	model1
-81	+	model1
-81	+	model1
20	-	model1
107	-	model1
107	-	model1
107	-	model1
107	-	model1
107	-	model1
107	-	model1
-25	-	model1
-25	-	model1
4	-	model1
-16	-	model1
-22	-	model1
-22	-	model1
-22	-	model1
-1	-	model1
-1	-	model1
-1	-	model1
176	+	model1
-167	+	model1
4	+	model1
32	+	model1
-98	+	model1
5	+	model1
-44	+	model1
5	+	model1
43	-	model1
-1	-	model1
-104	+	model1
-58	+	model1
-72	+	model1
15	+	model1
-84	+	model1
12	+	model1
-12	+	model1
-30	+	model1
4	+	model1
-192	+	model1
54	-	model1
167	-	model1
-36	-	model1
-36	-	model1
6	-	model1
-91	-	model1
156	-	model1
-5	-	model1
-5	-	model1
-5	-	model1
32	-	model1
32	-	model1
81	-	model1
72	-	model1
50	-	model1
0	-	model1
-11	-	model1
96	-	model1
20	-	model1
-85	+	model1
-3	+	model1
3	+	model1
3	+	model1
2	+	model1
1	+	model1
5	+	model1
32	+	model1
-39	+	model1
-41	+	model1
164	+	model1
-1	+	model1
68	+	model1
-13	+	model1
-16	+	model1
-29	+	model1
-26	+	model1
8	+	model1
107	+	model1
27	+	model1
-74	+	model1
-74	+	model1
-7	+	model1
-6	+	model1
-1	-	model1
42	-	model1
42	-	model1
42	-	model1
42	-	model1
26	-	model1
26	-	model1
26	-	model1
26	-	model1
26	-	model1
26	-	model1
26	-	model1
26	-	model1
-12	-	model1
42	-	model1
-4	-	model1
41	-	model1
-206	-	model1
-336	-	model1
-380	-	model1
133	-	model1
133	-	model1
-39	-	model1
98	-	model1
98	-	model1
63	-	model1
23	-	model1
150	-	model1
167	-	model1
8	-	model1
67	-	model1
107	-	model1
107	-	model1
11	-	model1
54	-	model1
146	-	model1
99	-	model1
-41	-	model1
-64	-	model1
-7	-	model1
-2	-	model1
-3	-	model1
-3	-	model1
85	-	model1
-327	+	model1
-8	+	model1
-2	-	model1
-253	+	model1
-1	-	model1
-20	+	model1
-1	-	model1
38	+	model1
-112	+	model1
-6	+	model1
-19	+	model1
-17	+	model1
-38	+	model1
28	+	model1
-1	+	model1
-65	+	model1
12	+	model1
-1	+	model1
1	+	model1
-72	+	model1
-72	+	model1
15	+	model1
-32	+	model1
-84	+	model1
12	+	model1
12	+	model1
-30	+	model1
-108	+	model1
4	+	model1
-162	+	model1
-136	+	model1
-136	+	model1
-93	+	model1
-192	+	model1
-361	+	model1
-330	+	model1
54	-	model1
-163	+	model1
167	-	model1
-7	-	model1
286	-	model1
-36	-	model1
-36	-	model1
-36	-	model1
1	-	model1
-12	-	model1
-5	-	model1
10	-	model1
32	-	model1
32	-	model1
120	-	model1
4	-	model1
-52	-	model1
50	-	model1
50	-	model1
3	-	model1
2	-	model1
0	-	model1
0	-	model1
96	-	model1
-81	-	model1
20	-	model1
52	-	model1
5	-	model1
-2	+	model1
14	+	model1
-52	+	model1
-85	+	model1
-132	+	model1
-5	+	model1
-39	+	model1
72	+	model1
-3	+	model1
3	+	model1
-2	+	model1
-2	+	model1
-4	+	model1
27	+	model1
-86	+	model1
-11	-	model1
-64	-	model1
-5	-	model1
18	-	model1
-29	-	model1
-49	-	model1
0	-	model1
-162	-	model1
-15	-	model1
-27	-	model1
-27	-	model1
-9	-	model1
32	-	model1
0	-	model1
87	-	model1
21	-	model1
-99	-	model1
-255	-	model1
-38	-	model1
52	-	model1
-17	-	model1
-2	-	model1
205	+	model1
205	+	model1
-11	+	model1
91	-	model1
91	-	model1
-3	-	model1
-1	+	model1
-184	+	model1
-6	+	model1
5	+	model1
-56	+	model1
-56	+	model1
-42	+	model1
-42	+	model1
-19	-	model1
-12	-	model1
6	-	model1
89	-	model1
53	-	model1
53	-	model1
69	-	model1
69	-	model1
158	-	model1
158	-	model1
158	-	model1
83	-	model1
-49	-	model1
-49	-	model1
-28	+	model1
-35	+	model1
1	+	model1
1	+	model1
1	+	model1
1	+	model1
8	+	model1
0	+	model1
-77	+	model1
-1	+	model1
-2	+	model1
-12	+	model1
-13	+	model1
-104	+	model1
61	+	model1
52	+	model1
-134	+	model1
-24	+	model1
84	+	model1
84	+	model1
-50	+	model1
-129	+	model1
161	+	model1
-149	+	model1
-81	+	model1
12	+	model1
-111	+	model1
-111	+	model1
-111	+	model1
20	+	model1
79	+	model1
79	+	model1
19	+	model1
65	-	model1
-11	-	model1
-3	-	model1
-5	-	model1
-18	-	model1
3	-	model1
7	-	model1
142	-	model1
154	-	model1
51	-	model1
184	-	model1
20	-	model1
107	-	model1
17	-	model1
249	-	model1
15	-	model1
51	-	model1
44	-	model1
-21	-	model1
125	-	model1
112	-	model1
-16	-	model1
29	-	model1
55	-	model1
-73	-	model1
41	-	model1
41	-	model1
284	-	model1
284	-	model1
-107	+	model1
-107	+	model1
-2	-	model1
-2	-	model1
141	-	model1
-25	+	model1
-92	+	model1
-105	+	model1
-105	+	model1
-105	+	model1
-109	+	model1
-109	+	model1
-75	+	model1
-55	+	model1
-55	+	model1
-55	+	model1
-55	+	model1
-11	+	model1
-11	+	model1
-65	+	model1
-134	+	model1
-33	-	model1
-57	+	model1
-36	+	model1
128	+	model1
128	+	model1
-132	+	model1
-80	+	model1
21	+	model1
-33	+	model1
-33	+	model1
35	+	model1
117	-	model1
5	+	model1
5	+	model1
0	+	model1
-75	+	model1
-44	+	model1
-69	+	model1
-1	+	model1
0	+	model1
93	+	model1
4	+	model1
1	+	model1
12	+	model1
12	+	model1
12	+	model1
90	+	model1
-16	+	model1
-42	+	model1
-42	+	model1
-58	+	model1
-199	+	model1
-3	+	model1
-33	+	model1
-33	+	model1
-33	+	model1
-33	+	model1
-22	+	model1
-26	+	model1
-115	+	model1
-112	+	model1
-112	+	model1
-79	+	model1
-79	+	model1
-79	+	model1
-133	+	model1
188	+	model1
1	-	model1
-102	+	model1
3	-	model1
6	-	model1
58	-	model1
-23	-	model1
48	-	model1
30	-	model1
94	-	model1
77	-	model1
77	-	model1
50	-	model1
141	-	model1
6	-	model1
151	-	model1
151	-	model1
151	-	model1
151	-	model1
72	-	model1
40	-	model1
150	-	model1
-1	+	model1
-56	+	model1
-12	+	model1
-12	+	model1
-12	+	model1
-35	+	model1
-119	+	model1
-280	+	model1
-280	+	model1
46	+	model1
-2	-	model1
3	+	model1
-7	+	model1
-27	+	model1
0	+	model1
-1	+	model1
4	+	model1
5	+	model1
5	+	model1
-2	+	model1
-23	-	model1
6	-	model1
-43	-	model1
12	-	model1
-19	-	model1
2	+	model1
2	+	model1
41	-	model1
107	-	model1
107	-	model1
107	-	model1
107	-	model1
107	-	model1
107	-	model1
45	-	model1
4	-	model1
-87	-	model1
-16	-	model1
-6	-	model1
-55	-	model1
2	-	model1
63	-	model1
72	-	model1
-2	-	model1
-22	-	model1
-22	-	model1
-22	-	model1
-1	-	model1
-1	-	model1
-1	-	model1
-1	-	model1
-1	-	model1
-246	+	model1
-246	+	model1
-167	+	model1
-144	+	model1
-82	+	model1
4	+	model1
117	+	model1
5	+	model1
54	+	model1
171	-	model1
127	-	model1
88	-	model1
87	-	model1
-13	+	model1
43	+	model1
-15	+	model1
-4	+	model1
-62	+	model1
195	-	model1
46	-	model1
11	-	model1
2	-	model1
81	-	model1
81	-	model1
51	-	model1
99	-	model1
99	-	model1
43	-	model1
5	-	model1
67	-	model1
-15	-	model1
-36	+	model1
-110	+	model1
-1	+	model1
19	+	model1
4	+	model1
-33	+	model1
2	+	model1
-19	+	model1
60	+	model1
0	+	model1
-33	+	model1
-197	+	model1
-214	+	model1
-214	+	model1
-53	+	model1
-31	+	model1
127	-	model1
12	-	model1
12	-	model1
-25	-	model1
14	-	model1
25	-	model1
-28	-	model1
13	-	model1
64	-	model1
-29	-	model1
47	-	model1
98	-	model1
-71	-	model1
2	-	model1
-14	-	model1
33	-	model1
9	-	model1
65	-	model1
-84	-	model1
144	-	model1
25	-	model1
4	-	model1
-19	-	model1
-29	-	model1
-9	-	model1
-16	-	model1
-24	-	model1
-86	-	model1
-1	-	model1
1	-	model1
-1	-	model1
-88	-	model1
-116	+	model1
-152	+	model1
-169	+	model1
-233	+	model1
30	+	model1
-25	+	model1
3	+	model1
-30	+	model1
1	+	model1
5	+	model1
32	+	model1
-41	+	model1
-39	+	model1
0	+	model1
-1	+	model1
68	+	model1
-57	+	model1
-29	+	model1
-26	+	model1
-26	+	model1
8	+	model1
6	+	model1
159	+	model1
6	+	model1
107	+	model1
27	+	model1
-74	+	model1
-74	+	model1
-92	+	model1
-7	+	model1
-57	+	model1
-1	-	model1
42	-	model1
-4	-	model1
41	-	model1
-336	-	model1
-336	-	model1
-380	-	model1
148	-	model1
-184	-	model1
-184	-	model1
-39	-	model1
98	-	model1
98	-	model1
-52	-	model1
-52	-	model1
87	-	model1
63	-	model1
95	-	model1
-20	-	model1
11	-	model1
54	-	model1
146	-	model1
99	-	model1
8	-	model1
8	-	model1
-7	-	model1
10	-	model1
-7	-	model1
-3	-	model1
-3	-	model1
-3	-	model1
-327	+	model1
210	+	model1
-253	+	model1
82	-	model1
35	+	model1
38	+	model1
-112	+	model1
-6	+	model1
-38	+	model1
-1	+	model1
-65	+	model1
-3	+	model1
12	+	model1
-32	-	model1
-32	-	model1
-1	+	model1
1	+	model1
4	+	model1
5	+	model1
5	+	model1
0	-	model1
-9	-	model1
-9	-	model1
-23	-	model1
40	-	model1
3	-	model1
3	-	model1
6	-	model1
6	-	model1
6	-	model1
6	-	model1
-31	-	model1
239	-	model1
239	-	model1
212	-	model1
25	-	model1
-43	-	model1
-43	-	model1
-19	-	model1
5	-	model1
-93	+	model1
-85	+	model1
-1	-	model1
-46	+	model1
-23	+	model1
-103	+	model1
1	+	model1
1	+	model1
-2	+	model1
0	+	model1
-4	+	model1
-77	+	model1
-1	+	model1
-14	+	model1
-68	+	model1
-109	+	model1
-3	+	model1
-13	+	model1
-104	+	model1
-41	+	model1
377	+	model1
32	+	model1
0	+	model1
-79	+	model1
-50	+	model1
116	+	model1
-36	+	model1
-36	+	model1
-149	+	model1
74	+	model1
-109	+	model1
-59	+	model1
-59	+	model1
-138	+	model1
12	+	model1
-111	+	model1
-111	+	model1
-111	+	model1
20	+	model1
-139	+	model1
-58	+	model1
-58	+	model1
19	+	model1
157	-	model1
-57	+	model1
-160	+	model1
65	-	model1
-11	-	model1
-24	-	model1
-42	-	model1
-112	-	model1
-3	-	model1
106	-	model1
-110	-	model1
-22	-	model1
51	-	model1
20	-	model1
107	-	model1
34	-	model1
120	-	model1
44	-	model1
125	-	model1
112	-	model1
-16	-	model1
29	-	model1
55	-	model1
27	-	model1
-41	-	model1
-9	-	model1
141	-	model1
-25	+	model1
-92	+	model1
-105	+	model1
-105	+	model1
-105	+	model1
-213	+	model1
-213	+	model1
-115	+	model1
-55	+	model1
-55	+	model1
-138	+	model1
-99	+	model1
128	+	model1
-25	+	model1
-80	+	model1
-21	+	model1
-33	+	model1
-33	+	model1
35	+	model1
-141	+	model1
-22	+	model1
-25	-	model1
-75	+	model1
-44	+	model1
-69	+	model1
-87	+	model1
-2	+	model1
-9	+	model1
-111	+	model1
106	+	model1
-229	+	model1
-11	-	model1
52	-	model1
-17	-	model1
148	-	model1
-63	-	model1
-86	-	model1
-86	-	model1
206	-	model1
20	-	model1
-22	-	model1
-1	-	model1
-27	+	model1
-44	+	model1
-78	-	model1
83	+	model1
58	+	model1
-256	+	model1
-256	+	model1
-311	+	model1
43	-	model1
127	-	model1
19	-	model1
3	-	model1
179	-	model1
67	-	model1
348	-	model1
1	-	model1
264	-	model1
264	-	model1
26	-	model1
-22	-	model1
-1	-	model1
-1	-	model1
-6	+	model1
-58	+	model1
-56	+	model1
1	+	model1
5	+	model1
-5	-	model1
-169	+	model1
205	+	model1
-186	+	model1
-186	+	model1
-192	+	model1
-192	+	model1
-76	+	model1
-54	+	model1
-21	+	model1
-132	+	model1
-4	-	model1
-81	+	model1
159	-	model1
-4	-	model1
93	-	model1
93	-	model1
-109	-	model1
-4	-	model1
-172	-	model1
-60	-	model1
-38	-	model1
71	-	model1
102	-	model1
3	-	model1
3	-	model1
8	-	model1
116	-	model1
41	-	model1
-27	-	model1
-27	-	model1
-44	-	model1
-44	-	model1
107	-	model1
107	-	model1
107	-	model1
-25	-	model1
20	-	model1
45	-	model1
202	-	model1
139	-	model1
1	-	model1
-16	-	model1
-69	-	model1
66	-	model1
66	-	model1
-6	-	model1
-104	-	model1
8	-	model1
182	-	model1
-55	-	model1
-26	-	model1
-35	-	model1
46	-	model1
2	-	model1
39	-	model1
39	-	model1
-23	-	model1
-2	-	model1
-22	-	model1
-22	-	model1
-1	-	model1
-1	-	model1
-18	-	model1
-1	-	model1
-1	-	model1
0	-	model1
-432	+	model1
-144	+	model1
-30	-	model1
-2	-	model1
-246	+	model1
-246	+	model1
176	+	model1
-167	+	model1
-144	+	model1
-140	+	model1
5	+	model1
-79	+	model1
4	+	model1
117	+	model1
57	+	model1
-13	+	model1
6	+	model1
-64	+	model1
32	+	model1
-6	+	model1
-98	+	model1
-25	+	model1
5	+	model1
-1	+	model1
-1	+	model1
-4	+	model1
-4	+	model1
37	+	model1
1	+	model1
-34	+	model1
-42	+	model1
-42	+	model1
-42	+	model1
-42	+	model1
-33	+	model1
-33	+	model1
-33	+	model1
-33	+	model1
-22	+	model1
-26	+	model1
-279	+	model1
-93	+	model1
-28	+	model1
-28	+	model1
-28	+	model1
1	-	model1
-10	-	model1
-10	-	model1
27	-	model1
-23	-	model1
91	-	model1
45	-	model1
-17	+	model1
-128	+	model1
-12	+	model1
-35	+	model1
-280	+	model1
-280	+	model1
-19	+	model1
-7	+	model1
-22	+	model1
-1	+	model1
4	+	model1
-44	+	model1
-311	+	model1
123	-	model1
43	-	model1
42	-	model1
348	-	model1
-1	-	model1
-104	+	model1
-56	+	model1
-85	+	model1
35	+	model1
195	+	model1
-46	+	model1
-16	+	model1
-12	+	model1
-7	+	model1
-7	+	model1
-18	+	model1
5	+	model1
-46	-	model1
-20	-	model1
111	-	model1
48	-	model1
17	-	model1
-31	-	model1
55	-	model1
100	-	model1
-275	+	model1
-264	+	model1
131	+	model1
-18	+	model1
187	+	model1
187	+	model1
1	+	model1
32	+	model1
164	+	model1
-16	+	model1
8	+	model1
27	+	model1
-1	-	model1
42	-	model1
42	-	model1
42	-	model1
42	-	model1
26	-	model1
26	-	model1
26	-	model1
26	-	model1
-12	-	model1
42	-	model1
-4	-	model1
41	-	model1
-336	-	model1
-380	-	model1
133	-	model1
133	-	model1
-39	-	model1
98	-	model1
98	-	model1
-4	-	model1
63	-	model1
23	-	model1
150	-	model1
167	-	model1
54	-	model1
99	-	model1
-7	-	model1
-2	-	model1
-3	-	model1
-327	+	model1
-2	-	model1
-253	+	model1
-1	-	model1
-38	+	model1
-1	+	model1
-65	+	model1
12	+	model1
-1	+	model1
-47	+	model1
4	+	model1
-18	+	model1
-169	+	model1
-6	-	model1
-2	-	model1
7	-	model1
7	-	model1
187	-	model1
2	-	model1
18	-	model1
17	-	model1
-5	-	model1
-65	-	model1
-65	-	model1
-64	-	model1
152	-	model1
-32	-	model1
18	-	model1
-51	+	model1
-147	+	model1
-8	+	model1
-4	+	model1
-49	+	model1
-49	+	model1
-49	+	model1
2	+	model1
-34	+	model1
0	+	model1
27	+	model1
-10	+	model1
-32	+	model1
-116	+	model1
-55	+	model1
-55	+	model1
-94	+	model1
-205	+	model1
-151	+	model1
-48	-	model1
-8	-	model1
-73	-	model1
21	-	model1
-351	-	model1
-61	-	model1
-61	-	model1
-282	-	model1
-324	-	model1
-101	-	model1
24	-	model1
-23	-	model1
47	-	model1
62	-	model1
38	-	model1
38	-	model1
82	-	model1
58	-	model1
46	-	model1
79	-	model1
30	-	model1
16	-	model1
-3	-	model1
-3	-	model1
-31	-	model1
2	-	model1
29	-	model1
-22	-	model1
23	-	model1
-8	-	model1
-87	+	model1
14	+	model1
-72	+	model1
-21	+	model1
-51	+	model1
2	+	model1
4	+	model1
-72	+	model1
-1	+	model1
-10	+	model1
-2	+	model1
0	+	model1
10	+	model1
-22	+	model1
-16	+	model1
-43	+	model1
-24	+	model1
-203	+	model1
-20	-	model1
-20	-	model1
-24	-	model1
-56	-	model1
18	-	model1
24	-	model1
86	-	model1
107	-	model1
107	-	model1
107	-	model1
-10	-	model1
47	-	model1
-29	-	model1
-11	-	model1
-4	+	model1
-24	+	model1
-62	+	model1
-40	+	model1
-8	+	model1
157	-	model1
157	-	model1
-19	+	model1
-68	+	model1
57	+	model1
170	+	model1
-14	+	model1
-45	+	model1
-1	+	model1
6	+	model1
2	+	model1
5	+	model1
5	+	model1
1	+	model1
1	+	model1
-83	+	model1
-83	+	model1
-83	+	model1
-83	+	model1
-60	+	model1
0	+	model1
-23	+	model1
22	+	model1
-2	+	model1
-43	+	model1
-144	+	model1
46	+	model1
-16	+	model1
-161	+	model1
-17	+	model1
-50	+	model1
66	+	model1
-16	+	model1
-16	+	model1
-16	+	model1
-46	+	model1
7	+	model1
131	+	model1
-47	+	model1
3	+	model1
11	+	model1
-16	+	model1
-68	+	model1
-83	+	model1
70	+	model1
70	+	model1
-68	+	model1
-19	+	model1
-19	+	model1
-37	+	model1
-79	+	model1
-79	+	model1
-79	+	model1
-14	+	model1
78	+	model1
78	+	model1
-50	+	model1
-88	+	model1
-61	+	model1
-189	+	model1
-1	+	model1
-247	+	model1
-239	+	model1
-12	+	model1
-92	+	model1
-135	+	model1
39	-	model1
-2	-	model1
-14	-	model1
108	-	model1
108	-	model1
108	-	model1
108	-	model1
32	-	model1
-67	-	model1
81	-	model1
2	-	model1
91	-	model1
34	-	model1
-29	-	model1
122	-	model1
41	-	model1
-24	-	model1
-4	-	model1
-32	-	model1
3	-	model1
3	-	model1
-8	-	model1
34	-	model1
29	-	model1
-24	-	model1
-24	-	model1
-8	-	model1
-58	-	model1
-58	-	model1
-8	-	model1
45	-	model1
58	-	model1
58	-	model1
-28	-	model1
-70	-	model1
155	-	model1
2	-	model1
-17	-	model1
146	-	model1
75	-	model1
7	-	model1
59	-	model1
32	-	model1
4	-	model1
15	-	model1
182	-	model1
182	-	model1
46	-	model1
0	-	model1
40	-	model1
-78	-	model1
-78	-	model1
111	-	model1
111	-	model1
-57	-	model1
50	-	model1
-33	-	model1
100	-	model1
77	-	model1
140	-	model1
-18	-	model1
69	-	model1
69	-	model1
56	-	model1
56	-	model1
40	-	model1
64	-	model1
-117	-	model1
40	-	model1
151	-	model1
44	-	model1
29	-	model1
148	-	model1
45	-	model1
-3	-	model1
28	-	model1
28	-	model1
128	-	model1
-116	-	model1
29	-	model1
29	-	model1
63	-	model1
33	-	model1
93	-	model1
206	-	model1
-22	-	model1
26	-	model1
88	-	model1
82	-	model1
-27	-	model1
7	-	model1
7	-	model1
27	-	model1
100	-	model1
-3	-	model1
36	-	model1
100	-	model1
186	-	model1
-5	-	model1
-5	-	model1
-5	-	model1
9	-	model1
3	-	model1
48	-	model1
126	-	model1
126	-	model1
278	-	model1
278	-	model1
58	-	model1
250	-	model1
-24	-	model1
-26	-	model1
-107	+	model1
-216	+	model1
11	-	model1
-64	+	model1
-158	+	model1
-72	-	model1
-191	+	model1
-119	+	model1
-59	+	model1
-20	+	model1
-292	+	model1
-132	+	model1
-186	+	model1
-35	+	model1
-55	+	model1
-32	+	model1
-32	+	model1
-197	+	model1
-197	+	model1
101	+	model1
-18	+	model1
156	+	model1
-123	+	model1
-123	+	model1
-61	+	model1
-11	+	model1
-11	+	model1
-19	+	model1
-19	+	model1
-19	+	model1
-19	+	model1
-19	+	model1
-19	+	model1
11	+	model1
61	+	model1
-114	+	model1
-60	+	model1
-12	-	model1
-12	-	model1
-14	+	model1
-48	+	model1
-91	+	model1
15	+	model1
0	+	model1
123	+	model1
-8	+	model1
89	+	model1
89	+	model1
-30	+	model1
-30	+	model1
-1	-	model1
3	+	model1
4	+	model1
-76	+	model1
-83	+	model1
2	+	model1
1	+	model1
2	+	model1
-20	+	model1
2	+	model1
6	+	model1
37	+	model1
-118	+	model1
-118	+	model1
-118	+	model1
16	+	model1
-29	+	model1
1	-	model1
-16	-	model1
12	-	model1
160	-	model1
35	-	model1
228	-	model1
228	-	model1
228	-	model1
228	-	model1
39	-	model1
39	-	model1
-22	-	model1
2	-	model1
115	-	model1
115	-	model1
-14	-	model1
-86	-	model1
88	-	model1
88	-	model1
48	-	model1
-19	-	model1
-19	-	model1
-19	-	model1
-19	-	model1
70	-	model1
70	-	model1
70	-	model1
70	-	model1
-70	-	model1
135	-	model1
134	-	model1
134	-	model1
96	-	model1
96	-	model1
96	-	model1
96	-	model1
70	-	model1
-16	-	model1
97	-	model1
97	-	model1
97	-	model1
97	-	model1
18	-	model1
-71	-	model1
83	-	model1
83	-	model1
83	-	model1
-85	-	model1
-85	-	model1
-21	-	model1
-140	-	model1
-37	-	model1
91	-	model1
-191	+	model1
-1	+	model1
-10	+	model1
-115	+	model1
-91	+	model1
-53	+	model1
-53	+	model1
16	+	model1
34	+	model1
-2	+	model1
37	+	model1
-64	+	model1
0	+	model1
-205	+	model1
-205	+	model1
-28	-	model1
-1	+	model1
1	+	model1
1	+	model1
1	+	model1
1	+	model1
8	+	model1
-4	+	model1
-68	+	model1
-13	+	model1
-41	+	model1
-41	+	model1
-134	+	model1
-22	+	model1
-50	+	model1
-129	+	model1
-36	+	model1
-149	+	model1
-81	+	model1
12	+	model1
20	+	model1
3	-	model1
-230	+	model1
19	+	model1
-57	+	model1
-11	-	model1
3	-	model1
51	-	model1
184	-	model1
184	-	model1
20	-	model1
107	-	model1
7	-	model1
-13	-	model1
-8	-	model1
15	-	model1
125	-	model1
112	-	model1
-16	-	model1
29	-	model1
288	-	model1
110	-	model1
284	-	model1
284	-	model1
141	-	model1
-92	+	model1
-2	-	model1
-65	+	model1
-33	-	model1
-2	+	model1
128	+	model1
128	+	model1
-25	+	model1
2	+	model1
-44	+	model1
-69	+	model1
0	+	model1
-18	+	model1
7	-	model1
187	-	model1
2	-	model1
18	-	model1
-65	-	model1
-65	-	model1
209	-	model1
18	-	model1
18	-	model1
-147	+	model1
0	+	model1
-8	+	model1
-4	+	model1
9	+	model1
-23	-	model1
6	-	model1
-43	-	model1
-19	-	model1
0	+	model1
66	+	model1
-70	+	model1
-12	+	model1
-16	+	model1
-189	+	model1
-189	+	model1
-165	+	model1
-1	+	model1
97	+	model1
168	-	model1
146	-	model1
-7	-	model1
69	-	model1
27	-	model1
82	-	model1
-27	-	model1
-3	-	model1
-3	-	model1
250	-	model1
32	-	model1
-64	+	model1
-68	+	model1
-46	+	model1
62	+	model1
6	+	model1
1	+	model1
-24	+	model1
-158	+	model1
-158	+	model1
-43	+	model1
-18	+	model1
93	-	model1
93	-	model1
7	-	model1
121	-	model1
187	-	model1
187	-	model1
187	-	model1
80	-	model1
2	-	model1
18	-	model1
17	-	model1
22	-	model1
22	-	model1
-117	-	model1
-117	-	model1
15	-	model1
-65	-	model1
-65	-	model1
-42	-	model1
53	-	model1
114	-	model1
137	-	model1
44	-	model1
18	-	model1
-11	-	model1
0	+	model1
-8	+	model1
-147	+	model1
-51	+	model1
-32	+	model1
-35	+	model1
1	+	model1
1	+	model1
2	+	model1
0	+	model1
-77	+	model1
-1	+	model1
-3	+	model1
-104	+	model1
-41	+	model1
-134	+	model1
84	+	model1
-50	+	model1
-149	+	model1
-81	+	model1
12	+	model1
-111	+	model1
-111	+	model1
20	+	model1
19	+	model1
-11	-	model1
-45	-	model1
-24	-	model1
-3	-	model1
3	-	model1
-22	-	model1
154	-	model1
51	-	model1
20	-	model1
107	-	model1
51	-	model1
125	-	model1
112	-	model1
-16	-	model1
29	-	model1
141	-	model1
-92	+	model1
-105	+	model1
-105	+	model1
-75	+	model1
-11	+	model1
-134	+	model1
-33	-	model1
128	+	model1
-132	+	model1
-80	+	model1
-1	+	model1
-44	+	model1
-69	+	model1
0	+	model1
-72	+	model1
3	+	model1
15	+	model1
0	+	model1
12	+	model1
12	+	model1
-30	+	model1
-13	+	model1
-67	+	model1
-192	+	model1
-195	+	model1
-106	+	model1
7	-	model1
-38	-	model1
167	-	model1
-36	-	model1
-36	-	model1
-11	-	model1
55	-	model1
8	-	model1
-6	-	model1
14	-	model1
58	-	model1
47	-	model1
32	-	model1
4	-	model1
72	-	model1
55	-	model1
50	-	model1
0	-	model1
0	-	model1
-123	+	model1
-178	+	model1
137	+	model1
137	+	model1
-85	+	model1
2	+	model1
-39	+	model1
-3	+	model1
3	+	model1
2	+	model1
1	+	model1
35	+	model1
3	+	model1
1	+	model1
195	+	model1
-12	+	model1
-177	+	model1
-177	+	model1
-18	+	model1
-5	-	model1
-5	-	model1
-4	-	model1
166	-	model1
166	-	model1
-1	-	model1
-46	+	model1
46	+	model1
131	+	model1
-1	-	model1
-1	-	model1
-113	+	model1
209	+	model1
37	+	model1
1	+	model1
-34	+	model1
4	+	model1
4	+	model1
-33	+	model1
-42	+	model1
-42	+	model1
-42	+	model1
-42	+	model1
-42	+	model1
-42	+	model1
-33	+	model1
-33	+	model1
-33	+	model1
-33	+	model1
-33	+	model1
-33	+	model1
-22	+	model1
188	+	model1
1	-	model1
56	-	model1
-23	-	model1
52	-	model1
3	-	model1
3	-	model1
94	-	model1
-56	+	model1
-35	+	model1
-35	+	model1
-280	+	model1
-280	+	model1
-280	+	model1
-280	+	model1
-7	+	model1
6	+	model1
-1	+	model1
4	+	model1
1	+	model1
-15	+	model1
75	+	model1
75	+	model1
-12	-	model1
-12	-	model1
-11	-	model1
31	-	model1
191	-	model1
54	-	model1
-17	-	model1
10	-	model1
29	-	model1
86	-	model1
255	-	model1
0	+	model1
-164	+	model1
0	+	model1
1	+	model1
1	+	model1
-85	+	model1
35	+	model1
4	+	model1
3	+	model1
-110	+	model1
0	+	model1
84	+	model1
84	+	model1
37	+	model1
-102	+	model1
-179	+	model1
-179	+	model1
-1	+	model1
-36	+	model1
-46	+	model1
-57	+	model1
-57	+	model1
-144	+	model1
3	+	model1
-70	+	model1
63	+	model1
-72	+	model1
-72	+	model1
-12	+	model1
-7	+	model1
-7	+	model1
-177	+	model1
-177	+	model1
0	+	model1
0	+	model1
-56	+	model1
62	+	model1
-114	+	model1
-114	+	model1
-86	+	model1
-18	+	model1
-78	+	model1
-78	+	model1
-113	+	model1
-269	+	model1
-269	+	model1
-213	+	model1
-213	+	model1
-95	+	model1
-95	+	model1
-35	+	model1
52	+	model1
52	+	model1
52	+	model1
-38	+	model1
-38	+	model1
105	-	model1
-41	-	model1
-7	-	model1
52	-	model1
116	-	model1
40	-	model1
56	-	model1
-4	-	model1
226	-	model1
-31	-	model1
87	-	model1
142	-	model1
104	-	model1
77	-	model1
24	-	model1
79	-	model1
79	-	model1
27	-	model1
-8	-	model1
120	-	model1
189	-	model1
76	-	model1
153	-	model1
29	-	model1
-10	-	model1
-10	-	model1
-22	-	model1
53	-	model1
107	-	model1
6	-	model1
6	-	model1
92	-	model1
43	-	model1
-11	-	model1
78	-	model1
86	-	model1
135	-	model1
181	-	model1
21	-	model1
66	-	model1
45	-	model1
15	-	model1
-3	-	model1
100	-	model1
-1	-	model1
10	+	model1
-275	+	model1
-234	+	model1
60	+	model1
60	+	model1
60	+	model1
25	+	model1
-264	+	model1
-109	+	model1
-53	+	model1
-80	+	model1
-173	+	model1
-178	+	model1
137	+	model1
85	+	model1
85	+	model1
0	+	model1
-175	+	model1
148	+	model1
-46	+	model1
15	+	model1
49	+	model1
162	+	model1
162	+	model1
162	+	model1
-88	+	model1
-38	+	model1
-130	+	model1
-22	+	model1
-22	+	model1
168	+	model1
-139	+	model1
-87	+	model1
6	+	model1
2	+	model1
-11	+	model1
-21	+	model1
-81	+	model1
-9	-	model1
41	-	model1
107	-	model1
107	-	model1
107	-	model1
107	-	model1
107	-	model1
107	-	model1
45	-	model1
-16	-	model1
-22	-	model1
-22	-	model1
-22	-	model1
-1	-	model1
-1	-	model1
-1	-	model1
176	+	model1
-167	+	model1
-144	+	model1
4	+	model1
117	+	model1
117	+	model1
32	+	model1
32	+	model1
-98	+	model1
-98	+	model1
5	+	model1
-1	+	model1
37	+	model1
37	+	model1
1	+	model1
-63	+	model1
5	+	model1
-25	+	model1
-42	+	model1
-42	+	model1
-42	+	model1
-42	+	model1
-4	+	model1
-33	+	model1
-33	+	model1
-33	+	model1
-33	+	model1
-73	+	model1
1	-	model1
-12	-	model1
233	-	model1
-27	-	model1
32	-	model1
63	-	model1
11	-	model1
-23	-	model1
151	-	model1
18	-	model1
-17	+	model1
-128	+	model1
-2	-	model1
-91	+	model1
-95	+	model1
-35	+	model1
-280	+	model1
-280	+	model1
-2	-	model1
6	+	model1
6	+	model1
-22	+	model1
-1	+	model1
4	+	model1
-20	+	model1
9	+	model1
-118	+	model1
-57	+	model1
-29	+	model1
-17	-	model1
69	-	model1
69	-	model1
35	-	model1
-86	-	model1
-44	-	model1
88	-	model1
88	-	model1
48	-	model1
-19	-	model1
-19	-	model1
-19	-	model1
-19	-	model1
70	-	model1
70	-	model1
70	-	model1
70	-	model1
135	-	model1
-11	-	model1
-11	-	model1
83	-	model1
83	-	model1
-140	-	model1
-37	-	model1
14	+	model1
-1	+	model1
-118	+	model1
-118	+	model1
-53	+	model1
-53	+	model1
35	+	model1
0	+	model1
-205	+	model1
-28	-	model1
1	+	model1
-12	-	model1
-12	-	model1
60	-	model1
44	-	model1
6	-	model1
86	-	model1
-1	-	model1
-126	-	model1
-126	-	model1
0	+	model1
-1	+	model1
4	+	model1
2	+	model1
35	+	model1
1	+	model1
37	+	model1
-179	+	model1
-1	+	model1
195	+	model1
-17	+	model1
-12	+	model1
-177	+	model1
-177	+	model1
0	+	model1
-18	+	model1
111	-	model1
-5	-	model1
-4	-	model1
-1	-	model1
-109	+	model1
162	+	model1
131	+	model1
-22	+	model1
-54	+	model1
-1	-	model1
-39	+	model1
-49	+	model1
2	+	model1
0	+	model1
-1	-	model1
-32	+	model1
-32	+	model1
11	+	model1
-351	-	model1
-282	-	model1
-324	-	model1
28	-	model1
47	-	model1
46	-	model1
84	-	model1
-3	-	model1
-3	-	model1
-31	-	model1
2	-	model1
-8	-	model1
75	-	model1
49	+	model1
-21	+	model1
-51	+	model1
-20	+	model1
5	+	model1
9	+	model1
35	-	model1
-10	-	model1
-10	-	model1
88	-	model1
88	-	model1
88	-	model1
88	-	model1
48	-	model1
-19	-	model1
-19	-	model1
-19	-	model1
-19	-	model1
70	-	model1
70	-	model1
70	-	model1
70	-	model1
135	-	model1
-222	-	model1
-222	-	model1
83	-	model1
83	-	model1
83	-	model1
-85	-	model1
-85	-	model1
-37	-	model1
-85	+	model1
14	+	model1
-1	+	model1
-119	+	model1
-31	+	model1
-76	+	model1
-91	+	model1
-53	+	model1
-9	+	model1
-9	+	model1
6	+	model1
0	+	model1
-205	+	model1
-6	+	model1
3	+	model1
117	+	model1
-25	-	model1
1	-	model1
40	-	model1
39	-	model1
39	-	model1
77	-	model1
63	-	model1
119	-	model1
161	-	model1
-18	-	model1
17	-	model1
-1	-	model1
-156	+	model1
-156	+	model1
-86	+	model1
-11	-	model1
-5	-	model1
-29	-	model1
-49	-	model1
-162	-	model1
-15	-	model1
-9	-	model1
-99	-	model1
-255	-	model1
-29	-	model1
-18	-	model1
52	-	model1
-2	-	model1
-52	+	model1
91	-	model1
1	+	model1
79	+	model1
-39	+	model1
-41	+	model1
2	+	model1
-49	+	model1
-49	+	model1
126	+	model1
-45	+	model1
-45	+	model1
-3	+	model1
0	+	model1
0	+	model1
0	+	model1
-4	+	model1
-2	+	model1
-68	+	model1
-39	+	model1
2	+	model1
2	+	model1
-5	+	model1
-20	+	model1
-10	+	model1
-2	+	model1
-2	+	model1
-94	+	model1
-94	+	model1
-35	+	model1
-35	+	model1
-82	+	model1
-129	+	model1
-84	+	model1
0	+	model1
0	+	model1
-76	+	model1
-75	+	model1
-59	+	model1
-58	+	model1
-173	+	model1
-202	+	model1
-74	+	model1
-55	+	model1
-92	+	model1
-84	+	model1
-180	+	model1
11	+	model1
-154	+	model1
-151	+	model1
-31	+	model1
-31	+	model1
-100	+	model1
-48	-	model1
29	-	model1
-15	-	model1
-61	-	model1
-97	-	model1
-8	-	model1
77	-	model1
21	-	model1
-351	-	model1
-61	-	model1
-324	-	model1
121	-	model1
28	-	model1
-23	-	model1
64	-	model1
64	-	model1
79	-	model1
79	-	model1
75	-	model1
126	-	model1
126	-	model1
62	-	model1
38	-	model1
124	-	model1
58	-	model1
96	-	model1
46	-	model1
79	-	model1
155	-	model1
84	-	model1
84	-	model1
84	-	model1
132	-	model1
132	-	model1
114	-	model1
-40	-	model1
51	-	model1
51	-	model1
2	-	model1
31	-	model1
-3	-	model1
-3	-	model1
-3	-	model1
-74	-	model1
-16	-	model1
-16	-	model1
-6	-	model1
11	-	model1
-31	-	model1
10	-	model1
10	-	model1
-21	-	model1
2	-	model1
49	-	model1
54	-	model1
-99	-	model1
-82	-	model1
-82	-	model1
-18	-	model1
53	-	model1
-36	-	model1
-36	-	model1
-13	-	model1
-3	-	model1
-47	-	model1
146	-	model1
146	-	model1
83	-	model1
-129	-	model1
-10	-	model1
-10	-	model1
63	-	model1
-20	-	model1
-4	-	model1
0	-	model1
34	-	model1
-123	+	model1
-123	+	model1
75	-	model1
-177	+	model1
-197	+	model1
-133	+	model1
-48	+	model1
-48	+	model1
-158	+	model1
-145	+	model1
14	+	model1
-21	+	model1
-56	+	model1
-56	+	model1
29	+	model1
-219	+	model1
-22	+	model1
-66	+	model1
38	+	model1
-40	+	model1
-30	+	model1
-30	+	model1
4	+	model1
1	+	model1
1	+	model1
-51	+	model1
1	+	model1
-16	+	model1
-158	-	model1
-158	-	model1
252	+	model1
-6	+	model1
-94	+	model1
3	+	model1
-43	+	model1
-54	+	model1
-25	-	model1
85	-	model1
-156	-	model1
-156	-	model1
39	-	model1
55	-	model1
55	-	model1
54	-	model1
7	-	model1
7	-	model1
-5	-	model1
245	-	model1
-15	-	model1
-24	+	model1
-156	+	model1
-156	+	model1
-4	+	model1
2	+	model1
2	+	model1
1	+	model1
5	+	model1
32	+	model1
164	+	model1
164	+	model1
-29	+	model1
-13	+	model1
-13	+	model1
8	+	model1
107	+	model1
27	+	model1
-168	+	model1
-380	+	model1
-380	+	model1
-30	+	model1
-15	-	model1
67	-	model1
-6	+	model1
26	-	model1
26	-	model1
137	-	model1
-12	-	model1
42	-	model1
41	-	model1
-336	-	model1
-380	-	model1
148	-	model1
133	-	model1
133	-	model1
63	-	model1
-39	-	model1
98	-	model1
98	-	model1
7	-	model1
1	-	model1
-4	-	model1
63	-	model1
23	-	model1
150	-	model1
167	-	model1
109	-	model1
107	-	model1
23	-	model1
23	-	model1
-342	-	model1
54	-	model1
146	-	model1
0	-	model1
99	-	model1
70	-	model1
-7	-	model1
57	-	model1
169	-	model1
-2	-	model1
-3	-	model1
-3	-	model1
-3	-	model1
-327	+	model1
51	-	model1
-8	+	model1
-2	-	model1
30	-	model1
-253	+	model1
-1	-	model1
-100	+	model1
-100	+	model1
-3	+	model1
-1	-	model1
38	+	model1
-38	+	model1
287	+	model1
-1	+	model1
-65	+	model1
12	+	model1
-32	-	model1
-32	-	model1
-32	-	model1
-32	-	model1
-1	+	model1
-9	-	model1
1	+	model1
1	+	model1
2	+	model1
-31	+	model1
6	+	model1
6	+	model1
-2	+	model1
0	+	model1
10	+	model1
132	+	model1
112	+	model1
-16	+	model1
-170	+	model1
-112	+	model1
3	+	model1
-62	+	model1
-20	-	model1
-20	-	model1
42	-	model1
-18	-	model1
140	-	model1
-3	-	model1
108	-	model1
-55	-	model1
-2	-	model1
170	-	model1
57	+	model1
-47	+	model1
-47	+	model1
-45	+	model1
6	+	model1
0	+	model1
-17	+	model1
-53	+	model1
66	+	model1
-46	+	model1
-83	+	model1
-64	+	model1
-68	+	model1
-50	+	model1
-75	+	model1
-164	+	model1
-1	+	model1
-1	+	model1
-56	+	model1
-12	+	model1
205	-	model1
16	-	model1
168	-	model1
146	-	model1
-7	-	model1
-7	-	model1
-8	-	model1
182	-	model1
182	-	model1
100	-	model1
26	-	model1
88	-	model1
82	-	model1
169	-	model1
-27	-	model1
-3	-	model1
-3	-	model1
58	-	model1
250	-	model1
-16	-	model1
-64	+	model1
-292	+	model1
13	+	model1
-2	+	model1
-11	+	model1
-11	+	model1
-19	+	model1
-19	+	model1
22	+	model1
61	+	model1
-30	+	model1
15	+	model1
-21	+	model1
-19	+	model1
-10	-	model1
41	-	model1
2	-	model1
33	-	model1
-29	-	model1
-38	-	model1
5	-	model1
9	-	model1
-1	-	model1
-1	-	model1
-8	-	model1
-2	+	model1
-98	+	model1
-166	+	model1
-51	+	model1
26	+	model1
23	+	model1
22	+	model1
3	+	model1
15	+	model1
-93	+	model1
12	+	model1
-30	+	model1
-192	+	model1
167	-	model1
-36	-	model1
-36	-	model1
32	-	model1
55	-	model1
0	-	model1
20	-	model1
-12	-	model1
-123	+	model1
2	+	model1
-39	+	model1
-3	+	model1
2	+	model1
0	+	model1
2	+	model1
-49	+	model1
2	+	model1
-34	+	model1
-3	+	model1
0	+	model1
-4	+	model1
-12	+	model1
-10	+	model1
0	+	model1
-16	+	model1
-74	+	model1
-55	+	model1
-132	+	model1
11	+	model1
-351	-	model1
-61	-	model1
-282	-	model1
-324	-	model1
-101	-	model1
28	-	model1
47	-	model1
62	-	model1
62	-	model1
58	-	model1
46	-	model1
79	-	model1
84	-	model1
235	-	model1
27	-	model1
-3	-	model1
-3	-	model1
-3	-	model1
9	-	model1
-31	-	model1
2	-	model1
-82	-	model1
29	-	model1
-13	-	model1
146	-	model1
-22	-	model1
0	-	model1
-8	-	model1
144	-	model1
1	-	model1
75	-	model1
19	+	model1
-21	+	model1
-219	+	model1
-12	+	model1
-51	+	model1
6	+	model1
1	+	model1
15	+	model1
-55	+	model1
6	+	model1
6	+	model1
-24	+	model1
-6	+	model1
-6	+	model1
-94	+	model1
-94	+	model1
-94	+	model1
3	+	model1
-78	+	model1
-113	+	model1
-43	+	model1
-43	+	model1
-43	+	model1
-18	-	model1
-54	+	model1
-54	+	model1
117	+	model1
117	+	model1
-79	+	model1
-11	-	model1
-25	-	model1
1	-	model1
-63	-	model1
4	-	model1
-66	-	model1
29	-	model1
-72	-	model1
54	-	model1
32	-	model1
-25	-	model1
154	-	model1
100	-	model1
39	-	model1
0	-	model1
77	-	model1
63	-	model1
63	-	model1
50	-	model1
50	-	model1
19	-	model1
-126	-	model1
196	-	model1
181	-	model1
133	-	model1
-121	-	model1
37	-	model1
62	-	model1
44	-	model1
0	-	model1
80	-	model1
-16	-	model1
5	-	model1
-15	-	model1
4	-	model1
-14	-	model1
-2	-	model1
-2	-	model1
21	-	model1
189	-	model1
75	-	model1
75	-	model1
-95	-	model1
59	-	model1
-5	-	model1
124	-	model1
47	-	model1
-27	-	model1
-12	-	model1
-12	-	model1
-4	-	model1
-5	-	model1
-10	-	model1
315	-	model1
145	-	model1
-1	-	model1
13	-	model1
47	-	model1
-97	+	model1
-156	+	model1
-156	+	model1
-50	+	model1
89	+	model1
-27	+	model1
-35	+	model1
-170	+	model1
-92	+	model1
-43	+	model1
-56	+	model1
-56	+	model1
-108	+	model1
-35	+	model1
-62	+	model1
8	+	model1
-20	+	model1
2	+	model1
5	+	model1
9	+	model1
-118	+	model1
1	-	model1
-17	-	model1
12	-	model1
35	-	model1
228	-	model1
228	-	model1
-22	-	model1
2	-	model1
-86	-	model1
118	-	model1
88	-	model1
88	-	model1
48	-	model1
-19	-	model1
-19	-	model1
-19	-	model1
-19	-	model1
70	-	model1
70	-	model1
70	-	model1
70	-	model1
-131	-	model1
135	-	model1
-23	-	model1
-23	-	model1
-71	-	model1
94	-	model1
83	-	model1
83	-	model1
83	-	model1
-140	-	model1
-37	-	model1
14	+	model1
-159	+	model1
-1	+	model1
-115	+	model1
-91	+	model1
-53	+	model1
-53	+	model1
-2	+	model1
-46	+	model1
0	+	model1
-205	+	model1
0	+	model1
-17	+	model1
-17	+	model1
66	+	model1
-83	+	model1
-68	+	model1
-50	+	model1
-165	+	model1
-1	+	model1
-1	+	model1
-12	+	model1
146	-	model1
82	-	model1
-27	-	model1
58	-	model1
250	-	model1
-292	+	model1
-18	+	model1
-48	+	model1
-56	+	model1
-56	+	model1
-42	+	model1
-42	+	model1
-189	+	model1
-19	-	model1
82	-	model1
12	-	model1
6	-	model1
-155	-	model1
-5	-	model1
158	-	model1
158	-	model1
-49	-	model1
-49	-	model1
-159	+	model1
54	+	model1
120	-	model1
-17	-	model1
1	+	model1
-42	+	model1
-42	+	model1
-33	+	model1
-33	+	model1
-33	+	model1
-33	+	model1
-22	+	model1
1	-	model1
78	-	model1
27	-	model1
-23	-	model1
-280	+	model1
-72	+	model1
-112	+	model1
-1	+	model1
4	+	model1
-1	+	model1
-1	+	model1
209	+	model1
37	+	model1
1	+	model1
-34	+	model1
-42	+	model1
-42	+	model1
-42	+	model1
-42	+	model1
-42	+	model1
-42	+	model1
-81	+	model1
-33	+	model1
-33	+	model1
-33	+	model1
-33	+	model1
-33	+	model1
-33	+	model1
-22	+	model1
188	+	model1
1	-	model1
56	-	model1
-23	-	model1
-11	-	model1
3	-	model1
-56	+	model1
-35	+	model1
-35	+	model1
-119	+	model1
-280	+	model1
-280	+	model1
-280	+	model1
-280	+	model1
-7	+	model1
-1	+	model1
4	+	model1
-87	+	model1
-9	+	model1
27	+	model1
-87	+	model1
207	-	model1
-17	-	model1
-58	-	model1
-63	-	model1
88	-	model1
-86	-	model1
34	-	model1
-116	-	model1
-30	-	model1
-27	+	model1
-7	-	model1
-49	+	model1
-45	+	model1
2	+	model1
0	+	model1
0	+	model1
0	+	model1
-10	+	model1
-84	+	model1
0	+	model1
-27	+	model1
-9	+	model1
-151	+	model1
47	-	model1
38	-	model1
46	-	model1
-13	-	model1
-3	-	model1
-3	-	model1
-3	-	model1
2	-	model1
0	-	model1
-8	-	model1
-123	+	model1
75	-	model1
-21	+	model1
-219	+	model1
-51	+	model1
1	+	model1
35	+	model1
3	+	model1
-46	+	model1
-43	+	model1
-12	+	model1
-177	+	model1
-177	+	model1
-33	+	model1
-18	+	model1
-5	-	model1
-16	-	model1
139	-	model1
-53	+	model1
0	+	model1
-54	+	model1
15	+	model1
-13	+	model1
43	+	model1
-36	+	model1
-29	+	model1
-62	+	model1
-5	-	model1
27	-	model1
28	-	model1
81	-	model1
125	-	model1
99	-	model1
5	-	model1
67	-	model1
-15	-	model1
-2	-	model1
-6	+	model1
-36	+	model1
-1	+	model1
4	+	model1
-33	+	model1
2	+	model1
1	+	model1
1	+	model1
2	+	model1
0	+	model1
46	+	model1
-17	+	model1
66	+	model1
-83	+	model1
-68	+	model1
-50	+	model1
-106	+	model1
-179	+	model1
-165	+	model1
-1	+	model1
-1	+	model1
-12	+	model1
108	-	model1
16	-	model1
182	-	model1
-27	-	model1
58	-	model1
133	-	model1
133	-	model1
-292	+	model1
112	-	model1
-72	+	model1
-92	+	model1
-11	+	model1
-11	+	model1
22	+	model1
-18	+	model1
-3	+	model1
-48	+	model1
1	+	model1
3	+	model1
37	+	model1
-12	+	model1
-7	+	model1
-7	+	model1
-177	+	model1
-177	+	model1
-33	+	model1
-18	+	model1
-4	-	model1
139	-	model1
-54	+	model1
15	+	model1
-2	+	model1
-2	+	model1
-5	-	model1
-224	+	model1
-11	-	model1
-5	-	model1
-49	-	model1
-19	-	model1
-162	-	model1
-15	-	model1
32	-	model1
-99	-	model1
-26	-	model1
-255	-	model1
-38	-	model1
-191	-	model1
52	-	model1
-17	-	model1
15	-	model1
-2	-	model1
91	-	model1
91	-	model1
3	+	model1
1	+	model1
-2	+	model1
0	+	model1
10	+	model1
112	+	model1
-16	+	model1
3	+	model1
-20	-	model1
42	-	model1
140	-	model1
-10	-	model1
-2	-	model1
170	-	model1
-24	+	model1
57	+	model1
-45	+	model1
6	+	model1
1	+	model1
1	+	model1
2	+	model1
6	+	model1
6	+	model1
-2	+	model1
0	+	model1
10	+	model1
132	+	model1
-16	+	model1
-170	+	model1
3	+	model1
-62	+	model1
-20	-	model1
-20	-	model1
42	-	model1
-18	-	model1
140	-	model1
-3	-	model1
108	-	model1
4	-	model1
-55	-	model1
-2	-	model1
170	-	model1
-62	+	model1
-40	+	model1
57	+	model1
-45	+	model1
6	+	model1
-44	+	model1
-311	+	model1
43	-	model1
-97	-	model1
29	-	model1
29	-	model1
-116	-	model1
348	-	model1
-11	-	model1
-1	-	model1
-58	+	model1
-56	+	model1
1	+	model1
-61	+	model1
-26	-	model1
-46	-	model1
-46	-	model1
-24	-	model1
-156	+	model1
-27	-	model1
21	+	model1
1	+	model1
-32	+	model1
-15	+	model1
-12	-	model1
-12	-	model1
60	-	model1
29	-	model1
86	-	model1
44	-	model1
-126	-	model1
0	+	model1
-1	+	model1
4	+	model1
4	+	model1
1	+	model1
32	+	model1
164	+	model1
-16	+	model1
-16	+	model1
13	+	model1
-148	+	model1
82	+	model1
8	+	model1
-15	-	model1
-1	-	model1
-4	-	model1
-336	-	model1
-380	-	model1
133	-	model1
133	-	model1
98	-	model1
63	-	model1
109	-	model1
109	-	model1
-342	-	model1
-342	-	model1
-10	-	model1
54	-	model1
-2	-	model1
51	-	model1
-59	+	model1
-1	-	model1
-38	+	model1
-65	+	model1
36	+	model1
12	+	model1
-1	+	model1
1	+	model1
3	+	model1
-1	+	model1
-48	+	model1
-177	+	model1
-18	+	model1
-5	-	model1
-5	-	model1
-4	-	model1
139	-	model1
-1	-	model1
-73	+	model1
-1	-	model1
-1	-	model1
72	+	model1
120	+	model1
3	+	model1
-25	-	model1
1	-	model1
-66	-	model1
63	-	model1
-156	+	model1
-170	+	model1
1	+	model1
35	+	model1
3	+	model1
37	+	model1
-1	+	model1
-46	+	model1
-43	+	model1
-67	+	model1
-7	+	model1
-7	+	model1
-177	+	model1
-177	+	model1
-33	+	model1
-18	+	model1
-20	-	model1
-4	-	model1
-16	-	model1
-53	+	model1
-54	+	model1
-31	+	model1
-31	+	model1
-18	+	model1
7	-	model1
2	-	model1
-51	+	model1
-3	-	model1
-147	+	model1
-2	-	model1
-20	+	model1
5	+	model1
9	+	model1
-118	+	model1
35	-	model1
-86	-	model1
-10	-	model1
-10	-	model1
88	-	model1
88	-	model1
48	-	model1
-19	-	model1
-19	-	model1
70	-	model1
70	-	model1
135	-	model1
-222	-	model1
-222	-	model1
-50	-	model1
83	-	model1
83	-	model1
83	-	model1
-85	-	model1
-85	-	model1
-37	-	model1
-85	+	model1
14	+	model1
-31	+	model1
-76	+	model1
-91	+	model1
-9	+	model1
-9	+	model1
6	+	model1
0	+	model1
-205	+	model1
-205	+	model1
-75	+	model1
-27	-	model1
-3	-	model1
-24	-	model1
-82	+	model1
2	-	model1
33	-	model1
-29	-	model1
-7	-	model1
-24	-	model1
-1	-	model1
-1	-	model1
91	-	model1
-2	+	model1
-88	-	model1
-98	+	model1
-44	+	model1
3	+	model1
-5	-	model1
-81	+	model1
41	-	model1
107	-	model1
107	-	model1
107	-	model1
107	-	model1
107	-	model1
107	-	model1
45	-	model1
32	-	model1
-16	-	model1
-55	-	model1
2	-	model1
2	-	model1
72	-	model1
-22	-	model1
-22	-	model1
-22	-	model1
-1	-	model1
-1	-	model1
-1	-	model1
-1	-	model1
-1	-	model1
-1	-	model1
-1	-	model1
-1	-	model1
-1	-	model1
-246	+	model1
-246	+	model1
-167	+	model1
5	+	model1
0	+	model1
46	+	model1
-17	+	model1
-17	+	model1
66	+	model1
-83	+	model1
70	+	model1
-68	+	model1
-50	+	model1
-165	+	model1
-1	+	model1
-1	+	model1
-12	+	model1
-67	-	model1
81	-	model1
-27	-	model1
-21	-	model1
146	-	model1
182	-	model1
40	-	model1
88	-	model1
82	-	model1
-27	-	model1
58	-	model1
250	-	model1
-292	+	model1
-19	+	model1
-19	+	model1
-18	+	model1
-48	+	model1
3	+	model1
0	+	model1
-15	+	model1
75	+	model1
75	+	model1
-5	-	model1
-1	-	model1
0	+	model1
-164	+	model1
4	+	model1
1	+	model1
-49	+	model1
-49	+	model1
-49	+	model1
0	+	model1
-45	+	model1
2	+	model1
0	+	model1
0	+	model1
0	+	model1
-10	+	model1
-84	+	model1
-84	+	model1
-27	+	model1
-55	+	model1
-9	+	model1
11	+	model1
-151	+	model1
-101	-	model1
28	-	model1
47	-	model1
38	-	model1
46	-	model1
79	-	model1
16	-	model1
-3	-	model1
-3	-	model1
-3	-	model1
-6	-	model1
2	-	model1
0	-	model1
-8	-	model1
1	-	model1
-123	+	model1
-123	+	model1
75	-	model1
-12	+	model1
-21	+	model1
-219	+	model1
3	+	model1
3	+	model1
-51	+	model1
15	+	model1
-84	+	model1
-95	+	model1
54	-	model1
167	-	model1
-36	-	model1
-36	-	model1
-5	-	model1
32	-	model1
14	-	model1
0	-	model1
20	-	model1
-2	+	model1
-39	+	model1
-26	-	model1
2	+	model1
1	+	model1
5	+	model1
-18	+	model1
-32	+	model1
116	+	model1
-81	+	model1
74	+	model1
12	+	model1
-14	-	model1
-11	-	model1
-24	-	model1
107	-	model1
72	-	model1
-75	-	model1
44	-	model1
125	-	model1
112	-	model1
-16	-	model1
29	-	model1
55	-	model1
-38	-	model1
-9	-	model1
96	-	model1
-9	-	model1
141	-	model1
-92	+	model1
-55	+	model1
-55	+	model1
-130	+	model1
35	+	model1
-75	+	model1
-44	+	model1
-69	+	model1
1	+	model1
-15	+	model1
-12	-	model1
-12	-	model1
154	-	model1
60	-	model1
60	-	model1
-46	-	model1
44	-	model1
22	-	model1
86	-	model1
-126	-	model1
-126	-	model1
0	+	model1
-1	+	model1
4	+	model1
2	+	model1
-20	+	model1
69	-	model1
69	-	model1
35	-	model1
135	-	model1
-11	-	model1
-11	-	model1
-140	-	model1
-53	+	model1
6	+	model1
0	+	model1
-205	+	model1
72	+	model1
3	+	model1
-25	-	model1
1	-	model1
63	-	model1
-17	-	model1
59	-	model1
57	-	model1
57	-	model1
-156	+	model1
-170	+	model1
42	+	model1
-56	+	model1
-56	+	model1
-42	+	model1
-42	+	model1
-6	-	model1
-19	-	model1
53	-	model1
69	-	model1
158	-	model1
-28	+	model1
1	+	model1
3	+	model1
1	+	model1
5	+	model1
4	+	model1
221	+	model1
-54	+	model1
-54	+	model1
7	+	model1
-15	+	model1
-15	+	model1
75	+	model1
75	+	model1
205	+	model1
205	+	model1
205	+	model1
17	+	model1
-29	+	model1
-88	+	model1
-346	+	model1
-163	+	model1
-6	+	model1
-35	+	model1
-35	+	model1
-12	-	model1
-12	-	model1
-11	-	model1
-17	-	model1
-5	-	model1
29	-	model1
29	-	model1
86	-	model1
86	-	model1
-11	-	model1
44	-	model1
-11	-	model1
-125	+	model1
-1	-	model1
-1	-	model1
0	+	model1
-164	+	model1
-51	+	model1
-75	+	model1
-62	+	model1
-62	+	model1
21	+	model1
-26	+	model1
4	+	model1
4	+	model1
2	+	model1
5	+	model1
9	+	model1
-17	-	model1
35	-	model1
-86	-	model1
-10	-	model1
-10	-	model1
88	-	model1
88	-	model1
88	-	model1
88	-	model1
48	-	model1
-19	-	model1
-19	-	model1
-19	-	model1
-19	-	model1
70	-	model1
70	-	model1
70	-	model1
70	-	model1
135	-	model1
83	-	model1
83	-	model1
-85	-	model1
-85	-	model1
-85	+	model1
14	+	model1
-1	+	model1
-119	+	model1
-31	+	model1
-76	+	model1
-91	+	model1
-53	+	model1
-53	+	model1
-9	+	model1
-9	+	model1
0	+	model1
-205	+	model1
-205	+	model1
-49	+	model1
2	+	model1
-10	+	model1
-32	+	model1
11	+	model1
-61	-	model1
23	-	model1
46	-	model1
-3	-	model1
-3	-	model1
2	-	model1
10	-	model1
75	-	model1
-21	+	model1
5	+	model1
-46	+	model1
-42	+	model1
-88	+	model1
70	-	model1
-82	+	model1
-11	-	model1
25	-	model1
-29	-	model1
-24	-	model1
-1	-	model1
-1	-	model1
91	-	model1
-2	+	model1
-88	-	model1
-98	+	model1
-44	+	model1
3	+	model1
18	+	model1
16	+	model1
72	+	model1
28	+	model1
-6	+	model1
3	+	model1
-25	-	model1
1	-	model1
28	-	model1
32	-	model1
39	-	model1
0	-	model1
0	-	model1
0	-	model1
63	-	model1
-9	-	model1
30	-	model1
153	-	model1
44	-	model1
44	-	model1
44	-	model1
-95	-	model1
-5	-	model1
57	-	model1
-156	+	model1
-156	+	model1
-46	+	model1
-170	+	model1
-37	+	model1
-20	+	model1
-13	+	model1
43	+	model1
-26	+	model1
-26	+	model1
2	-	model1
99	-	model1
99	-	model1
67	-	model1
47	-	model1
-209	+	model1
-1	+	model1
4	+	model1
-33	+	model1
2	+	model1
1	+	model1
-15	-	model1
-45	+	model1
2	+	model1
0	+	model1
0	+	model1
0	+	model1
-10	+	model1
-84	+	model1
-84	+	model1
0	+	model1
-106	+	model1
-27	+	model1
-55	+	model1
-9	+	model1
-84	+	model1
-151	+	model1
-101	-	model1
28	-	model1
58	-	model1
46	-	model1
79	-	model1
-3	-	model1
-3	-	model1
-3	-	model1
2	-	model1
-123	+	model1
-12	+	model1
-21	+	model1
-219	+	model1
-51	+	model1
15	+	model1
-83	+	model1
-84	+	model1
-30	+	model1
-192	+	model1
54	-	model1
167	-	model1
-36	-	model1
-36	-	model1
-5	-	model1
-5	-	model1
32	-	model1
55	-	model1
47	-	model1
0	-	model1
0	-	model1
20	-	model1
-184	+	model1
2	+	model1
-26	-	model1
2	+	model1
5	+	model1
-2	+	model1
6	-	model1
-63	-	model1
-3	-	model1
231	-	model1
-86	-	model1
-86	-	model1
-8	-	model1
-2	-	model1
-143	+	model1
-1	-	model1
-27	+	model1
-126	+	model1
83	+	model1
2	+	model1
4	+	model1
-1	+	model1
6	+	model1
-26	+	model1
-2	+	model1
0	+	model1
0	+	model1
0	+	model1
0	+	model1
7	+	model1
10	+	model1
-7	+	model1
132	+	model1
112	+	model1
-16	+	model1
-16	+	model1
-60	+	model1
-148	+	model1
-12	+	model1
53	+	model1
-40	+	model1
-25	+	model1
-111	+	model1
254	+	model1
-150	+	model1
-150	+	model1
-150	+	model1
-150	+	model1
-62	+	model1
-68	+	model1
-68	+	model1
-68	+	model1
-197	+	model1
-56	-	model1
42	-	model1
36	-	model1
47	-	model1
24	-	model1
98	-	model1
140	-	model1
108	-	model1
68	-	model1
99	-	model1
72	-	model1
72	-	model1
47	-	model1
-27	-	model1
-55	-	model1
-29	-	model1
-2	-	model1
170	-	model1
-93	-	model1
-78	-	model1
-79	+	model1
-43	+	model1
-155	+	model1
-62	+	model1
-15	+	model1
-15	+	model1
-15	+	model1
-15	+	model1
-40	+	model1
-92	+	model1
-1	-	model1
-68	+	model1
-24	+	model1
-8	+	model1
57	+	model1
34	+	model1
170	+	model1
-25	+	model1
3	+	model1
3	+	model1
-47	+	model1
-47	+	model1
-45	+	model1
74	-	model1
-102	+	model1
71	+	model1
3	+	model1
3	+	model1
6	+	model1
-25	-	model1
63	-	model1
-5	-	model1
-156	+	model1
1	+	model1
-61	+	model1
-69	+	model1
-15	-	model1
-26	-	model1
-46	-	model1
-46	-	model1
-24	-	model1
-156	+	model1
-156	+	model1
-27	-	model1
21	+	model1
-151	+	model1
-12	-	model1
-12	-	model1
32	-	model1
32	-	model1
-86	+	model1
-11	-	model1
-5	-	model1
-49	-	model1
-32	-	model1
0	-	model1
21	-	model1
-99	-	model1
-26	-	model1
-255	-	model1
-38	-	model1
-6	-	model1
52	-	model1
-17	-	model1
-2	-	model1
-21	+	model1
-1	-	model1
-2	+	model1
-98	+	model1
-134	+	model1
-56	+	model1
-56	+	model1
-8	+	model1
-42	+	model1
-42	+	model1
-6	-	model1
-19	-	model1
-12	-	model1
6	-	model1
89	-	model1
-155	-	model1
53	-	model1
69	-	model1
158	-	model1
158	-	model1
-28	+	model1
2	+	model1
-11	+	model1
-82	+	model1
18	+	model1
72	+	model1
120	+	model1
3	+	model1
-25	-	model1
1	-	model1
-66	-	model1
63	-	model1
19	-	model1
57	-	model1
57	-	model1
-156	+	model1
-170	+	model1
-72	+	model1
15	+	model1
-49	+	model1
12	+	model1
-30	+	model1
-192	+	model1
-95	+	model1
54	-	model1
-195	+	model1
167	-	model1
95	-	model1
-36	-	model1
-36	-	model1
1	-	model1
25	-	model1
-5	-	model1
32	-	model1
32	-	model1
120	-	model1
4	-	model1
55	-	model1
50	-	model1
0	-	model1
-24	-	model1
4	-	model1
8	-	model1
20	-	model1
-123	+	model1
-178	+	model1
-85	+	model1
2	+	model1
-39	+	model1
-3	+	model1
3	+	model1
3	+	model1
17	+	model1
19	+	model1
2	+	model1
1	+	model1
32	+	model1
6	+	model1
-74	+	model1
-74	+	model1
3	-	model1
-336	-	model1
-336	-	model1
-336	-	model1
-336	-	model1
-380	-	model1
-380	-	model1
133	-	model1
133	-	model1
98	-	model1
1	-	model1
88	-	model1
-4	-	model1
30	-	model1
-5	-	model1
-3	-	model1
-8	+	model1
-1	+	model1
-65	+	model1
-30	+	model1
7	-	model1
167	-	model1
0	-	model1
-39	+	model1
-3	+	model1
2	+	model1
5	+	model1
-46	+	model1
-42	+	model1
-84	+	model1
54	+	model1
-88	+	model1
-10	-	model1
26	-	model1
88	-	model1
87	-	model1
-13	+	model1
62	+	model1
43	+	model1
-26	+	model1
-26	+	model1
-36	+	model1
11	-	model1
99	-	model1
99	-	model1
67	-	model1
47	-	model1
-6	+	model1
-209	+	model1
-1	+	model1
4	+	model1
-33	+	model1
2	+	model1
-82	+	model1
-11	-	model1
2	-	model1
33	-	model1
-29	-	model1
-7	-	model1
-24	-	model1
-1	-	model1
-1	-	model1
91	-	model1
-2	+	model1
-88	-	model1
-98	+	model1
-44	+	model1
1	+	model1
4	+	model1
-6	+	model1
-125	+	model1
-56	+	model1
-56	+	model1
-42	+	model1
-42	+	model1
-17	+	model1
-189	+	model1
-19	-	model1
-12	-	model1
6	-	model1
-155	-	model1
-5	-	model1
53	-	model1
157	-	model1
158	-	model1
158	-	model1
158	-	model1
86	-	model1
83	-	model1
-69	+	model1
84	+	model1
-28	+	model1
6	+	model1
6	+	model1
5	+	model1
-22	+	model1
-49	+	model1
-93	+	model1
-93	+	model1
123	-	model1
3	-	model1
-1	-	model1
-92	+	model1
-92	+	model1
-13	+	model1
43	+	model1
-5	-	model1
46	-	model1
99	-	model1
99	-	model1
43	-	model1
5	-	model1
-1	+	model1
4	+	model1
-33	+	model1
2	+	model1
-2	+	model1
-9	+	model1
106	+	model1
-160	+	model1
-160	+	model1
6	-	model1
-63	-	model1
231	-	model1
-86	-	model1
-86	-	model1
-1	-	model1
-143	+	model1
-27	+	model1
-126	+	model1
83	+	model1
0	+	model1
-2	-	model1
187	-	model1
2	-	model1
18	-	model1
32	+	model1
15	+	model1
-83	+	model1
-30	+	model1
54	-	model1
167	-	model1
-36	-	model1
-36	-	model1
-5	-	model1
32	-	model1
14	-	model1
14	-	model1
4	-	model1
45	-	model1
47	-	model1
50	-	model1
0	-	model1
0	-	model1
20	-	model1
-2	+	model1
-39	+	model1
-26	-	model1
2	+	model1
67	+	model1
0	+	model1
-14	+	model1
54	+	model1
54	+	model1
88	-	model1
87	-	model1
-82	+	model1
-59	+	model1
6	-	model1
55	-	model1
12	-	model1
-103	+	model1
-22	+	model1
6	+	model1
6	+	model1
-61	+	model1
5	+	model1
-24	+	model1
-93	+	model1
-93	+	model1
-311	+	model1
-34	+	model1
123	-	model1
-69	-	model1
3	-	model1
42	-	model1
-1	-	model1
-56	+	model1
-92	+	model1
-92	+	model1
-81	+	model1
-9	-	model1
3	-	model1
3	-	model1
107	-	model1
107	-	model1
107	-	model1
107	-	model1
107	-	model1
107	-	model1
-16	-	model1
31	-	model1
31	-	model1
-2	-	model1
-22	-	model1
-22	-	model1
-22	-	model1
-1	-	model1
-1	-	model1
-1	-	model1
-1	-	model1
-1	-	model1
176	+	model1
-82	+	model1
32	+	model1
32	+	model1
-98	+	model1
-98	+	model1
-13	+	model1
43	+	model1
0	+	model1
-26	+	model1
-36	+	model1
-4	+	model1
89	+	model1
-46	+	model1
-76	+	model1
-3	+	model1
8	+	model1
-62	+	model1
103	+	model1
195	-	model1
46	-	model1
2	-	model1
27	-	model1
28	-	model1
81	-	model1
81	-	model1
73	-	model1
53	-	model1
51	-	model1
125	-	model1
99	-	model1
4	-	model1
4	-	model1
5	-	model1
67	-	model1
-15	-	model1
47	-	model1
-6	+	model1
-18	+	model1
-18	+	model1
-99	+	model1
-36	+	model1
38	+	model1
-1	+	model1
19	+	model1
4	+	model1
-33	+	model1
2	+	model1
-86	+	model1
-11	-	model1
-5	-	model1
-49	-	model1
0	-	model1
21	-	model1
-99	-	model1
-255	-	model1
-191	-	model1
52	-	model1
15	-	model1
-2	-	model1
-56	+	model1
-151	+	model1
-12	-	model1
-12	-	model1
32	-	model1
32	-	model1
-86	+	model1
-11	-	model1
-5	-	model1
-49	-	model1
-15	-	model1
-9	-	model1
-32	-	model1
0	-	model1
21	-	model1
-99	-	model1
-26	-	model1
-255	-	model1
-38	-	model1
-6	-	model1
52	-	model1
-17	-	model1
-2	-	model1
-56	+	model1
-56	+	model1
-42	+	model1
-42	+	model1
-6	-	model1
-19	-	model1
6	-	model1
53	-	model1
53	-	model1
69	-	model1
69	-	model1
158	-	model1
-162	+	model1
-162	+	model1
-28	+	model1
5	+	model1
5	+	model1
-79	+	model1
-87	+	model1
27	+	model1
-75	+	model1
106	+	model1
-229	+	model1
52	-	model1
-17	-	model1
148	-	model1
-22	-	model1
6	-	model1
-86	-	model1
-86	-	model1
-86	-	model1
-22	-	model1
-15	-	model1
300	-	model1
99	-	model1
48	-	model1
126	-	model1
-25	-	model1
-21	-	model1
-224	+	model1
-27	+	model1
-78	-	model1
-44	+	model1
-49	+	model1
-16	+	model1
-1	-	model1
1	+	model1
1	+	model1
1	+	model1
1	+	model1
2	+	model1
24	+	model1
-3	+	model1
-41	+	model1
-81	+	model1
12	+	model1
-11	-	model1
-5	-	model1
-5	-	model1
180	-	model1
-110	-	model1
50	-	model1
7	-	model1
51	-	model1
107	-	model1
125	-	model1
112	-	model1
-16	-	model1
288	-	model1
288	-	model1
284	-	model1
284	-	model1
-75	+	model1
-134	+	model1
-132	+	model1
-69	+	model1
0	+	model1
0	+	model1
-18	+	model1
-65	+	model1
-65	+	model1
-2	-	model1
187	-	model1
187	-	model1
2	-	model1
-65	-	model1
18	-	model1
0	+	model1
1	+	model1
32	+	model1
164	+	model1
-336	-	model1
63	-	model1
54	-	model1
-7	-	model1
-2	-	model1
-65	+	model1
5	+	model1
-46	+	model1
-42	+	model1
-193	+	model1
-10	-	model1
26	-	model1
88	-	model1
87	-	model1
70	-	model1
0	+	model1
-75	+	model1
-101	+	model1
30	+	model1
-27	+	model1
-172	+	model1
-86	+	model1
-11	-	model1
-7	-	model1
-5	-	model1
-29	-	model1
-49	-	model1
-19	-	model1
-162	-	model1
-15	-	model1
-27	-	model1
-9	-	model1
-32	-	model1
32	-	model1
62	-	model1
50	-	model1
50	-	model1
-99	-	model1
85	-	model1
-26	-	model1
-255	-	model1
-29	-	model1
2	-	model1
-18	-	model1
142	-	model1
111	-	model1
52	-	model1
-2	-	model1
-57	+	model1
91	-	model1
91	-	model1
-33	+	model1
-46	-	model1
-23	-	model1
6	-	model1
204	-	model1
12	-	model1
27	-	model1
5	-	model1
-103	+	model1
-13	+	model1
43	+	model1
-26	+	model1
-26	+	model1
-46	+	model1
-3	+	model1
99	-	model1
99	-	model1
67	-	model1
47	-	model1
-209	+	model1
-1	+	model1
4	+	model1
-33	+	model1
2	+	model1
-81	+	model1
-81	+	model1
41	-	model1
107	-	model1
107	-	model1
107	-	model1
107	-	model1
107	-	model1
107	-	model1
45	-	model1
-16	-	model1
63	-	model1
-2	-	model1
-22	-	model1
-22	-	model1
-22	-	model1
-1	-	model1
-1	-	model1
-1	-	model1
-1	-	model1
-1	-	model1
-1	-	model1
-1	-	model1
-1	-	model1
-1	-	model1
-246	+	model1
-246	+	model1
176	+	model1
-82	+	model1
3	+	model1
32	+	model1
32	+	model1
-98	+	model1
-98	+	model1
5	+	model1
-18	+	model1
-2	-	model1
7	-	model1
2	-	model1
-20	-	model1
1	+	model1
-107	+	model1
-6	+	model1
51	+	model1
0	+	model1
58	+	model1
142	+	model1
-256	+	model1
-311	+	model1
-139	+	model1
127	-	model1
43	-	model1
3	-	model1
348	-	model1
43	-	model1
-1	-	model1
-222	+	model1
-58	+	model1
150	+	model1
4	+	model1
-56	+	model1
-99	+	model1
200	+	model1
200	+	model1
26	+	model1
-10	+	model1
-53	+	model1
-140	+	model1
-14	-	model1
-28	-	model1
-29	-	model1
58	-	model1
58	-	model1
137	-	model1
-131	-	model1
-29	-	model1
-38	-	model1
-24	-	model1
-1	-	model1
-1	-	model1
-8	-	model1
-88	-	model1
30	+	model1
-160	+	model1
44	+	model1
3	+	model1
-2	+	model1
-9	+	model1
106	+	model1
-160	+	model1
-229	+	model1
6	-	model1
-63	-	model1
-3	-	model1
-3	-	model1
231	-	model1
-86	-	model1
-86	-	model1
-8	-	model1
-8	-	model1
-2	-	model1
-2	-	model1
-1	-	model1
-27	+	model1
-126	+	model1
83	+	model1
1	+	model1
5	+	model1
32	+	model1
0	+	model1
164	+	model1
-16	+	model1
-16	+	model1
-29	+	model1
-26	+	model1
-26	+	model1
8	+	model1
107	+	model1
27	+	model1
-168	+	model1
-74	+	model1
-1	-	model1
42	-	model1
-4	-	model1
41	-	model1
-206	-	model1
-336	-	model1
-380	-	model1
148	-	model1
133	-	model1
133	-	model1
63	-	model1
-39	-	model1
98	-	model1
98	-	model1
0	-	model1
-52	-	model1
117	-	model1
96	-	model1
186	-	model1
23	-	model1
150	-	model1
167	-	model1
107	-	model1
107	-	model1
23	-	model1
0	-	model1
99	-	model1
70	-	model1
14	-	model1
-7	-	model1
57	-	model1
-2	-	model1
-7	-	model1
-3	-	model1
-3	-	model1
-8	+	model1
30	-	model1
-59	+	model1
-1	-	model1
132	+	model1
-100	+	model1
-1	-	model1
38	+	model1
-108	+	model1
-4	+	model1
-38	+	model1
287	+	model1
28	+	model1
-1	+	model1
67	+	model1
-65	+	model1
12	+	model1
-1	+	model1
1	+	model1
-72	+	model1
15	+	model1
-49	+	model1
6	+	model1
-30	+	model1
-13	+	model1
-195	+	model1
167	-	model1
-56	-	model1
-36	-	model1
-36	-	model1
-36	-	model1
-6	-	model1
99	-	model1
32	-	model1
54	-	model1
54	-	model1
55	-	model1
55	-	model1
-75	-	model1
0	-	model1
-129	-	model1
20	-	model1
52	-	model1
147	-	model1
99	-	model1
-27	-	model1
-123	+	model1
109	+	model1
18	+	model1
-149	+	model1
-149	+	model1
-182	+	model1
107	+	model1
-85	+	model1
-110	+	model1
-68	+	model1
-3	+	model1
3	+	model1
1	+	model1
1	+	model1
2	+	model1
6	+	model1
6	+	model1
-2	+	model1
0	+	model1
38	+	model1
10	+	model1
132	+	model1
112	+	model1
-16	+	model1
-170	+	model1
-112	+	model1
3	+	model1
-3	+	model1
-62	+	model1
-20	-	model1
-20	-	model1
42	-	model1
36	-	model1
140	-	model1
108	-	model1
-55	-	model1
110	-	model1
-2	-	model1
170	-	model1
-161	+	model1
57	+	model1
-47	+	model1
-47	+	model1
-45	+	model1
-14	+	model1
6	+	model1
1	+	model1
12	+	model1
19	+	model1
-110	-	model1
159	-	model1
51	-	model1
51	-	model1
125	-	model1
22	-	model1
-69	+	model1
-151	+	model1
-12	-	model1
-12	-	model1
32	-	model1
32	-	model1
-224	+	model1
-86	+	model1
-11	-	model1
-5	-	model1
-49	-	model1
-19	-	model1
-15	-	model1
-9	-	model1
-32	-	model1
0	-	model1
21	-	model1
-99	-	model1
-26	-	model1
-255	-	model1
-38	-	model1
-6	-	model1
52	-	model1
-17	-	model1
-2	-	model1
1	+	model1
-56	+	model1
-56	+	model1
-42	+	model1
-42	+	model1
-189	+	model1
-103	+	model1
-19	-	model1
-12	-	model1
-7	-	model1
-8	-	model1
6	-	model1
38	-	model1
38	-	model1
38	-	model1
38	-	model1
38	-	model1
38	-	model1
38	-	model1
38	-	model1
25	-	model1
164	-	model1
-155	-	model1
126	-	model1
39	-	model1
-29	-	model1
102	-	model1
102	-	model1
69	-	model1
86	-	model1
-21	-	model1
83	-	model1
-49	-	model1
-49	-	model1
128	-	model1
-3	-	model1
-30	+	model1
-253	+	model1
-124	+	model1
-28	+	model1
-155	+	model1
-155	+	model1
-55	+	model1
-55	+	model1
-18	+	model1
7	-	model1
187	-	model1
187	-	model1
2	-	model1
18	-	model1
17	-	model1
-65	-	model1
-65	-	model1
-148	-	model1
209	-	model1
-67	-	model1
18	-	model1
18	-	model1
2	-	model1
-51	+	model1
-8	+	model1
-13	+	model1
41	-	model1
107	-	model1
107	-	model1
107	-	model1
45	-	model1
1	+	model1
6	+	model1
6	+	model1
-22	+	model1
-22	+	model1
-49	+	model1
-49	+	model1
-93	+	model1
-93	+	model1
123	-	model1
48	-	model1
-1	-	model1
-222	+	model1
-92	+	model1
-92	+	model1
-83	+	model1
-33	+	model1
81	-	model1
-23	-	model1
6	-	model1
55	-	model1
212	-	model1
-43	-	model1
-19	-	model1
-32	+	model1
-1	-	model1
-103	+	model1
-126	+	model1
54	+	model1
54	+	model1
-38	-	model1
88	-	model1
87	-	model1
-8	-	model1
-82	+	model1
1	+	model1
-61	+	model1
38	+	model1
88	-	model1
-6	-	model1
-26	-	model1
-146	+	model1
-24	-	model1
-27	-	model1
21	+	model1
-40	+	model1
-56	+	model1
-56	+	model1
-42	+	model1
-42	+	model1
-19	-	model1
-12	-	model1
6	-	model1
-155	-	model1
69	-	model1
158	-	model1
158	-	model1
158	-	model1
1	+	model1
32	+	model1
-1	+	model1
-1	+	model1
6	+	model1
8	+	model1
27	+	model1
-74	+	model1
-74	+	model1
3	-	model1
-22	-	model1
-336	-	model1
-336	-	model1
-336	-	model1
-336	-	model1
-380	-	model1
-380	-	model1
-380	-	model1
-380	-	model1
133	-	model1
133	-	model1
98	-	model1
1	-	model1
88	-	model1
-4	-	model1
30	-	model1
146	-	model1
-7	-	model1
-3	-	model1
-3	-	model1
-3	-	model1
-327	+	model1
-8	+	model1
-253	+	model1
-1	-	model1
-38	+	model1
-65	+	model1
12	+	model1
-1	+	model1
2	+	model1
2	+	model1
-13	+	model1
-36	+	model1
-4	+	model1
89	+	model1
-76	+	model1
-76	+	model1
-196	+	model1
-256	+	model1
-256	+	model1
8	+	model1
195	-	model1
-6	-	model1
46	-	model1
11	-	model1
88	-	model1
27	-	model1
28	-	model1
36	-	model1
125	-	model1
5	-	model1
67	-	model1
-15	-	model1
47	-	model1
-197	+	model1
-6	+	model1
-36	+	model1
-33	+	model1
2	+	model1
1	+	model1
1	+	model1
-1	+	model1
5	+	model1
-4	+	model1
-77	+	model1
-68	+	model1
-109	+	model1
-13	+	model1
-104	+	model1
61	+	model1
-111	+	model1
116	+	model1
-36	+	model1
-149	+	model1
-81	+	model1
74	+	model1
90	+	model1
-171	+	model1
-171	+	model1
12	+	model1
-111	+	model1
-111	+	model1
-111	+	model1
20	+	model1
3	-	model1
19	+	model1
157	-	model1
-57	+	model1
-71	-	model1
-11	-	model1
-8	-	model1
-3	-	model1
-30	-	model1
-34	-	model1
85	-	model1
-18	-	model1
3	-	model1
142	-	model1
51	-	model1
184	-	model1
20	-	model1
107	-	model1
34	-	model1
34	-	model1
120	-	model1
15	-	model1
51	-	model1
51	-	model1
-127	-	model1
-59	-	model1
44	-	model1
44	-	model1
1	-	model1
125	-	model1
112	-	model1
-16	-	model1
29	-	model1
55	-	model1
55	-	model1
-320	-	model1
261	-	model1
-69	-	model1
10	-	model1
-9	-	model1
141	-	model1
-25	+	model1
-92	+	model1
-105	+	model1
-105	+	model1
-105	+	model1
-55	+	model1
-55	+	model1
-55	+	model1
-55	+	model1
-11	+	model1
-11	+	model1
-33	-	model1
65	+	model1
65	+	model1
-174	+	model1
128	+	model1
128	+	model1
-25	+	model1
-80	+	model1
-183	+	model1
-33	+	model1
-33	+	model1
35	+	model1
-45	+	model1
-45	+	model1
18	+	model1
2	+	model1
8	+	model1
-75	+	model1
-44	+	model1
258	-	model1
-69	+	model1
-1	+	model1
-1	+	model1
0	+	model1
37	+	model1
1	+	model1
-42	+	model1
-42	+	model1
-42	+	model1
-42	+	model1
-42	+	model1
-42	+	model1
-33	+	model1
-33	+	model1
-33	+	model1
-33	+	model1
-33	+	model1
-33	+	model1
-33	+	model1
-33	+	model1
-22	+	model1
-112	+	model1
188	+	model1
1	-	model1
-27	-	model1
56	-	model1
-23	-	model1
52	-	model1
3	-	model1
3	-	model1
94	-	model1
-56	+	model1
-35	+	model1
-119	+	model1
-280	+	model1
-280	+	model1
-7	+	model1
6	+	model1
-1	+	model1
4	+	model1
1	+	model1
1	+	model1
0	+	model1
-17	+	model1
66	+	model1
90	+	model1
-83	+	model1
-68	+	model1
-12	+	model1
-50	+	model1
-84	+	model1
-189	+	model1
-189	+	model1
-1	+	model1
-12	+	model1
-70	-	model1
223	-	model1
146	-	model1
-7	-	model1
207	-	model1
26	-	model1
88	-	model1
82	-	model1
-27	-	model1
-3	-	model1
250	-	model1
-64	+	model1
-292	+	model1
123	+	model1
0	+	model1
-18	+	model1
-62	+	model1
-2	-	model1
187	-	model1
2	-	model1
6	-	model1
-165	+	model1
2	+	model1
5	+	model1
32	+	model1
27	+	model1
64	+	model1
7	+	model1
-50	+	model1
-50	+	model1
-229	+	model1
-17	-	model1
-17	-	model1
-95	-	model1
70	-	model1
-86	-	model1
-86	-	model1
20	-	model1
53	-	model1
53	-	model1
53	-	model1
53	-	model1
59	-	model1
59	-	model1
59	-	model1
59	-	model1
-76	+	model1
0	+	model1
-49	+	model1
-11	+	model1
-33	+	model1
-33	+	model1
-21	+	model1
-81	+	model1
-81	+	model1
60	-	model1
107	-	model1
107	-	model1
107	-	model1
107	-	model1
107	-	model1
107	-	model1
-25	-	model1
-16	-	model1
-55	-	model1
2	-	model1
-22	-	model1
-22	-	model1
-22	-	model1
-1	-	model1
-1	-	model1
-1	-	model1
-1	-	model1
-1	-	model1
-1	-	model1
-1	-	model1
-229	+	model1
176	+	model1
-167	+	model1
-144	+	model1
4	+	model1
117	+	model1
117	+	model1
5	+	model1
-46	-	model1
6	-	model1
55	-	model1
-43	-	model1
12	-	model1
-103	+	model1
-22	+	model1
1	+	model1
0	+	model1
-25	+	model1
65	+	model1
-17	+	model1
-86	+	model1
-11	-	model1
-7	-	model1
-5	-	model1
-32	-	model1
-29	-	model1
-49	-	model1
-162	-	model1
-15	-	model1
-27	-	model1
-27	-	model1
-109	-	model1
-109	-	model1
87	-	model1
87	-	model1
-99	-	model1
22	-	model1
-26	-	model1
-255	-	model1
-29	-	model1
-38	-	model1
-443	-	model1
143	-	model1
-191	-	model1
52	-	model1
-17	-	model1
15	-	model1
-2	-	model1
205	+	model1
205	+	model1
38	+	model1
6	+	model1
-3	-	model1
-3	+	model1
16	+	model1
16	+	model1
-81	+	model1
-81	+	model1
3	-	model1
3	-	model1
107	-	model1
107	-	model1
107	-	model1
107	-	model1
107	-	model1
107	-	model1
-16	-	model1
-6	-	model1
31	-	model1
31	-	model1
-2	-	model1
-22	-	model1
-22	-	model1
-22	-	model1
-1	-	model1
-1	-	model1
-1	-	model1
-1	-	model1
-1	-	model1
-246	+	model1
-246	+	model1
-82	+	model1
3	+	model1
32	+	model1
32	+	model1
-98	+	model1
-98	+	model1
2	+	model1
-72	+	model1
-1	+	model1
6	+	model1
-2	+	model1
0	+	model1
0	+	model1
7	+	model1
10	+	model1
-7	+	model1
-16	+	model1
-62	+	model1
13	-	model1
42	-	model1
24	-	model1
142	-	model1
140	-	model1
32	-	model1
37	-	model1
-10	-	model1
108	-	model1
99	-	model1
-10	-	model1
-10	-	model1
-21	-	model1
-29	-	model1
-2	-	model1
170	-	model1
-62	+	model1
-40	+	model1
157	-	model1
157	-	model1
-34	+	model1
-57	+	model1
57	+	model1
170	+	model1
-47	+	model1
-45	+	model1
74	-	model1
71	+	model1
3	+	model1
3	+	model1
6	+	model1
-26	+	model1
-26	+	model1
-33	+	model1
-19	+	model1
-82	+	model1
-100	+	model1
-53	+	model1
-40	+	model1
-31	+	model1
25	-	model1
41	-	model1
-29	-	model1
-17	-	model1
66	-	model1
65	-	model1
70	-	model1
89	-	model1
144	-	model1
-29	-	model1
-38	-	model1
108	-	model1
-24	-	model1
-86	-	model1
-86	-	model1
-1	-	model1
1	-	model1
-1	-	model1
-8	-	model1
-2	+	model1
-88	-	model1
-116	+	model1
-152	+	model1
-233	+	model1
30	+	model1
-98	+	model1
-83	+	model1
-44	+	model1
1	+	model1
1	+	model1
2	+	model1
-4	+	model1
-77	+	model1
24	+	model1
-104	+	model1
-41	+	model1
-36	+	model1
-81	+	model1
12	+	model1
20	+	model1
19	+	model1
-11	-	model1
-5	-	model1
-5	-	model1
-18	-	model1
51	-	model1
20	-	model1
107	-	model1
125	-	model1
112	-	model1
-88	-	model1
-16	-	model1
29	-	model1
288	-	model1
288	-	model1
-12	-	model1
-12	-	model1
284	-	model1
284	-	model1
284	-	model1
141	-	model1
-92	+	model1
-75	+	model1
-134	+	model1
-132	+	model1
-69	+	model1
2	+	model1
1	+	model1
1	+	model1
5	+	model1
32	+	model1
0	+	model1
-152	+	model1
-29	+	model1
-26	+	model1
-26	+	model1
-26	+	model1
-13	+	model1
284	+	model1
284	+	model1
107	+	model1
27	+	model1
-74	+	model1
67	-	model1
-136	+	model1
66	-	model1
66	-	model1
-336	-	model1
-380	-	model1
148	-	model1
133	-	model1
133	-	model1
63	-	model1
-39	-	model1
98	-	model1
98	-	model1
-22	-	model1
23	-	model1
23	-	model1
150	-	model1
150	-	model1
167	-	model1
167	-	model1
67	-	model1
23	-	model1
23	-	model1
11	-	model1
0	-	model1
57	-	model1
-2	-	model1
-19	-	model1
-19	-	model1
-327	+	model1
30	-	model1
-253	+	model1
-100	+	model1
-3	+	model1
-1	-	model1
260	+	model1
260	+	model1
38	+	model1
-108	+	model1
-38	+	model1
-1	+	model1
-65	+	model1
-50	-	model1
-32	-	model1
1	+	model1
93	+	model1
37	+	model1
1	+	model1
1	+	model1
1	+	model1
-21	+	model1
-34	+	model1
5	+	model1
-16	+	model1
-42	+	model1
-42	+	model1
-81	-	model1
-4	+	model1
-3	+	model1
-33	+	model1
-33	+	model1
-33	+	model1
-33	+	model1
-115	+	model1
107	+	model1
1	-	model1
-4	-	model1
185	-	model1
-27	-	model1
32	-	model1
-125	-	model1
27	-	model1
50	-	model1
58	-	model1
77	-	model1
151	-	model1
151	-	model1
72	-	model1
53	-	model1
53	-	model1
32	-	model1
13	-	model1
-7	-	model1
-17	+	model1
-17	+	model1
-128	+	model1
-128	+	model1
-130	+	model1
-1	+	model1
-56	+	model1
-12	+	model1
-12	+	model1
-35	+	model1
-224	+	model1
-224	+	model1
-280	+	model1
-280	+	model1
-193	+	model1
-27	+	model1
-33	+	model1
-7	+	model1
-19	+	model1
-18	+	model1
0	+	model1
-1	+	model1
4	+	model1
1	+	model1
1	+	model1
1	+	model1
1	+	model1
2	+	model1
-4	+	model1
-77	+	model1
-3	+	model1
-104	+	model1
-41	+	model1
-50	+	model1
-36	+	model1
-81	+	model1
12	+	model1
-111	+	model1
-111	+	model1
20	+	model1
19	+	model1
-57	+	model1
-11	-	model1
-30	-	model1
-5	-	model1
-5	-	model1
-110	-	model1
50	-	model1
80	-	model1
7	-	model1
20	-	model1
107	-	model1
125	-	model1
112	-	model1
-16	-	model1
288	-	model1
288	-	model1
-12	-	model1
-12	-	model1
284	-	model1
284	-	model1
284	-	model1
141	-	model1
-92	+	model1
-105	+	model1
-105	+	model1
269	+	model1
-25	+	model1
-44	+	model1
-69	+	model1
2	+	model1
35	+	model1
3	+	model1
-1	+	model1
-12	+	model1
-177	+	model1
-177	+	model1
-18	+	model1
106	-	model1
-5	-	model1
-4	-	model1
139	-	model1
92	-	model1
78	-	model1
94	-	model1
-1	-	model1
-1	-	model1
15	+	model1
2	+	model1
1	+	model1
32	+	model1
-1	+	model1
-1	+	model1
6	+	model1
8	+	model1
-74	+	model1
-74	+	model1
-104	+	model1
42	-	model1
41	-	model1
42	-	model1
-336	-	model1
-336	-	model1
-380	-	model1
-380	-	model1
46	-	model1
46	-	model1
46	-	model1
133	-	model1
133	-	model1
98	-	model1
1	-	model1
-4	-	model1
63	-	model1
54	-	model1
99	-	model1
-7	-	model1
-2	-	model1
-3	-	model1
-3	-	model1
-8	+	model1
-8	+	model1
-8	+	model1
-71	+	model1
-1	-	model1
-38	+	model1
-1	+	model1
-65	+	model1
12	+	model1
-1	+	model1
124	-	model1
92	-	model1
3	-	model1
-1	-	model1
-1	-	model1
-58	+	model1
1	+	model1
0	+	model1
-15	+	model1
-15	+	model1
75	+	model1
75	+	model1
205	+	model1
205	+	model1
205	+	model1
-11	-	model1
-12	-	model1
-12	-	model1
-17	-	model1
10	-	model1
-5	-	model1
29	-	model1
86	-	model1
44	-	model1
255	-	model1
-1	-	model1
0	+	model1
-164	+	model1
-51	+	model1
-31	+	model1
4	+	model1
2	+	model1
1	+	model1
1	+	model1
-4	+	model1
-77	+	model1
-1	+	model1
-14	+	model1
-13	+	model1
-104	+	model1
-34	+	model1
377	+	model1
-129	+	model1
161	+	model1
116	+	model1
-36	+	model1
-149	+	model1
-81	+	model1
74	+	model1
56	-	model1
-109	+	model1
43	-	model1
-138	+	model1
12	+	model1
20	+	model1
19	+	model1
-11	-	model1
-85	-	model1
-42	-	model1
-8	-	model1
-112	-	model1
-81	-	model1
106	-	model1
-87	-	model1
9	-	model1
-32	-	model1
34	-	model1
3	-	model1
42	-	model1
-22	-	model1
150	-	model1
107	-	model1
107	-	model1
34	-	model1
34	-	model1
-9	-	model1
15	-	model1
44	-	model1
44	-	model1
44	-	model1
44	-	model1
2	-	model1
112	-	model1
-16	-	model1
29	-	model1
41	-	model1
41	-	model1
41	-	model1
41	-	model1
-38	-	model1
34	-	model1
-41	-	model1
-41	-	model1
-68	-	model1
-22	-	model1
-22	-	model1
-25	+	model1
-92	+	model1
-213	+	model1
-213	+	model1
-115	+	model1
-323	+	model1
-138	+	model1
-138	+	model1
-33	-	model1
64	+	model1
-99	+	model1
-99	+	model1
4	+	model1
-80	+	model1
21	+	model1
-33	+	model1
-33	+	model1
-22	+	model1
80	+	model1
0	+	model1
18	+	model1
8	+	model1
-69	+	model1
1	+	model1
1	+	model1
0	+	model1
-17	+	model1
66	+	model1
-46	+	model1
-46	+	model1
-46	+	model1
-16	+	model1
-83	+	model1
70	+	model1
-64	+	model1
-68	+	model1
-12	+	model1
-50	+	model1
-10	+	model1
-84	+	model1
-1	+	model1
-12	+	model1
11	+	model1
122	-	model1
105	-	model1
168	-	model1
141	-	model1
146	-	model1
182	-	model1
182	-	model1
40	-	model1
28	-	model1
26	-	model1
88	-	model1
82	-	model1
169	-	model1
-27	-	model1
37	-	model1
-3	-	model1
-3	-	model1
100	-	model1
48	-	model1
250	-	model1
-16	-	model1
-107	+	model1
32	-	model1
-64	+	model1
-292	+	model1
-11	+	model1
-11	+	model1
61	+	model1
-159	+	model1
-159	+	model1
-42	+	model1
123	+	model1
-74	+	model1
39	-	model1
0	+	model1
0	+	model1
-20	+	model1
2	+	model1
9	+	model1
-39	+	model1
-8	-	model1
-17	-	model1
69	-	model1
35	-	model1
-22	-	model1
1	-	model1
-86	-	model1
-44	-	model1
88	-	model1
88	-	model1
88	-	model1
88	-	model1
48	-	model1
-19	-	model1
-19	-	model1
-19	-	model1
-19	-	model1
70	-	model1
70	-	model1
70	-	model1
70	-	model1
135	-	model1
-11	-	model1
18	-	model1
83	-	model1
83	-	model1
83	-	model1
-140	-	model1
21	-	model1
-37	-	model1
-191	+	model1
-1	+	model1
-115	+	model1
-53	+	model1
-93	+	model1
0	+	model1
-205	+	model1
-28	-	model1
0	+	model1
37	+	model1
37	+	model1
1	+	model1
-21	+	model1
-34	+	model1
-42	+	model1
-42	+	model1
-42	+	model1
-42	+	model1
-33	+	model1
-33	+	model1
-33	+	model1
-33	+	model1
-22	+	model1
-112	+	model1
-112	+	model1
188	+	model1
1	-	model1
-12	-	model1
3	-	model1
-27	-	model1
32	-	model1
58	-	model1
-23	-	model1
11	-	model1
-11	-	model1
76	-	model1
-130	+	model1
-1	+	model1
-35	+	model1
-119	+	model1
-280	+	model1
-280	+	model1
-19	+	model1
-27	+	model1
-7	+	model1
-21	+	model1
6	+	model1
6	+	model1
-1	+	model1
4	+	model1
0	+	model1
37	+	model1
37	+	model1
1	+	model1
-34	+	model1
-16	+	model1
-42	+	model1
-42	+	model1
-4	+	model1
-33	+	model1
-33	+	model1
-33	+	model1
-33	+	model1
-22	+	model1
-26	+	model1
-112	+	model1
1	-	model1
-12	-	model1
233	-	model1
-27	-	model1
15	-	model1
152	-	model1
11	-	model1
-5	-	model1
-17	+	model1
-128	+	model1
-2	-	model1
-35	+	model1
-215	+	model1
-119	+	model1
-280	+	model1
-280	+	model1
23	+	model1
-7	+	model1
6	+	model1
6	+	model1
-1	+	model1
4	+	model1
-85	+	model1
35	+	model1
3	+	model1
-3	+	model1
37	+	model1
-1	+	model1
-103	+	model1
-12	+	model1
-177	+	model1
-177	+	model1
-18	+	model1
5	+	model1
-20	-	model1
-65	-	model1
111	-	model1
-5	-	model1
139	-	model1
104	-	model1
168	-	model1
-18	-	model1
-18	-	model1
55	-	model1
129	-	model1
121	-	model1
100	-	model1
-36	-	model1
-264	+	model1
-109	+	model1
-242	+	model1
-1	-	model1
15	+	model1
2	+	model1
-1	+	model1
-2	+	model1
0	+	model1
0	+	model1
-87	+	model1
56	+	model1
19	+	model1
7	+	model1
10	+	model1
-83	+	model1
-16	+	model1
-9	+	model1
-24	+	model1
-163	+	model1
88	+	model1
-62	+	model1
-62	+	model1
-194	+	model1
-194	+	model1
99	-	model1
-11	-	model1
56	-	model1
56	-	model1
-75	-	model1
42	-	model1
24	-	model1
142	-	model1
154	-	model1
154	-	model1
154	-	model1
154	-	model1
140	-	model1
-73	+	model1
-73	+	model1
99	-	model1
81	-	model1
79	-	model1
170	-	model1
269	-	model1
-122	-	model1
-65	+	model1
-140	+	model1
-62	+	model1
-249	+	model1
-52	+	model1
-77	+	model1
-40	+	model1
-74	+	model1
-74	+	model1
-5	+	model1
-37	+	model1
-37	+	model1
-34	+	model1
21	+	model1
21	+	model1
-35	+	model1
-24	+	model1
57	+	model1
58	+	model1
170	+	model1
-47	+	model1
-47	+	model1
74	-	model1
-34	+	model1
-14	+	model1
-99	+	model1
3	+	model1
43	-	model1
-127	+	model1
0	+	model1
6	+	model1
-49	+	model1
5	+	model1
2	+	model1
0	+	model1
-1	-	model1
-10	+	model1
-47	+	model1
-173	+	model1
11	+	model1
18	-	model1
-61	-	model1
-61	-	model1
-101	-	model1
28	-	model1
23	-	model1
47	-	model1
62	-	model1
62	-	model1
62	-	model1
58	-	model1
46	-	model1
84	-	model1
-3	-	model1
-3	-	model1
-3	-	model1
-11	-	model1
2	-	model1
-82	-	model1
29	-	model1
146	-	model1
-22	-	model1
-8	-	model1
-123	+	model1
75	-	model1
-21	+	model1
-219	+	model1
-51	+	model1
2	+	model1
2	+	model1
0	+	model1
0	+	model1
-20	+	model1
2	+	model1
37	+	model1
9	+	model1
29	+	model1
-118	+	model1
-39	+	model1
12	-	model1
35	-	model1
228	-	model1
228	-	model1
83	-	model1
-22	-	model1
2	-	model1
162	-	model1
1	-	model1
-86	-	model1
88	-	model1
88	-	model1
88	-	model1
88	-	model1
48	-	model1
-19	-	model1
-19	-	model1
-19	-	model1
-19	-	model1
70	-	model1
70	-	model1
70	-	model1
70	-	model1
135	-	model1
-15	-	model1
-15	-	model1
-15	-	model1
-15	-	model1
-81	-	model1
-81	-	model1
-81	-	model1
-81	-	model1
-74	-	model1
-74	-	model1
-74	-	model1
-74	-	model1
-16	-	model1
-25	-	model1
18	-	model1
-71	-	model1
94	-	model1
94	-	model1
83	-	model1
83	-	model1
-140	-	model1
-37	-	model1
91	-	model1
-191	+	model1
14	+	model1
-1	+	model1
-192	+	model1
-115	+	model1
-91	+	model1
-53	+	model1
-53	+	model1
16	+	model1
5	+	model1
-2	+	model1
0	+	model1
-205	+	model1
1	+	model1
-15	-	model1
-158	-	model1
-158	-	model1
252	+	model1
-32	+	model1
-32	+	model1
-32	+	model1
21	+	model1
-1	+	model1
-73	+	model1
-73	+	model1
2	+	model1
6	+	model1
6	+	model1
-2	+	model1
0	+	model1
0	+	model1
38	+	model1
7	+	model1
10	+	model1
-7	+	model1
112	+	model1
-16	+	model1
-170	+	model1
-31	+	model1
3	+	model1
-62	+	model1
-62	+	model1
-4	+	model1
-56	-	model1
42	-	model1
3	-	model1
110	-	model1
-18	-	model1
140	-	model1
106	-	model1
-10	-	model1
108	-	model1
99	-	model1
26	-	model1
47	-	model1
39	-	model1
147	-	model1
110	-	model1
-29	-	model1
-2	-	model1
170	-	model1
-52	+	model1
-101	+	model1
57	+	model1
-47	+	model1
-45	+	model1
74	-	model1
3	+	model1
3	+	model1
-14	+	model1
6	+	model1
4	+	model1
-18	+	model1
-62	+	model1
-6	-	model1
2	-	model1
-23	-	model1
-5	-	model1
-65	-	model1
-65	-	model1
9	-	model1
-64	-	model1
-32	-	model1
81	-	model1
18	-	model1
2	-	model1
-51	+	model1
-8	+	model1
-6	+	model1
-94	+	model1
3	+	model1
-43	+	model1
-25	-	model1
1	-	model1
29	-	model1
5	-	model1
63	-	model1
133	-	model1
30	-	model1
-34	-	model1
-5	-	model1
-15	-	model1
-9	-	model1
-156	+	model1
-156	+	model1
0	+	model1
-17	+	model1
66	+	model1
-68	+	model1
-12	+	model1
-50	+	model1
-10	+	model1
-189	+	model1
-189	+	model1
-1	+	model1
-12	+	model1
108	-	model1
108	-	model1
205	-	model1
146	-	model1
182	-	model1
182	-	model1
28	-	model1
88	-	model1
82	-	model1
-27	-	model1
-3	-	model1
-3	-	model1
250	-	model1
-64	+	model1
24	+	model1
123	+	model1
-74	+	model1
-2	+	model1
-83	+	model1
-31	-	model1
12	-	model1
-32	+	model1
2	+	model1
1	+	model1
-15	+	model1
88	-	model1
-42	-	model1
129	-	model1
-4	-	model1
104	-	model1
166	-	model1
-54	-	model1
-61	-	model1
-60	-	model1
-158	-	model1
-158	-	model1
-26	-	model1
-35	-	model1
-48	-	model1
354	-	model1
-21	-	model1
31	-	model1
252	+	model1
-46	-	model1
21	+	model1
-1	+	model1
32	-	model1
-42	+	model1
-42	+	model1
-21	+	model1
-233	+	model1
-3	-	model1
60	-	model1
107	-	model1
107	-	model1
107	-	model1
107	-	model1
107	-	model1
107	-	model1
-87	-	model1
18	-	model1
-16	-	model1
-55	-	model1
2	-	model1
63	-	model1
72	-	model1
-22	-	model1
-22	-	model1
-22	-	model1
-1	-	model1
-1	-	model1
-1	-	model1
-1	-	model1
-1	-	model1
-1	-	model1
-1	-	model1
-229	+	model1
-246	+	model1
-246	+	model1
176	+	model1
-167	+	model1
-144	+	model1
-148	+	model1
4	+	model1
117	+	model1
117	+	model1
36	+	model1
-22	+	model1
5	+	model1
105	+	model1
-33	+	model1
-31	+	model1
41	-	model1
2	-	model1
33	-	model1
-29	-	model1
-38	-	model1
-24	-	model1
-1	-	model1
-1	-	model1
-8	-	model1
-2	+	model1
-88	-	model1
-116	+	model1
61	-	model1
-152	+	model1
-233	+	model1
30	+	model1
-98	+	model1
-44	+	model1
-166	+	model1
2	+	model1
0	+	model1
6	+	model1
-49	+	model1
-49	+	model1
0	+	model1
5	+	model1
2	+	model1
-3	+	model1
0	+	model1
-1	-	model1
-4	+	model1
-35	+	model1
-66	+	model1
-10	+	model1
61	+	model1
-316	+	model1
-173	+	model1
-116	+	model1
-132	+	model1
11	+	model1
-151	+	model1
-40	+	model1
-40	+	model1
-351	-	model1
-61	-	model1
-282	-	model1
-324	-	model1
-101	-	model1
28	-	model1
47	-	model1
62	-	model1
38	-	model1
38	-	model1
58	-	model1
46	-	model1
84	-	model1
30	-	model1
98	-	model1
-3	-	model1
-3	-	model1
-31	-	model1
2	-	model1
-82	-	model1
-13	-	model1
71	-	model1
146	-	model1
0	-	model1
-8	-	model1
-123	+	model1
-87	+	model1
75	-	model1
-48	+	model1
-12	+	model1
-59	+	model1
-59	+	model1
-59	+	model1
-59	+	model1
-59	+	model1
-59	+	model1
-59	+	model1
-59	+	model1
-59	+	model1
-59	+	model1
-59	+	model1
-59	+	model1
-59	+	model1
-59	+	model1
-59	+	model1
-21	+	model1
-21	+	model1
-40	+	model1
26	-	model1
-51	+	model1
1	+	model1
-1	+	model1
-1	+	model1
-4	+	model1
51	+	model1
-3	+	model1
-49	+	model1
-115	+	model1
-94	+	model1
-73	+	model1
18	+	model1
1	-	model1
-12	-	model1
251	-	model1
251	-	model1
-27	-	model1
-21	-	model1
63	-	model1
11	-	model1
77	-	model1
151	-	model1
151	-	model1
200	-	model1
200	-	model1
-17	+	model1
-128	+	model1
-6	+	model1
-130	+	model1
-91	+	model1
-95	+	model1
-12	+	model1
-12	+	model1
-12	+	model1
-35	+	model1
-280	+	model1
-280	+	model1
18	+	model1
18	+	model1
-27	+	model1
3	+	model1
-7	+	model1
-29	+	model1
-1	+	model1
4	+	model1
5	+	model1
15	+	model1
24	+	model1
-84	+	model1
12	+	model1
4	+	model1
-192	+	model1
-195	+	model1
7	-	model1
167	-	model1
-36	-	model1
-36	-	model1
-36	-	model1
32	-	model1
32	-	model1
4	-	model1
50	-	model1
0	-	model1
96	-	model1
20	-	model1
-123	+	model1
137	+	model1
137	+	model1
137	+	model1
-1	+	model1
-39	+	model1
-3	+	model1
1	+	model1
35	+	model1
1	+	model1
37	+	model1
-179	+	model1
-1	+	model1
-177	+	model1
-177	+	model1
-18	+	model1
-5	-	model1
-5	-	model1
-4	-	model1
139	-	model1
92	-	model1
78	-	model1
55	-	model1
100	-	model1
-1	-	model1
-85	+	model1
131	+	model1
-22	+	model1
-54	+	model1
-18	+	model1
-1	-	model1
-1	-	model1
35	+	model1
3	+	model1
-1	+	model1
14	+	model1
-12	+	model1
-177	+	model1
34	-	model1
111	-	model1
-5	-	model1
-4	-	model1
-23	-	model1
24	-	model1
27	-	model1
96	-	model1
-3	-	model1
121	-	model1
-36	-	model1
-1	-	model1
-1	-	model1
-14	+	model1
54	+	model1
-91	+	model1
-20	+	model1
1	+	model1
-1	+	model1
0	+	model1
37	+	model1
37	+	model1
1	+	model1
5	+	model1
-21	+	model1
-34	+	model1
5	+	model1
-16	+	model1
-19	+	model1
-42	+	model1
-42	+	model1
-42	+	model1
-42	+	model1
-4	+	model1
-82	+	model1
-3	+	model1
-33	+	model1
-33	+	model1
-33	+	model1
-33	+	model1
-33	+	model1
-33	+	model1
-33	+	model1
-33	+	model1
-33	+	model1
-33	+	model1
-22	+	model1
-49	+	model1
-112	+	model1
-112	+	model1
-115	+	model1
-112	+	model1
-112	+	model1
-176	+	model1
-41	+	model1
107	+	model1
-139	+	model1
-139	+	model1
188	+	model1
1	-	model1
7	-	model1
185	-	model1
233	-	model1
-106	-	model1
-106	-	model1
-15	-	model1
3	-	model1
198	-	model1
-27	-	model1
32	-	model1
91	-	model1
-125	-	model1
152	-	model1
58	-	model1
135	-	model1
11	-	model1
77	-	model1
80	-	model1
151	-	model1
151	-	model1
151	-	model1
-5	-	model1
72	-	model1
76	-	model1
34	-	model1
32	-	model1
-132	+	model1
-130	+	model1
-2	-	model1
-26	+	model1
-56	+	model1
-76	+	model1
-76	+	model1
-35	+	model1
-119	+	model1
-280	+	model1
-280	+	model1
-19	+	model1
-2	-	model1
-2	-	model1
-27	+	model1
-27	+	model1
23	+	model1
34	+	model1
14	+	model1
-7	+	model1
-27	+	model1
13	+	model1
6	+	model1
6	+	model1
-3	+	model1
-1	+	model1
4	+	model1
0	+	model1
64	+	model1
-53	+	model1
66	+	model1
-23	+	model1
-16	+	model1
-68	+	model1
-10	+	model1
-1	+	model1
-12	+	model1
-252	-	model1
-184	-	model1
168	-	model1
-7	-	model1
-7	-	model1
153	-	model1
100	-	model1
40	-	model1
121	-	model1
37	-	model1
100	-	model1
48	-	model1
-64	+	model1
-292	+	model1
-92	+	model1
-7	+	model1
22	+	model1
61	+	model1
123	+	model1
3	+	model1
1	+	model1
-15	+	model1
-15	+	model1
75	+	model1
75	+	model1
-29	+	model1
-117	+	model1
-12	-	model1
-12	-	model1
-11	-	model1
-17	-	model1
-5	-	model1
29	-	model1
86	-	model1
44	-	model1
0	-	model1
-125	+	model1
-1	-	model1
0	+	model1
-1	+	model1
4	+	model1
4	+	model1
-53	+	model1
-52	+	model1
2	+	model1
-6	+	model1
-56	+	model1
-56	+	model1
-42	+	model1
-42	+	model1
-19	-	model1
-12	-	model1
6	-	model1
89	-	model1
68	-	model1
-155	-	model1
53	-	model1
69	-	model1
158	-	model1
158	-	model1
86	-	model1
-41	+	model1
-28	+	model1
2	+	model1
3	+	model1
1	+	model1
-15	+	model1
-15	+	model1
75	+	model1
75	+	model1
-29	+	model1
136	-	model1
-12	-	model1
-12	-	model1
0	-	model1
10	-	model1
-5	-	model1
29	-	model1
86	-	model1
44	-	model1
273	-	model1
-125	+	model1
-1	-	model1
0	+	model1
-164	+	model1
4	+	model1
4	+	model1
-53	+	model1
2	+	model1
5	+	model1
1	+	model1
35	+	model1
-70	+	model1
-70	+	model1
37	+	model1
37	+	model1
-49	+	model1
-49	+	model1
-49	+	model1
-49	+	model1
-49	+	model1
-49	+	model1
-49	+	model1
-49	+	model1
-46	+	model1
14	+	model1
14	+	model1
-16	+	model1
-12	+	model1
-130	+	model1
-18	+	model1
-94	+	model1
-83	+	model1
-131	+	model1
-27	-	model1
20	-	model1
-20	-	model1
111	-	model1
111	-	model1
-4	-	model1
104	-	model1
41	-	model1
41	-	model1
86	-	model1
61	-	model1
43	-	model1
-16	-	model1
-1	-	model1
-109	+	model1
127	+	model1
-114	+	model1
-109	+	model1
6	+	model1
-13	+	model1
43	+	model1
-4	+	model1
-62	+	model1
195	-	model1
-5	-	model1
27	-	model1
28	-	model1
51	-	model1
125	-	model1
99	-	model1
4	-	model1
5	-	model1
-15	-	model1
-2	-	model1
-36	+	model1
-70	+	model1
-1	+	model1
19	+	model1
4	+	model1
-33	+	model1
2	+	model1
3	+	model1
1	+	model1
-87	+	model1
-15	+	model1
-55	+	model1
17	+	model1
-29	+	model1
-88	+	model1
22	+	model1
-69	+	model1
-163	+	model1
-6	+	model1
0	-	model1
132	-	model1
132	-	model1
60	-	model1
-17	-	model1
10	-	model1
29	-	model1
29	-	model1
29	-	model1
86	-	model1
86	-	model1
86	-	model1
44	-	model1
-125	+	model1
0	+	model1
-164	+	model1
-51	+	model1
21	+	model1
1	+	model1
1	+	model1
2	+	model1
0	+	model1
-2	+	model1
46	+	model1
-62	+	model1
-62	+	model1
-17	+	model1
66	+	model1
-46	+	model1
-46	+	model1
-79	+	model1
-47	+	model1
-46	+	model1
-16	+	model1
-83	+	model1
70	+	model1
-64	+	model1
-68	+	model1
-19	+	model1
-12	+	model1
-50	+	model1
-106	+	model1
-179	+	model1
-189	+	model1
-189	+	model1
-1	+	model1
-1	+	model1
-247	+	model1
-12	+	model1
-14	-	model1
108	-	model1
108	-	model1
108	-	model1
108	-	model1
205	-	model1
-21	-	model1
57	-	model1
16	-	model1
16	-	model1
-28	-	model1
-70	-	model1
223	-	model1
146	-	model1
-7	-	model1
-7	-	model1
-8	-	model1
15	-	model1
182	-	model1
182	-	model1
100	-	model1
15	-	model1
40	-	model1
-6	-	model1
40	-	model1
66	-	model1
18	-	model1
28	-	model1
28	-	model1
78	-	model1
55	-	model1
-22	-	model1
26	-	model1
88	-	model1
3	-	model1
82	-	model1
-27	-	model1
-3	-	model1
100	-	model1
48	-	model1
58	-	model1
250	-	model1
-62	-	model1
32	-	model1
-64	+	model1
-191	+	model1
-15	-	model1
-292	+	model1
-186	+	model1
13	+	model1
-2	+	model1
-2	+	model1
-55	+	model1
-91	+	model1
-72	+	model1
-41	+	model1
-110	+	model1
-61	+	model1
-92	+	model1
-11	+	model1
-11	+	model1
-7	+	model1
-19	+	model1
-19	+	model1
22	+	model1
24	+	model1
-3	+	model1
15	+	model1
123	+	model1
123	+	model1
-36	+	model1
-30	+	model1
-25	+	model1
-25	+	model1
-25	+	model1
-25	+	model1
-25	+	model1
-25	+	model1
-49	+	model1
5	+	model1
2	+	model1
-3	+	model1
0	+	model1
-10	+	model1
11	+	model1
-121	+	model1
-24	-	model1
-101	-	model1
28	-	model1
62	-	model1
58	-	model1
46	-	model1
84	-	model1
-3	-	model1
-3	-	model1
-3	-	model1
9	-	model1
2	-	model1
-82	-	model1
53	-	model1
29	-	model1
146	-	model1
-8	-	model1
-123	+	model1
75	-	model1
-21	+	model1
-219	+	model1
26	-	model1
-51	+	model1
0	+	model1
-39	+	model1
-49	+	model1
2	+	model1
-34	+	model1
0	+	model1
-1	-	model1
-4	+	model1
-10	+	model1
-32	+	model1
-84	+	model1
11	+	model1
-121	+	model1
-351	-	model1
-324	-	model1
28	-	model1
23	-	model1
62	-	model1
62	-	model1
58	-	model1
46	-	model1
84	-	model1
-3	-	model1
-3	-	model1
-3	-	model1
-31	-	model1
2	-	model1
-82	-	model1
29	-	model1
-13	-	model1
146	-	model1
0	-	model1
-123	+	model1
75	-	model1
-21	+	model1
-219	+	model1
-51	+	model1
-79	+	model1
27	+	model1
106	+	model1
-229	+	model1
-17	-	model1
-17	-	model1
-63	-	model1
-86	-	model1
-86	-	model1
-22	-	model1
18	-	model1
-27	+	model1
-78	-	model1
-49	+	model1
2	+	model1
2	+	model1
0	+	model1
0	+	model1
0	+	model1
-20	+	model1
2	+	model1
154	+	model1
9	+	model1
29	+	model1
-118	+	model1
-118	+	model1
-118	+	model1
-107	+	model1
126	-	model1
126	-	model1
15	-	model1
-16	-	model1
-16	-	model1
160	-	model1
-23	-	model1
35	-	model1
228	-	model1
228	-	model1
228	-	model1
228	-	model1
-86	-	model1
88	-	model1
88	-	model1
88	-	model1
88	-	model1
48	-	model1
-19	-	model1
-19	-	model1
-19	-	model1
-19	-	model1
70	-	model1
70	-	model1
70	-	model1
70	-	model1
-62	-	model1
-62	-	model1
135	-	model1
113	-	model1
113	-	model1
113	-	model1
113	-	model1
96	-	model1
96	-	model1
96	-	model1
96	-	model1
-23	-	model1
97	-	model1
97	-	model1
97	-	model1
97	-	model1
-222	-	model1
-25	-	model1
-25	-	model1
18	-	model1
18	-	model1
-71	-	model1
94	-	model1
94	-	model1
83	-	model1
83	-	model1
83	-	model1
76	-	model1
76	-	model1
76	-	model1
-238	-	model1
-37	-	model1
-191	+	model1
-1	+	model1
-1	+	model1
-76	+	model1
-91	+	model1
-53	+	model1
-53	+	model1
-23	+	model1
-23	+	model1
-18	+	model1
-18	+	model1
-22	+	model1
-22	+	model1
0	+	model1
-205	+	model1
-6	+	model1
-44	+	model1
-84	+	model1
43	+	model1
113	+	model1
-311	+	model1
43	-	model1
29	-	model1
348	-	model1
-11	-	model1
-22	-	model1
37	-	model1
-1	-	model1
-58	+	model1
-56	+	model1
-99	+	model1
1	+	model1
-86	+	model1
-11	-	model1
-7	-	model1
-17	-	model1
-5	-	model1
-29	-	model1
-49	-	model1
-162	-	model1
-15	-	model1
-9	-	model1
32	-	model1
-99	-	model1
85	-	model1
-26	-	model1
-255	-	model1
-29	-	model1
-18	-	model1
-38	-	model1
142	-	model1
52	-	model1
-17	-	model1
-2	-	model1
30	-	model1
30	-	model1
-71	+	model1
91	-	model1
91	-	model1
1	+	model1
1	+	model1
35	+	model1
-1	+	model1
-3	+	model1
37	+	model1
-179	+	model1
-1	+	model1
195	+	model1
-17	+	model1
-17	+	model1
14	+	model1
63	+	model1
-67	+	model1
-12	+	model1
-7	+	model1
-7	+	model1
-177	+	model1
-177	+	model1
0	+	model1
-33	+	model1
-18	+	model1
-147	+	model1
-94	+	model1
-83	+	model1
5	+	model1
-131	+	model1
-20	-	model1
111	-	model1
-5	-	model1
-4	-	model1
139	-	model1
-3	-	model1
44	-	model1
55	-	model1
100	-	model1
-1	-	model1
-275	+	model1
-109	+	model1
156	+	model1
156	+	model1
17	+	model1
127	+	model1
-109	+	model1
-34	+	model1
162	+	model1
131	+	model1
19	+	model1
-22	+	model1
-54	+	model1
-18	+	model1
-1	-	model1
1	+	model1
-16	+	model1
62	+	model1
53	+	model1
-69	+	model1
-106	+	model1
-105	+	model1
88	-	model1
-15	-	model1
166	-	model1
-54	-	model1
-61	-	model1
-60	-	model1
-146	+	model1
-204	+	model1
21	+	model1
1	+	model1
0	+	model1
6	+	model1
-49	+	model1
2	+	model1
-34	+	model1
0	+	model1
-4	+	model1
-15	+	model1
27	+	model1
0	+	model1
-30	+	model1
-30	+	model1
-30	+	model1
-30	+	model1
-30	+	model1
-30	+	model1
-30	+	model1
-30	+	model1
-30	+	model1
-30	+	model1
-30	+	model1
-30	+	model1
-30	+	model1
-30	+	model1
-30	+	model1
-55	+	model1
-132	+	model1
11	+	model1
77	-	model1
-351	-	model1
-282	-	model1
-324	-	model1
-101	-	model1
-113	-	model1
47	-	model1
58	-	model1
46	-	model1
-3	-	model1
-3	-	model1
-3	-	model1
-3	-	model1
-31	-	model1
29	-	model1
-22	-	model1
-22	-	model1
144	-	model1
75	-	model1
-441	+	model1
-127	+	model1
-127	+	model1
-63	+	model1
170	+	model1
52	+	model1
52	+	model1
52	+	model1
52	+	model1
52	+	model1
52	+	model1
52	+	model1
52	+	model1
52	+	model1
52	+	model1
52	+	model1
52	+	model1
52	+	model1
52	+	model1
52	+	model1
-22	+	model1
-22	+	model1
-22	+	model1
-22	+	model1
-22	+	model1
-22	+	model1
-22	+	model1
-22	+	model1
-22	+	model1
-22	+	model1
-22	+	model1
-22	+	model1
-22	+	model1
-22	+	model1
-22	+	model1
-40	+	model1
-51	+	model1
2	+	model1
2	+	model1
-20	+	model1
2	+	model1
9	+	model1
-118	+	model1
-16	-	model1
12	-	model1
-26	-	model1
-26	-	model1
35	-	model1
228	-	model1
228	-	model1
228	-	model1
228	-	model1
-22	-	model1
-86	-	model1
88	-	model1
88	-	model1
48	-	model1
-19	-	model1
-19	-	model1
-19	-	model1
-19	-	model1
70	-	model1
70	-	model1
70	-	model1
70	-	model1
135	-	model1
70	-	model1
-16	-	model1
97	-	model1
97	-	model1
97	-	model1
97	-	model1
18	-	model1
-71	-	model1
83	-	model1
83	-	model1
83	-	model1
-85	-	model1
-85	-	model1
-140	-	model1
-37	-	model1
-74	+	model1
14	+	model1
-1	+	model1
-10	+	model1
-53	+	model1
-53	+	model1
37	+	model1
0	+	model1
-205	+	model1
-18	+	model1
7	-	model1
187	-	model1
187	-	model1
2	-	model1
-65	-	model1
-65	-	model1
209	-	model1
18	-	model1
2	-	model1
-13	+	model1
28	+	model1
3	+	model1
-25	-	model1
1	-	model1
-66	-	model1
7	-	model1
7	-	model1
32	-	model1
32	-	model1
32	-	model1
32	-	model1
63	-	model1
57	-	model1
-9	-	model1
-9	-	model1
43	-	model1
-95	-	model1
-95	-	model1
-95	-	model1
-95	-	model1
-27	-	model1
-12	-	model1
-12	-	model1
-61	+	model1
-156	+	model1
-46	+	model1
1	+	model1
0	+	model1
3	+	model1
1	+	model1
4	+	model1
4	+	model1
221	+	model1
-97	+	model1
-15	+	model1
-15	+	model1
75	+	model1
75	+	model1
17	+	model1
-29	+	model1
-93	+	model1
-117	+	model1
-88	+	model1
-163	+	model1
-6	+	model1
-240	+	model1
-12	-	model1
-12	-	model1
0	-	model1
9	-	model1
154	-	model1
-11	-	model1
191	-	model1
174	-	model1
-17	-	model1
33	-	model1
-5	-	model1
29	-	model1
29	-	model1
86	-	model1
86	-	model1
-11	-	model1
44	-	model1
44	-	model1
43	-	model1
69	-	model1
-11	-	model1
1	-	model1
86	-	model1
-125	+	model1
-1	-	model1
0	+	model1
-107	+	model1
-164	+	model1
-79	+	model1
21	+	model1
7	+	model1
4	+	model1
4	+	model1
-73	+	model1
-53	+	model1
-23	-	model1
6	-	model1
-43	-	model1
-19	-	model1
-32	+	model1
-85	+	model1
-103	+	model1
2	+	model1
1	+	model1
-63	+	model1
-15	+	model1
-30	-	model1
-30	-	model1
-4	-	model1
52	-	model1
-135	-	model1
-135	-	model1
-135	-	model1
-135	-	model1
113	-	model1
113	-	model1
55	-	model1
4	-	model1
252	+	model1
-9	-	model1
21	+	model1
-49	+	model1
1	+	model1
0	+	model1
-13	+	model1
116	+	model1
-149	+	model1
-81	+	model1
74	+	model1
74	+	model1
90	+	model1
12	+	model1
20	+	model1
3	-	model1
19	+	model1
65	-	model1
-11	-	model1
-45	-	model1
-3	-	model1
51	-	model1
20	-	model1
107	-	model1
51	-	model1
51	-	model1
44	-	model1
125	-	model1
112	-	model1
-16	-	model1
29	-	model1
55	-	model1
-38	-	model1
141	-	model1
-25	+	model1
-92	+	model1
-4	-	model1
-55	+	model1
-55	+	model1
-174	+	model1
128	+	model1
128	+	model1
-80	+	model1
-183	+	model1
-44	+	model1
-69	+	model1
0	+	model1
-39	+	model1
-49	+	model1
-49	+	model1
-45	+	model1
5	+	model1
2	+	model1
-3	+	model1
-4	+	model1
-68	+	model1
27	+	model1
-10	+	model1
-32	+	model1
-129	+	model1
-148	+	model1
-106	+	model1
-27	+	model1
-58	+	model1
-116	+	model1
-55	+	model1
-55	+	model1
-55	+	model1
-132	+	model1
11	+	model1
-151	+	model1
-121	+	model1
-48	-	model1
73	-	model1
-8	-	model1
-24	-	model1
-351	-	model1
-282	-	model1
-324	-	model1
-101	-	model1
28	-	model1
47	-	model1
62	-	model1
62	-	model1
38	-	model1
58	-	model1
46	-	model1
274	-	model1
84	-	model1
101	-	model1
45	-	model1
30	-	model1
235	-	model1
-3	-	model1
-3	-	model1
-3	-	model1
-3	-	model1
-3	-	model1
-3	-	model1
9	-	model1
65	-	model1
-31	-	model1
2	-	model1
53	-	model1
29	-	model1
-13	-	model1
-47	-	model1
47	-	model1
8	-	model1
-8	-	model1
1	-	model1
-22	-	model1
-123	+	model1
-87	+	model1
75	-	model1
-222	+	model1
-31	+	model1
-393	+	model1
-1	-	model1
-48	+	model1
14	+	model1
-66	+	model1
49	+	model1
-21	+	model1
-219	+	model1
196	+	model1
26	-	model1
-51	+	model1
1	+	model1
-69	+	model1
88	-	model1
-15	-	model1
-6	-	model1
252	+	model1
-63	+	model1
21	+	model1
-82	+	model1
-197	+	model1
25	-	model1
2	-	model1
33	-	model1
-28	-	model1
-10	-	model1
-29	-	model1
-16	-	model1
-24	-	model1
-1	-	model1
-1	-	model1
-8	-	model1
-2	+	model1
-88	-	model1
-234	+	model1
-98	+	model1
-44	+	model1
-166	+	model1
3	+	model1
72	+	model1
-6	+	model1
-89	+	model1
12	+	model1
3	+	model1
40	-	model1
239	-	model1
39	-	model1
-17	-	model1
-18	-	model1
17	-	model1
-1	-	model1
-156	+	model1
-156	+	model1
-39	+	model1
-8	+	model1
-60	+	model1
-60	+	model1
-81	+	model1
-81	+	model1
-9	-	model1
60	-	model1
107	-	model1
107	-	model1
107	-	model1
107	-	model1
107	-	model1
107	-	model1
-16	-	model1
72	-	model1
-22	-	model1
-22	-	model1
-22	-	model1
-1	-	model1
-1	-	model1
-1	-	model1
-1	-	model1
-1	-	model1
176	+	model1
-167	+	model1
-144	+	model1
5	+	model1
-6	+	model1
3	+	model1
-93	+	model1
-25	-	model1
1	-	model1
39	-	model1
63	-	model1
161	-	model1
-18	-	model1
-5	-	model1
-156	+	model1
-112	+	model1
-170	+	model1
-1	+	model1
0	+	model1
37	+	model1
37	+	model1
1	+	model1
-21	+	model1
-34	+	model1
90	+	model1
-42	+	model1
-42	+	model1
-42	+	model1
-42	+	model1
-4	+	model1
-3	+	model1
-33	+	model1
-33	+	model1
-33	+	model1
-33	+	model1
-22	+	model1
-26	+	model1
-115	+	model1
-176	+	model1
1	-	model1
7	-	model1
233	-	model1
-27	-	model1
32	-	model1
58	-	model1
-23	-	model1
151	-	model1
151	-	model1
151	-	model1
91	-	model1
-2	-	model1
-1	+	model1
-56	+	model1
-35	+	model1
-119	+	model1
-280	+	model1
-280	+	model1
-2	-	model1
-27	+	model1
-27	+	model1
-7	+	model1
-27	+	model1
-1	+	model1
4	+	model1
0	+	model1
15	+	model1
-9	+	model1
-30	+	model1
-192	+	model1
7	-	model1
167	-	model1
-36	-	model1
-36	-	model1
-5	-	model1
58	-	model1
32	-	model1
4	-	model1
50	-	model1
0	-	model1
20	-	model1
-123	+	model1
-85	+	model1
2	+	model1
-27	+	model1
-3	+	model1
-3	+	model1
3	+	model1
2	+	model1
-1	+	model1
0	+	model1
37	+	model1
37	+	model1
1	+	model1
-21	+	model1
-34	+	model1
-16	+	model1
-42	+	model1
-42	+	model1
-42	+	model1
-42	+	model1
-3	+	model1
-3	+	model1
-3	+	model1
-33	+	model1
-33	+	model1
-33	+	model1
-33	+	model1
-22	+	model1
-115	+	model1
1	-	model1
-27	-	model1
32	-	model1
-23	-	model1
77	-	model1
151	-	model1
-6	-	model1
-216	+	model1
-17	+	model1
-128	+	model1
-35	+	model1
-119	+	model1
-280	+	model1
-280	+	model1
-72	+	model1
-7	+	model1
6	+	model1
6	+	model1
-1	+	model1
4	+	model1
2	+	model1
2	+	model1
0	+	model1
0	+	model1
-20	+	model1
2	+	model1
5	+	model1
5	+	model1
5	+	model1
37	+	model1
-3	+	model1
-118	+	model1
-118	+	model1
-118	+	model1
-137	+	model1
-145	+	model1
-39	+	model1
199	-	model1
-17	-	model1
-17	-	model1
118	-	model1
118	-	model1
126	-	model1
126	-	model1
10	-	model1
-16	-	model1
84	-	model1
84	-	model1
-13	-	model1
12	-	model1
157	-	model1
157	-	model1
-24	-	model1
-24	-	model1
35	-	model1
228	-	model1
228	-	model1
-22	-	model1
2	-	model1
-71	-	model1
-71	-	model1
-13	-	model1
1	-	model1
-86	-	model1
-10	-	model1
-10	-	model1
88	-	model1
88	-	model1
88	-	model1
88	-	model1
48	-	model1
-19	-	model1
-19	-	model1
-19	-	model1
-19	-	model1
70	-	model1
70	-	model1
70	-	model1
70	-	model1
4	-	model1
-21	-	model1
-131	-	model1
135	-	model1
55	-	model1
96	-	model1
96	-	model1
-30	-	model1
-23	-	model1
-23	-	model1
-16	-	model1
97	-	model1
97	-	model1
5	-	model1
-25	-	model1
18	-	model1
18	-	model1
-71	-	model1
94	-	model1
94	-	model1
83	-	model1
83	-	model1
83	-	model1
-21	-	model1
-140	-	model1
1	-	model1
-7	-	model1
21	-	model1
-37	-	model1
-66	+	model1
-73	+	model1
-191	+	model1
-21	+	model1
14	+	model1
-1	+	model1
-192	+	model1
-10	+	model1
-115	+	model1
-91	+	model1
-53	+	model1
-53	+	model1
16	+	model1
5	+	model1
-2	+	model1
-46	+	model1
0	+	model1
-205	+	model1
-205	+	model1
-1	+	model1
-21	+	model1
-82	+	model1
-26	+	model1
-53	+	model1
-27	+	model1
-25	+	model1
25	-	model1
41	-	model1
2	-	model1
33	-	model1
65	-	model1
144	-	model1
-29	-	model1
-24	-	model1
-1	-	model1
-1	-	model1
-8	-	model1
-2	+	model1
-88	-	model1
30	+	model1
-98	+	model1
-166	+	model1
1	+	model1
5	+	model1
32	+	model1
30	+	model1
-16	+	model1
-29	+	model1
8	+	model1
-1	-	model1
42	-	model1
41	-	model1
-18	-	model1
-336	-	model1
-380	-	model1
133	-	model1
133	-	model1
-39	-	model1
98	-	model1
98	-	model1
-4	-	model1
109	-	model1
109	-	model1
-342	-	model1
-342	-	model1
99	-	model1
14	-	model1
-7	-	model1
-2	-	model1
-3	-	model1
-1	-	model1
-100	+	model1
-100	+	model1
-1	-	model1
38	+	model1
-38	+	model1
-39	+	model1
-1	+	model1
-65	+	model1
12	+	model1
-1	+	model1
-9	-	model1
2	+	model1
-84	+	model1
171	-	model1
127	-	model1
1	+	model1
-63	+	model1
-16	+	model1
-47	+	model1
-41	+	model1
-106	+	model1
-76	+	model1
-76	+	model1
-92	+	model1
-105	+	model1
88	-	model1
-15	-	model1
-4	-	model1
-144	-	model1
-54	-	model1
-61	-	model1
-60	-	model1
-3	-	model1
-3	-	model1
-158	-	model1
-26	-	model1
40	-	model1
40	-	model1
-56	-	model1
252	+	model1
-46	-	model1
-46	-	model1
-73	+	model1
21	+	model1
25	-	model1
-108	+	model1
-73	+	model1
2	+	model1
69	+	model1
-1	+	model1
6	+	model1
-2	+	model1
0	+	model1
0	+	model1
0	+	model1
0	+	model1
7	+	model1
10	+	model1
-7	+	model1
132	+	model1
112	+	model1
-16	+	model1
-16	+	model1
-170	+	model1
-12	+	model1
-112	+	model1
3	+	model1
-72	+	model1
254	+	model1
-62	+	model1
-62	+	model1
-4	+	model1
-34	+	model1
-156	+	model1
-69	+	model1
-20	-	model1
-20	-	model1
-56	-	model1
41	-	model1
42	-	model1
3	-	model1
98	-	model1
140	-	model1
-27	-	model1
-27	-	model1
32	-	model1
-10	-	model1
108	-	model1
99	-	model1
26	-	model1
47	-	model1
-55	-	model1
110	-	model1
-29	-	model1
-2	-	model1
170	-	model1
-8	-	model1
-30	+	model1
57	+	model1
3	+	model1
3	+	model1
-47	+	model1
-45	+	model1
74	-	model1
71	+	model1
-14	+	model1
3	+	model1
-3	+	model1
6	+	model1
69	+	model1
5	+	model1
-89	+	model1
-125	+	model1
-56	+	model1
-56	+	model1
-42	+	model1
-42	+	model1
-19	-	model1
-12	-	model1
0	-	model1
6	-	model1
89	-	model1
-19	-	model1
-155	-	model1
53	-	model1
69	-	model1
158	-	model1
158	-	model1
83	-	model1
71	-	model1
-69	+	model1
-101	+	model1
-28	+	model1
-72	+	model1
3	+	model1
15	+	model1
-9	+	model1
12	+	model1
-12	+	model1
-30	+	model1
-192	+	model1
54	-	model1
167	-	model1
-36	-	model1
-36	-	model1
-11	-	model1
8	-	model1
32	-	model1
72	-	model1
0	-	model1
20	-	model1
-123	+	model1
-85	+	model1
-39	+	model1
-3	+	model1
3	+	model1
2	+	model1
72	+	model1
-73	+	model1
-6	+	model1
3	+	model1
-93	+	model1
-105	+	model1
-18	-	model1
-13	-	model1
-25	-	model1
1	-	model1
28	-	model1
-66	-	model1
5	-	model1
32	-	model1
56	-	model1
0	-	model1
0	-	model1
63	-	model1
161	-	model1
19	-	model1
96	-	model1
-9	-	model1
-121	-	model1
-17	-	model1
-103	-	model1
44	-	model1
44	-	model1
54	-	model1
-78	-	model1
-95	-	model1
17	-	model1
17	-	model1
59	-	model1
-5	-	model1
57	-	model1
-10	-	model1
-105	+	model1
-156	+	model1
-71	+	model1
-39	+	model1
-27	+	model1
-170	+	model1
-170	+	model1
-62	+	model1
6	+	model1
2	+	model1
4	+	model1
3	+	model1
-1	+	model1
69	+	model1
-1	+	model1
-2	+	model1
0	+	model1
0	+	model1
0	+	model1
0	+	model1
31	+	model1
7	+	model1
7	+	model1
10	+	model1
-7	+	model1
132	+	model1
112	+	model1
-16	+	model1
-16	+	model1
-170	+	model1
-9	+	model1
53	+	model1
20	+	model1
-190	+	model1
-190	+	model1
-190	+	model1
-190	+	model1
3	+	model1
-111	+	model1
-62	+	model1
-4	+	model1
-68	+	model1
-68	+	model1
-197	+	model1
-56	-	model1
42	-	model1
-15	-	model1
-13	-	model1
47	-	model1
24	-	model1
110	-	model1
-8	-	model1
140	-	model1
-10	-	model1
108	-	model1
99	-	model1
47	-	model1
44	-	model1
-27	-	model1
-55	-	model1
110	-	model1
-29	-	model1
-2	-	model1
-19	-	model1
170	-	model1
-155	+	model1
-161	+	model1
-62	+	model1
-40	+	model1
-92	+	model1
246	+	model1
-1	-	model1
-35	+	model1
-8	+	model1
57	+	model1
170	+	model1
3	+	model1
-47	+	model1
-47	+	model1
-45	+	model1
74	-	model1
-14	+	model1
-14	+	model1
6	+	model1
47	+	model1
-56	+	model1
-33	+	model1
-19	+	model1
-82	+	model1
200	+	model1
200	+	model1
-197	+	model1
-53	+	model1
-140	+	model1
-31	+	model1
-76	-	model1
-81	-	model1
-28	-	model1
-29	-	model1
98	-	model1
66	-	model1
2	-	model1
-14	-	model1
33	-	model1
9	-	model1
65	-	model1
144	-	model1
35	-	model1
-29	-	model1
-38	-	model1
-19	-	model1
80	-	model1
116	-	model1
-16	-	model1
-24	-	model1
-1	-	model1
1	-	model1
-1	-	model1
-2	+	model1
-1	-	model1
-88	-	model1
-116	+	model1
61	-	model1
-42	-	model1
-152	+	model1
-233	+	model1
30	+	model1
-98	+	model1
44	+	model1
-80	+	model1
-166	+	model1
27	+	model1
3	+	model1
-2	+	model1
-229	+	model1
6	-	model1
52	-	model1
-17	-	model1
148	-	model1
82	-	model1
6	-	model1
206	-	model1
-22	-	model1
-4	-	model1
-1	-	model1
-27	+	model1
-78	-	model1
83	+	model1
-5	+	model1
1	+	model1
69	+	model1
-6	+	model1
-125	+	model1
-56	+	model1
-56	+	model1
-42	+	model1
-42	+	model1
-189	+	model1
-19	-	model1
-12	-	model1
6	-	model1
38	-	model1
89	-	model1
-5	-	model1
-16	-	model1
69	-	model1
158	-	model1
158	-	model1
158	-	model1
-49	-	model1
-49	-	model1
-41	+	model1
-28	+	model1
35	+	model1
1	+	model1
37	+	model1
-179	+	model1
-1	+	model1
195	+	model1
-46	+	model1
-17	+	model1
-16	+	model1
-12	+	model1
-177	+	model1
-177	+	model1
62	+	model1
-147	+	model1
12	-	model1
12	-	model1
-20	-	model1
111	-	model1
-5	-	model1
-4	-	model1
139	-	model1
-23	-	model1
-20	-	model1
-20	-	model1
-20	-	model1
-20	-	model1
39	-	model1
84	-	model1
17	-	model1
96	-	model1
-15	-	model1
92	-	model1
78	-	model1
55	-	model1
121	-	model1
100	-	model1
-36	-	model1
-1	-	model1
-109	+	model1
162	+	model1
131	+	model1
-22	+	model1
-18	+	model1
-1	-	model1
-13	+	model1
-185	+	model1
43	+	model1
-37	+	model1
-36	+	model1
-19	+	model1
-62	+	model1
195	-	model1
11	-	model1
2	-	model1
81	-	model1
51	-	model1
99	-	model1
99	-	model1
247	-	model1
5	-	model1
67	-	model1
-15	-	model1
-57	+	model1
-1	+	model1
4	+	model1
-33	+	model1
2	+	model1
1	+	model1
-24	-	model1
-72	+	model1
15	+	model1
-32	+	model1
-84	+	model1
-84	+	model1
12	+	model1
12	+	model1
-108	+	model1
4	+	model1
-48	+	model1
-136	+	model1
-192	+	model1
-192	+	model1
-136	+	model1
54	-	model1
-195	+	model1
-3	+	model1
167	-	model1
32	-	model1
-36	-	model1
-36	-	model1
-36	-	model1
1	-	model1
10	-	model1
6	-	model1
14	-	model1
-5	-	model1
58	-	model1
32	-	model1
32	-	model1
4	-	model1
72	-	model1
55	-	model1
-52	-	model1
50	-	model1
0	-	model1
0	-	model1
4	-	model1
96	-	model1
20	-	model1
52	-	model1
5	-	model1
-20	+	model1
-123	+	model1
-27	+	model1
-85	+	model1
-13	+	model1
-184	+	model1
-184	+	model1
-5	+	model1
-39	+	model1
-3	+	model1
-26	-	model1
3	+	model1
3	+	model1
2	+	model1
1	+	model1
0	+	model1
93	+	model1
37	+	model1
37	+	model1
1	+	model1
-90	+	model1
-14	+	model1
-21	+	model1
-34	+	model1
5	+	model1
5	+	model1
-16	+	model1
-42	+	model1
-42	+	model1
57	+	model1
57	+	model1
-4	+	model1
-3	+	model1
-33	+	model1
-33	+	model1
-33	+	model1
-33	+	model1
-49	+	model1
-112	+	model1
-13	+	model1
-115	+	model1
107	+	model1
188	+	model1
1	-	model1
185	-	model1
-12	-	model1
3	-	model1
36	-	model1
-27	-	model1
32	-	model1
-125	-	model1
-23	-	model1
77	-	model1
151	-	model1
151	-	model1
151	-	model1
72	-	model1
53	-	model1
53	-	model1
182	-	model1
32	-	model1
-17	+	model1
-128	+	model1
-130	+	model1
-2	-	model1
-56	+	model1
-12	+	model1
-12	+	model1
-35	+	model1
-119	+	model1
-280	+	model1
-280	+	model1
-19	+	model1
-7	+	model1
-10	+	model1
-10	+	model1
0	+	model1
-1	+	model1
4	+	model1
2	+	model1
54	+	model1
54	+	model1
15	-	model1
88	-	model1
87	-	model1
1	+	model1
1	+	model1
0	+	model1
-62	+	model1
-62	+	model1
-17	+	model1
66	+	model1
-46	+	model1
-83	+	model1
70	+	model1
-31	-	model1
-68	+	model1
75	+	model1
-121	+	model1
-12	+	model1
-50	+	model1
-75	+	model1
-189	+	model1
-189	+	model1
-1	+	model1
-12	+	model1
-14	-	model1
108	-	model1
108	-	model1
205	-	model1
16	-	model1
146	-	model1
-7	-	model1
-8	-	model1
182	-	model1
182	-	model1
40	-	model1
28	-	model1
28	-	model1
78	-	model1
55	-	model1
26	-	model1
88	-	model1
-4	-	model1
82	-	model1
-27	-	model1
-3	-	model1
48	-	model1
58	-	model1
250	-	model1
-64	+	model1
-15	-	model1
-292	+	model1
-186	+	model1
13	+	model1
-2	+	model1
-91	+	model1
-110	+	model1
-145	+	model1
-145	+	model1
-11	+	model1
-11	+	model1
-19	+	model1
-19	+	model1
123	+	model1
-36	+	model1
-30	+	model1
-86	+	model1
-11	-	model1
-7	-	model1
-29	-	model1
-49	-	model1
-162	-	model1
-15	-	model1
-9	-	model1
-99	-	model1
-255	-	model1
-6	-	model1
52	-	model1
7	+	model1
-52	+	model1
91	-	model1
91	-	model1
-87	+	model1
32	+	model1
27	+	model1
64	+	model1
-229	+	model1
52	-	model1
-17	-	model1
148	-	model1
-63	-	model1
-86	-	model1
-86	-	model1
300	-	model1
-27	+	model1
-78	-	model1
0	+	model1
-49	+	model1
1	+	model1
4	+	model1
-53	+	model1
-6	+	model1
5	+	model1
-89	+	model1
-125	+	model1
-56	+	model1
-56	+	model1
-40	+	model1
-42	+	model1
-42	+	model1
-189	+	model1
98	+	model1
-19	-	model1
-12	-	model1
-7	-	model1
-8	-	model1
6	-	model1
42	-	model1
42	-	model1
89	-	model1
-19	-	model1
-80	-	model1
-80	-	model1
-155	-	model1
-17	-	model1
53	-	model1
53	-	model1
53	-	model1
53	-	model1
53	-	model1
53	-	model1
88	-	model1
102	-	model1
69	-	model1
69	-	model1
70	-	model1
158	-	model1
158	-	model1
86	-	model1
83	-	model1
-49	-	model1
-49	-	model1
-69	+	model1
-162	+	model1
-162	+	model1
-146	+	model1
-101	+	model1
-68	+	model1
-151	+	model1
-28	+	model1
-71	+	model1
-71	+	model1
-5	-	model1
-35	+	model1
-5	+	model1
1	+	model1
1	+	model1
35	+	model1
84	+	model1
84	+	model1
3	+	model1
-167	+	model1
-167	+	model1
37	+	model1
-1	+	model1
195	+	model1
14	+	model1
-48	+	model1
-48	+	model1
-96	+	model1
-12	+	model1
-177	+	model1
-18	+	model1
-94	+	model1
-83	+	model1
5	+	model1
-131	+	model1
-20	-	model1
111	-	model1
-4	-	model1
-56	-	model1
139	-	model1
104	-	model1
24	-	model1
-8	-	model1
-11	-	model1
129	-	model1
121	-	model1
100	-	model1
-36	-	model1
-1	-	model1
-264	+	model1
-179	+	model1
-109	+	model1
-39	+	model1
127	+	model1
5	+	model1
5	+	model1
162	+	model1
-73	+	model1
-73	+	model1
131	+	model1
-96	+	model1
-96	+	model1
-58	+	model1
-58	+	model1
-54	+	model1
59	+	model1
59	+	model1
15	+	model1
6	+	model1
6	+	model1
-44	+	model1
-84	+	model1
-311	+	model1
123	-	model1
43	-	model1
-11	-	model1
-1	-	model1
-104	+	model1
-58	+	model1
-56	+	model1
-92	+	model1
-92	+	model1
3	+	model1
1	+	model1
4	+	model1
-15	+	model1
-15	+	model1
75	+	model1
75	+	model1
-29	+	model1
-117	+	model1
-88	+	model1
-163	+	model1
-12	-	model1
-12	-	model1
0	-	model1
-11	-	model1
-17	-	model1
-5	-	model1
29	-	model1
86	-	model1
-11	-	model1
44	-	model1
44	-	model1
-125	+	model1
-1	-	model1
0	+	model1
-164	+	model1
21	+	model1
-1	+	model1
4	+	model1
-13	+	model1
43	+	model1
-36	+	model1
-46	+	model1
-196	+	model1
8	+	model1
-62	+	model1
195	-	model1
-6	-	model1
46	-	model1
11	-	model1
2	-	model1
27	-	model1
28	-	model1
51	-	model1
125	-	model1
99	-	model1
99	-	model1
43	-	model1
247	-	model1
-87	-	model1
5	-	model1
67	-	model1
-15	-	model1
-197	+	model1
-36	+	model1
-1	+	model1
4	+	model1
-33	+	model1
2	+	model1
-13	+	model1
43	+	model1
0	+	model1
-36	+	model1
-4	+	model1
-43	+	model1
-46	+	model1
8	+	model1
-62	+	model1
195	-	model1
159	-	model1
46	-	model1
14	-	model1
11	-	model1
-15	-	model1
-29	-	model1
2	-	model1
113	-	model1
27	-	model1
28	-	model1
81	-	model1
51	-	model1
125	-	model1
99	-	model1
99	-	model1
247	-	model1
-87	-	model1
4	-	model1
4	-	model1
5	-	model1
-341	-	model1
67	-	model1
4	-	model1
60	-	model1
-15	-	model1
47	-	model1
72	-	model1
-42	+	model1
-6	+	model1
-20	+	model1
-145	+	model1
-36	+	model1
-70	+	model1
-57	+	model1
-1	+	model1
19	+	model1
4	+	model1
-33	+	model1
2	+	model1
1	+	model1
1	+	model1
2	+	model1
2	+	model1
0	+	model1
-62	+	model1
-62	+	model1
-17	+	model1
66	+	model1
-46	+	model1
-46	+	model1
-16	+	model1
-83	+	model1
70	+	model1
-64	+	model1
-68	+	model1
-121	+	model1
-12	+	model1
-84	+	model1
-189	+	model1
-189	+	model1
-1	+	model1
-247	+	model1
-12	+	model1
11	+	model1
108	-	model1
108	-	model1
122	-	model1
205	-	model1
-21	-	model1
16	-	model1
168	-	model1
-70	-	model1
146	-	model1
-7	-	model1
182	-	model1
182	-	model1
140	-	model1
40	-	model1
18	-	model1
28	-	model1
55	-	model1
62	-	model1
26	-	model1
88	-	model1
82	-	model1
169	-	model1
-27	-	model1
37	-	model1
-3	-	model1
100	-	model1
59	-	model1
48	-	model1
58	-	model1
250	-	model1
32	-	model1
-64	+	model1
-191	+	model1
-292	+	model1
13	+	model1
-61	+	model1
-11	+	model1
-11	+	model1
61	+	model1
15	+	model1
123	+	model1
-30	+	model1
-74	+	model1
1	+	model1
32	+	model1
-41	+	model1
164	+	model1
30	+	model1
-29	+	model1
8	+	model1
20	+	model1
-59	+	model1
-74	+	model1
-6	+	model1
-1	-	model1
26	-	model1
26	-	model1
-12	-	model1
-4	-	model1
-336	-	model1
-380	-	model1
133	-	model1
133	-	model1
133	-	model1
-39	-	model1
98	-	model1
98	-	model1
98	-	model1
98	-	model1
7	-	model1
1	-	model1
63	-	model1
23	-	model1
150	-	model1
167	-	model1
107	-	model1
107	-	model1
54	-	model1
146	-	model1
99	-	model1
99	-	model1
70	-	model1
-64	-	model1
96	-	model1
-2	-	model1
-3	-	model1
-8	+	model1
210	+	model1
-100	+	model1
-100	+	model1
82	-	model1
-1	-	model1
38	+	model1
-38	+	model1
28	+	model1
-2	+	model1
-1	+	model1
-65	+	model1
12	+	model1
-50	-	model1
-1	+	model1
-9	-	model1
0	+	model1
-39	+	model1
-49	+	model1
5	+	model1
2	+	model1
-3	+	model1
0	+	model1
0	+	model1
-10	+	model1
-106	+	model1
-132	+	model1
11	+	model1
-151	+	model1
-121	+	model1
91	-	model1
-351	-	model1
-61	-	model1
-282	-	model1
-324	-	model1
-101	-	model1
28	-	model1
47	-	model1
62	-	model1
62	-	model1
58	-	model1
46	-	model1
84	-	model1
-3	-	model1
-3	-	model1
-3	-	model1
-3	-	model1
-3	-	model1
-3	-	model1
-31	-	model1
2	-	model1
29	-	model1
-13	-	model1
47	-	model1
-22	-	model1
-108	-	model1
0	-	model1
-8	-	model1
144	-	model1
-123	+	model1
75	-	model1
-393	+	model1
-121	+	model1
49	+	model1
-21	+	model1
-219	+	model1
26	-	model1
-51	+	model1
2	+	model1
-27	+	model1
-112	+	model1
5	+	model1
-87	+	model1
-9	+	model1
-9	+	model1
-2	+	model1
4	+	model1
27	+	model1
-9	+	model1
-17	+	model1
-229	+	model1
52	-	model1
52	-	model1
-17	-	model1
-17	-	model1
148	-	model1
148	-	model1
82	-	model1
123	-	model1
-95	-	model1
-95	-	model1
-95	-	model1
-95	-	model1
6	-	model1
-86	-	model1
-86	-	model1
-86	-	model1
-86	-	model1
-86	-	model1
-86	-	model1
206	-	model1
32	-	model1
-22	-	model1
-4	-	model1
-15	-	model1
126	-	model1
-116	-	model1
-116	-	model1
-21	-	model1
-104	+	model1
-1	-	model1
-148	+	model1
-27	+	model1
-139	+	model1
-78	-	model1
46	-	model1
-72	+	model1
83	+	model1
83	+	model1
-49	+	model1
1	+	model1
0	+	model1
3	+	model1
1	+	model1
5	+	model1
4	+	model1
-49	+	model1
-15	+	model1
-2	+	model1
-15	+	model1
-15	+	model1
-55	+	model1
75	+	model1
-100	+	model1
-29	+	model1
-88	+	model1
39	+	model1
-35	+	model1
-35	+	model1
-35	+	model1
-35	+	model1
-33	+	model1
18	-	model1
-12	-	model1
-12	-	model1
0	-	model1
154	-	model1
42	-	model1
-11	-	model1
-17	-	model1
-5	-	model1
29	-	model1
86	-	model1
-18	-	model1
-36	-	model1
-32	-	model1
44	-	model1
44	-	model1
-11	-	model1
-44	-	model1
86	-	model1
-125	+	model1
-1	-	model1
-50	+	model1
0	+	model1
-164	+	model1
-22	+	model1
-51	+	model1
-158	+	model1
21	+	model1
-26	+	model1
-26	+	model1
4	+	model1
4	+	model1
0	+	model1
0	+	model1
19	+	model1
34	+	model1
-27	+	model1
-86	+	model1
-11	-	model1
-7	-	model1
-5	-	model1
-29	-	model1
-49	-	model1
-19	-	model1
-162	-	model1
-15	-	model1
-27	-	model1
-27	-	model1
-9	-	model1
-32	-	model1
5	-	model1
32	-	model1
72	-	model1
-18	-	model1
9	-	model1
-99	-	model1
9	-	model1
85	-	model1
-26	-	model1
-255	-	model1
-29	-	model1
2	-	model1
-38	-	model1
142	-	model1
-6	-	model1
111	-	model1
52	-	model1
-17	-	model1
-2	-	model1
-1	-	model1
124	+	model1
30	+	model1
205	+	model1
7	+	model1
-28	+	model1
-7	+	model1
-52	+	model1
91	-	model1
91	-	model1
-2	+	model1
-2	+	model1
-86	+	model1
-11	-	model1
-7	-	model1
-5	-	model1
-29	-	model1
-49	-	model1
-19	-	model1
-162	-	model1
-15	-	model1
-9	-	model1
32	-	model1
0	-	model1
21	-	model1
-99	-	model1
-26	-	model1
-255	-	model1
-29	-	model1
-18	-	model1
52	-	model1
-2	-	model1
-57	+	model1
205	+	model1
205	+	model1
91	-	model1
91	-	model1
0	+	model1
36	+	model1
-180	+	model1
-180	+	model1
-18	+	model1
-2	-	model1
7	-	model1
187	-	model1
187	-	model1
2	-	model1
81	-	model1
-51	+	model1
0	+	model1
-8	+	model1
-4	+	model1
1	+	model1
-16	+	model1
-41	+	model1
53	+	model1
-15	-	model1
5	-	model1
-4	-	model1
-158	-	model1
-158	-	model1
-26	-	model1
-35	-	model1
-35	-	model1
40	-	model1
62	-	model1
252	+	model1
-46	-	model1
-46	-	model1
21	+	model1
2	+	model1
0	+	model1
-39	+	model1
-49	+	model1
5	+	model1
2	+	model1
-34	+	model1
-3	+	model1
0	+	model1
-1	-	model1
-4	+	model1
-15	+	model1
27	+	model1
-10	+	model1
-47	+	model1
-129	+	model1
-106	+	model1
-173	+	model1
-202	+	model1
-202	+	model1
-202	+	model1
-202	+	model1
-116	+	model1
-55	+	model1
-132	+	model1
-180	+	model1
11	+	model1
-151	+	model1
-48	-	model1
-8	-	model1
-24	-	model1
18	-	model1
77	-	model1
-351	-	model1
-61	-	model1
-61	-	model1
-282	-	model1
-324	-	model1
-101	-	model1
28	-	model1
47	-	model1
62	-	model1
62	-	model1
38	-	model1
38	-	model1
173	-	model1
58	-	model1
46	-	model1
84	-	model1
30	-	model1
235	-	model1
-3	-	model1
-3	-	model1
-3	-	model1
9	-	model1
-31	-	model1
2	-	model1
-82	-	model1
-149	-	model1
29	-	model1
-13	-	model1
-47	-	model1
146	-	model1
-22	-	model1
0	-	model1
23	-	model1
-8	-	model1
1	-	model1
-123	+	model1
-87	+	model1
-254	+	model1
75	-	model1
-31	+	model1
-1	-	model1
-48	+	model1
-48	+	model1
-121	+	model1
-21	+	model1
-21	+	model1
196	+	model1
26	-	model1
-51	+	model1
-23	-	model1
6	-	model1
-43	-	model1
-22	+	model1
6	+	model1
6	+	model1
-44	+	model1
58	+	model1
5	+	model1
-93	+	model1
-93	+	model1
142	+	model1
-84	+	model1
-256	+	model1
-256	+	model1
-69	+	model1
-311	+	model1
127	-	model1
43	-	model1
3	-	model1
42	-	model1
348	-	model1
95	-	model1
26	-	model1
65	-	model1
-1	-	model1
-1	-	model1
-104	+	model1
-104	+	model1
-104	+	model1
-104	+	model1
-6	+	model1
-58	+	model1
-56	+	model1
-92	+	model1
-92	+	model1
-108	+	model1
-12	-	model1
-12	-	model1
3	-	model1
3	-	model1
107	-	model1
107	-	model1
107	-	model1
107	-	model1
107	-	model1
107	-	model1
-16	-	model1
-6	-	model1
31	-	model1
31	-	model1
8	-	model1
-77	-	model1
-77	-	model1
-22	-	model1
-22	-	model1
-22	-	model1
-1	-	model1
-1	-	model1
-1	-	model1
-1	-	model1
-1	-	model1
-1	-	model1
-1	-	model1
176	+	model1
-144	+	model1
117	+	model1
-98	+	model1
5	+	model1
1	+	model1
22	+	model1
22	+	model1
-6	+	model1
3	+	model1
-25	-	model1
1	-	model1
63	-	model1
161	-	model1
-34	-	model1
-5	-	model1
57	-	model1
-10	-	model1
-15	-	model1
-156	+	model1
-170	+	model1
-44	+	model1
-84	+	model1
-311	+	model1
43	-	model1
-1	-	model1
-58	+	model1
-56	+	model1
2	+	model1
1	+	model1
-15	+	model1
-50	+	model1
-69	+	model1
88	-	model1
-15	-	model1
130	-	model1
130	-	model1
-42	-	model1
129	-	model1
-4	-	model1
104	-	model1
166	-	model1
-54	-	model1
-61	-	model1
-60	-	model1
-14	-	model1
-158	-	model1
-35	-	model1
-48	-	model1
-6	-	model1
4	-	model1
-11	-	model1
-21	-	model1
31	-	model1
252	+	model1
20	-	model1
-46	-	model1
21	+	model1
3	+	model1
-1	+	model1
32	-	model1
1	+	model1
1	+	model1
1	+	model1
1	+	model1
5	+	model1
32	+	model1
0	+	model1
164	+	model1
164	+	model1
164	+	model1
-1	+	model1
-16	+	model1
-16	+	model1
59	+	model1
-29	+	model1
-26	+	model1
-26	+	model1
-13	+	model1
8	+	model1
40	+	model1
-279	+	model1
-59	+	model1
-59	+	model1
159	+	model1
107	+	model1
27	+	model1
-74	+	model1
-74	+	model1
-7	+	model1
-16	-	model1
-160	+	model1
-57	+	model1
-6	+	model1
42	-	model1
42	-	model1
26	-	model1
26	-	model1
26	-	model1
26	-	model1
-12	-	model1
76	-	model1
76	-	model1
42	-	model1
-4	-	model1
41	-	model1
-206	-	model1
-336	-	model1
-380	-	model1
148	-	model1
133	-	model1
133	-	model1
-39	-	model1
98	-	model1
98	-	model1
7	-	model1
0	-	model1
63	-	model1
23	-	model1
150	-	model1
167	-	model1
8	-	model1
109	-	model1
109	-	model1
107	-	model1
107	-	model1
23	-	model1
11	-	model1
-342	-	model1
-342	-	model1
-10	-	model1
54	-	model1
146	-	model1
99	-	model1
41	-	model1
-64	-	model1
-7	-	model1
-3	-	model1
7	-	model1
-2	-	model1
-3	-	model1
-3	-	model1
-3	-	model1
-327	+	model1
51	-	model1
-8	+	model1
-8	+	model1
-8	+	model1
30	-	model1
-253	+	model1
-1	-	model1
132	+	model1
-100	+	model1
-100	+	model1
-1	-	model1
35	+	model1
38	+	model1
-108	+	model1
-112	+	model1
-17	+	model1
-38	+	model1
28	+	model1
-39	+	model1
-26	+	model1
-26	+	model1
13	+	model1
-1	+	model1
3	+	model1
4	+	model1
4	+	model1
-65	+	model1
12	+	model1
-1	+	model1
-9	-	model1
1	+	model1
5	+	model1
32	+	model1
164	+	model1
30	+	model1
-13	+	model1
-13	+	model1
8	+	model1
-15	-	model1
67	-	model1
-6	+	model1
-1	-	model1
26	-	model1
26	-	model1
137	-	model1
42	-	model1
41	-	model1
-336	-	model1
-380	-	model1
148	-	model1
-23	-	model1
133	-	model1
133	-	model1
63	-	model1
-39	-	model1
98	-	model1
98	-	model1
-4	-	model1
-24	-	model1
63	-	model1
109	-	model1
109	-	model1
-342	-	model1
-342	-	model1
54	-	model1
0	-	model1
99	-	model1
-7	-	model1
-2	-	model1
51	-	model1
-8	+	model1
30	-	model1
-59	+	model1
-1	-	model1
-100	+	model1
-1	-	model1
38	+	model1
-38	+	model1
-1	+	model1
-65	+	model1
12	+	model1
-32	-	model1
-32	-	model1
-1	+	model1
-9	-	model1
5	+	model1
54	+	model1
54	+	model1
171	-	model1
127	-	model1
88	-	model1
87	-	model1
-82	+	model1
1	+	model1
-3	+	model1
61	+	model1
-134	+	model1
84	+	model1
-50	+	model1
-149	+	model1
-81	+	model1
12	+	model1
20	+	model1
-139	+	model1
3	-	model1
19	+	model1
-71	-	model1
-11	-	model1
-24	-	model1
-72	-	model1
-3	-	model1
26	-	model1
159	-	model1
142	-	model1
154	-	model1
51	-	model1
20	-	model1
107	-	model1
17	-	model1
249	-	model1
51	-	model1
44	-	model1
125	-	model1
112	-	model1
-16	-	model1
29	-	model1
55	-	model1
41	-	model1
41	-	model1
-38	-	model1
141	-	model1
-92	+	model1
-75	+	model1
-55	+	model1
-55	+	model1
-134	+	model1
-33	-	model1
128	+	model1
128	+	model1
4	+	model1
-132	+	model1
-80	+	model1
35	+	model1
-25	-	model1
5	+	model1
-75	+	model1
-69	+	model1
-72	+	model1
15	+	model1
-32	+	model1
-84	+	model1
-30	+	model1
-13	+	model1
-192	+	model1
54	-	model1
-195	+	model1
23	-	model1
-3	+	model1
10	-	model1
167	-	model1
95	-	model1
-36	-	model1
-36	-	model1
-36	-	model1
-36	-	model1
1	-	model1
10	-	model1
0	-	model1
25	-	model1
14	-	model1
58	-	model1
32	-	model1
32	-	model1
120	-	model1
4	-	model1
4	-	model1
70	-	model1
70	-	model1
50	-	model1
108	-	model1
53	-	model1
0	-	model1
-24	-	model1
4	-	model1
8	-	model1
20	-	model1
52	-	model1
11	+	model1
-123	+	model1
-85	+	model1
58	+	model1
-39	+	model1
-39	+	model1
-3	+	model1
3	+	model1
3	+	model1
-72	+	model1
-72	+	model1
15	+	model1
-84	+	model1
12	+	model1
-30	+	model1
-48	+	model1
-192	+	model1
167	-	model1
32	-	model1
-36	-	model1
-36	-	model1
-36	-	model1
-91	-	model1
156	-	model1
-5	-	model1
-5	-	model1
-5	-	model1
-5	-	model1
32	-	model1
4	-	model1
81	-	model1
72	-	model1
55	-	model1
50	-	model1
0	-	model1
0	-	model1
-11	-	model1
96	-	model1
20	-	model1
-123	+	model1
-39	+	model1
14	+	model1
-85	+	model1
-13	+	model1
-39	+	model1
-3	+	model1
-3	+	model1
3	+	model1
3	+	model1
2	+	model1
0	+	model1
36	+	model1
-180	+	model1
-180	+	model1
-18	+	model1
-62	+	model1
-2	-	model1
7	-	model1
187	-	model1
187	-	model1
2	-	model1
18	-	model1
-65	-	model1
-65	-	model1
9	-	model1
209	-	model1
-84	-	model1
18	-	model1
-51	+	model1
-175	+	model1
0	+	model1
-8	+	model1
-165	+	model1
-13	+	model1
-4	+	model1
9	+	model1
5	+	model1
5	+	model1
5	+	model1
5	+	model1
-34	+	model1
-34	+	model1
-46	-	model1
-23	-	model1
6	-	model1
55	-	model1
212	-	model1
-43	-	model1
-19	-	model1
-32	+	model1
-37	+	model1
-1	-	model1
-103	+	model1
1	+	model1
4	+	model1
27	-	model1
-6	+	model1
-125	+	model1
-67	+	model1
-56	+	model1
-56	+	model1
-42	+	model1
-42	+	model1
-17	+	model1
-24	+	model1
-132	+	model1
23	-	model1
-189	+	model1
20	-	model1
-19	-	model1
-12	-	model1
-18	-	model1
-8	-	model1
6	-	model1
42	-	model1
89	-	model1
-32	-	model1
-155	-	model1
-5	-	model1
53	-	model1
69	-	model1
56	-	model1
70	-	model1
158	-	model1
158	-	model1
158	-	model1
25	-	model1
86	-	model1
83	-	model1
-4	-	model1
-3	-	model1
-69	+	model1
26	+	model1
26	+	model1
-67	+	model1
-41	+	model1
-3	+	model1
84	+	model1
-28	+	model1
-18	+	model1
21	-	model1
72	-	model1
-2	-	model1
7	-	model1
2	-	model1
-65	-	model1
-65	-	model1
-64	-	model1
152	-	model1
209	-	model1
68	-	model1
18	-	model1
-51	+	model1
0	+	model1
-13	+	model1
-4	+	model1
1	+	model1
1	+	model1
1	+	model1
1	+	model1
5	+	model1
8	+	model1
2	+	model1
0	+	model1
-77	+	model1
-2	+	model1
-12	+	model1
-18	+	model1
-13	+	model1
-104	+	model1
61	+	model1
-41	+	model1
52	+	model1
-9	+	model1
0	+	model1
84	+	model1
84	+	model1
-50	+	model1
161	+	model1
116	+	model1
-149	+	model1
-81	+	model1
74	+	model1
12	+	model1
-111	+	model1
-111	+	model1
-111	+	model1
-111	+	model1
-111	+	model1
-111	+	model1
20	+	model1
79	+	model1
79	+	model1
157	-	model1
65	-	model1
-11	-	model1
-24	-	model1
-112	-	model1
-3	-	model1
-18	-	model1
-15	-	model1
3	-	model1
29	-	model1
26	-	model1
-22	-	model1
142	-	model1
-38	-	model1
154	-	model1
51	-	model1
184	-	model1
20	-	model1
107	-	model1
107	-	model1
17	-	model1
249	-	model1
-13	-	model1
83	-	model1
15	-	model1
51	-	model1
-75	-	model1
44	-	model1
56	-	model1
125	-	model1
112	-	model1
47	-	model1
-16	-	model1
29	-	model1
55	-	model1
41	-	model1
41	-	model1
-64	-	model1
-64	-	model1
-12	-	model1
-12	-	model1
284	-	model1
284	-	model1
-107	+	model1
-107	+	model1
-9	-	model1
141	-	model1
-25	+	model1
-25	+	model1
-92	+	model1
-105	+	model1
-105	+	model1
-105	+	model1
-105	+	model1
-105	+	model1
-105	+	model1
-109	+	model1
-109	+	model1
-75	+	model1
-55	+	model1
-55	+	model1
-11	+	model1
-11	+	model1
-65	+	model1
-134	+	model1
-33	-	model1
-57	+	model1
-36	+	model1
60	+	model1
128	+	model1
128	+	model1
-132	+	model1
-80	+	model1
-10	+	model1
-33	+	model1
-33	+	model1
35	+	model1
35	+	model1
-25	-	model1
18	+	model1
5	+	model1
5	+	model1
-75	+	model1
-75	+	model1
-44	+	model1
-75	+	model1
-69	+	model1
-13	+	model1
62	+	model1
43	+	model1
-26	+	model1
-26	+	model1
-36	+	model1
-4	+	model1
8	+	model1
-62	+	model1
195	-	model1
46	-	model1
11	-	model1
2	-	model1
27	-	model1
28	-	model1
51	-	model1
125	-	model1
99	-	model1
99	-	model1
5	-	model1
67	-	model1
-15	-	model1
47	-	model1
-6	+	model1
-94	+	model1
-36	+	model1
-1	+	model1
-1	+	model1
19	+	model1
4	+	model1
-33	+	model1
2	+	model1
0	+	model1
-17	+	model1
66	+	model1
70	+	model1
-68	+	model1
-121	+	model1
-50	+	model1
-106	+	model1
-75	+	model1
-246	+	model1
-189	+	model1
-189	+	model1
-1	+	model1
-1	+	model1
-12	+	model1
108	-	model1
108	-	model1
205	-	model1
3	-	model1
3	-	model1
168	-	model1
146	-	model1
146	-	model1
-7	-	model1
182	-	model1
182	-	model1
100	-	model1
140	-	model1
96	-	model1
96	-	model1
81	-	model1
26	-	model1
88	-	model1
82	-	model1
82	-	model1
-27	-	model1
100	-	model1
48	-	model1
278	-	model1
278	-	model1
250	-	model1
250	-	model1
-64	+	model1
-292	+	model1
13	+	model1
-2	+	model1
-19	+	model1
-19	+	model1
24	+	model1
15	+	model1
-30	+	model1
11	+	model1
-23	-	model1
6	-	model1
-43	-	model1
-32	+	model1
-85	+	model1
2	+	model1
2	+	model1
43	+	model1
33	+	model1
-84	+	model1
0	+	model1
54	+	model1
54	+	model1
-24	-	model1
171	-	model1
127	-	model1
88	-	model1
87	-	model1
-6	-	model1
-82	+	model1
-20	+	model1
-59	+	model1
37	+	model1
93	+	model1
93	+	model1
2	+	model1
-81	+	model1
41	-	model1
60	-	model1
107	-	model1
107	-	model1
107	-	model1
107	-	model1
107	-	model1
107	-	model1
45	-	model1
-16	-	model1
8	-	model1
-55	-	model1
63	-	model1
72	-	model1
-22	-	model1
-22	-	model1
-22	-	model1
-1	-	model1
-1	-	model1
-1	-	model1
-1	-	model1
-1	-	model1
-1	-	model1
-1	-	model1
-1	-	model1
-1	-	model1
-167	+	model1
-144	+	model1
-82	+	model1
4	+	model1
117	+	model1
36	+	model1
5	+	model1
5	+	model1
-79	+	model1
-87	+	model1
-2	+	model1
106	+	model1
-229	+	model1
52	-	model1
52	-	model1
-17	-	model1
148	-	model1
148	-	model1
-63	-	model1
123	-	model1
231	-	model1
231	-	model1
-86	-	model1
-86	-	model1
-86	-	model1
-86	-	model1
-86	-	model1
-86	-	model1
206	-	model1
-22	-	model1
126	-	model1
-27	+	model1
-78	-	model1
83	+	model1
-13	+	model1
-185	+	model1
43	+	model1
0	+	model1
-36	+	model1
-4	+	model1
89	+	model1
-46	+	model1
-46	+	model1
-76	+	model1
-3	+	model1
-62	+	model1
3	-	model1
195	-	model1
46	-	model1
11	-	model1
27	-	model1
28	-	model1
81	-	model1
81	-	model1
51	-	model1
125	-	model1
99	-	model1
247	-	model1
-87	-	model1
4	-	model1
4	-	model1
18	-	model1
28	-	model1
5	-	model1
23	-	model1
67	-	model1
-15	-	model1
-4	-	model1
72	-	model1
-42	+	model1
-41	+	model1
-6	+	model1
-20	+	model1
-36	+	model1
-1	+	model1
-70	+	model1
-110	+	model1
-43	+	model1
-1	+	model1
19	+	model1
4	+	model1
-33	+	model1
2	+	model1
-187	+	model1
-58	+	model1
-26	+	model1
-21	+	model1
-81	+	model1
-81	+	model1
-83	-	model1
41	-	model1
107	-	model1
107	-	model1
107	-	model1
107	-	model1
107	-	model1
107	-	model1
45	-	model1
4	-	model1
18	-	model1
-16	-	model1
8	-	model1
-55	-	model1
2	-	model1
63	-	model1
63	-	model1
72	-	model1
-22	-	model1
-22	-	model1
-22	-	model1
-1	-	model1
-1	-	model1
-1	-	model1
-1	-	model1
-1	-	model1
-1	-	model1
-1	-	model1
-229	+	model1
176	+	model1
-167	+	model1
-133	+	model1
-144	+	model1
-82	+	model1
4	+	model1
117	+	model1
117	+	model1
78	+	model1
6	+	model1
32	+	model1
-98	+	model1
5	+	model1
-8	+	model1
6	+	model1
6	+	model1
-44	+	model1
-93	+	model1
-93	+	model1
-311	+	model1
43	-	model1
348	-	model1
-1	-	model1
-104	+	model1
-56	+	model1
-92	+	model1
-92	+	model1
5	+	model1
-79	+	model1
-87	+	model1
-9	+	model1
-51	+	model1
-48	+	model1
106	+	model1
-229	+	model1
52	-	model1
52	-	model1
-17	-	model1
-17	-	model1
-248	-	model1
148	-	model1
148	-	model1
-22	-	model1
-194	-	model1
-95	-	model1
-95	-	model1
6	-	model1
-86	-	model1
-86	-	model1
-86	-	model1
-86	-	model1
-86	-	model1
-86	-	model1
-22	-	model1
99	-	model1
48	-	model1
126	-	model1
-25	-	model1
-25	-	model1
-27	+	model1
-78	-	model1
-126	+	model1
-76	+	model1
0	+	model1
0	+	model1
0	+	model1
-20	+	model1
2	+	model1
0	+	model1
9	+	model1
1	-	model1
1	-	model1
54	-	model1
12	-	model1
19	-	model1
35	-	model1
-22	-	model1
2	-	model1
-86	-	model1
48	-	model1
-19	-	model1
-19	-	model1
-19	-	model1
-19	-	model1
70	-	model1
70	-	model1
70	-	model1
70	-	model1
135	-	model1
255	-	model1
83	-	model1
83	-	model1
83	-	model1
-85	-	model1
-85	-	model1
-140	-	model1
-37	-	model1
-191	+	model1
14	+	model1
-1	+	model1
-91	+	model1
-53	+	model1
-53	+	model1
16	+	model1
5	+	model1
-2	+	model1
0	+	model1
-205	+	model1
-205	+	model1
1	+	model1
2	+	model1
5	+	model1
0	+	model1
-4	+	model1
-109	+	model1
-3	+	model1
-50	+	model1
116	+	model1
-36	+	model1
-149	+	model1
-81	+	model1
74	+	model1
90	+	model1
12	+	model1
-111	+	model1
-111	+	model1
-111	+	model1
20	+	model1
3	-	model1
19	+	model1
-11	-	model1
-24	-	model1
-3	-	model1
-30	-	model1
106	-	model1
3	-	model1
51	-	model1
20	-	model1
107	-	model1
34	-	model1
120	-	model1
51	-	model1
44	-	model1
-21	-	model1
125	-	model1
112	-	model1
-16	-	model1
29	-	model1
55	-	model1
-92	+	model1
-105	+	model1
-105	+	model1
-105	+	model1
-105	+	model1
-105	+	model1
-105	+	model1
-75	+	model1
-55	+	model1
-55	+	model1
-134	+	model1
-33	-	model1
128	+	model1
128	+	model1
-132	+	model1
-25	+	model1
-80	+	model1
-33	+	model1
-33	+	model1
35	+	model1
-1	+	model1
-75	+	model1
-44	+	model1
-69	+	model1
2	+	model1
103	+	model1
103	+	model1
-84	+	model1
67	+	model1
-126	+	model1
-63	+	model1
54	+	model1
54	+	model1
171	-	model1
127	-	model1
88	-	model1
87	-	model1
70	-	model1
-208	+	model1
-208	+	model1
-98	+	model1
-98	+	model1
-99	+	model1
-99	+	model1
-190	+	model1
37	+	model1
93	+	model1
-105	+	model1
-105	+	model1
1	+	model1
1	+	model1
5	+	model1
32	+	model1
-39	+	model1
164	+	model1
59	+	model1
-29	+	model1
-26	+	model1
8	+	model1
159	+	model1
-168	+	model1
-74	+	model1
-74	+	model1
-15	-	model1
-57	+	model1
-6	+	model1
-1	-	model1
137	-	model1
-12	-	model1
42	-	model1
-4	-	model1
41	-	model1
-5	-	model1
-336	-	model1
-380	-	model1
133	-	model1
133	-	model1
-39	-	model1
98	-	model1
98	-	model1
7	-	model1
0	-	model1
-4	-	model1
63	-	model1
23	-	model1
150	-	model1
167	-	model1
107	-	model1
107	-	model1
11	-	model1
54	-	model1
146	-	model1
99	-	model1
-64	-	model1
-7	-	model1
-2	-	model1
-3	-	model1
85	-	model1
-327	+	model1
-8	+	model1
-8	+	model1
-2	-	model1
-253	+	model1
-100	+	model1
-100	+	model1
-1	-	model1
35	+	model1
38	+	model1
-112	+	model1
-38	+	model1
28	+	model1
13	+	model1
-1	+	model1
-65	+	model1
12	+	model1
-1	+	model1
-9	-	model1
1	+	model1
142	+	model1
-84	+	model1
-311	+	model1
43	-	model1
-69	-	model1
42	-	model1
348	-	model1
38	-	model1
26	-	model1
-1	-	model1
-1	-	model1
-222	+	model1
-58	+	model1
-56	+	model1
1	+	model1
2	+	model1
4	+	model1
69	+	model1
-1	+	model1
-13	+	model1
-32	+	model1
6	+	model1
6	+	model1
-26	+	model1
-47	+	model1
-47	+	model1
-2	+	model1
0	+	model1
0	+	model1
0	+	model1
0	+	model1
7	+	model1
7	+	model1
10	+	model1
-7	+	model1
132	+	model1
112	+	model1
-16	+	model1
58	+	model1
58	+	model1
-170	+	model1
-148	+	model1
-9	+	model1
-12	+	model1
20	+	model1
-190	+	model1
-190	+	model1
-190	+	model1
-190	+	model1
-41	+	model1
-54	+	model1
-25	+	model1
-112	+	model1
-82	+	model1
3	+	model1
-38	+	model1
-72	+	model1
254	+	model1
254	+	model1
-62	+	model1
-62	+	model1
-4	+	model1
-34	+	model1
-16	-	model1
-156	+	model1
-69	+	model1
-109	+	model1
-56	-	model1
-28	-	model1
42	-	model1
-15	-	model1
100	-	model1
12	-	model1
63	-	model1
-13	-	model1
47	-	model1
24	-	model1
-22	-	model1
3	-	model1
110	-	model1
98	-	model1
140	-	model1
-10	-	model1
108	-	model1
68	-	model1
26	-	model1
47	-	model1
203	-	model1
44	-	model1
115	-	model1
147	-	model1
-55	-	model1
110	-	model1
-29	-	model1
-2	-	model1
170	-	model1
-8	-	model1
-25	-	model1
-153	+	model1
-31	-	model1
53	-	model1
-79	+	model1
-30	+	model1
-43	+	model1
-155	+	model1
-161	+	model1
-62	+	model1
-62	+	model1
-52	+	model1
-40	+	model1
-74	+	model1
-74	+	model1
-74	+	model1
18	+	model1
246	+	model1
14	-	model1
-107	+	model1
-35	+	model1
-8	+	model1
57	+	model1
34	+	model1
170	+	model1
-25	+	model1
3	+	model1
3	+	model1
-47	+	model1
-47	+	model1
-45	+	model1
74	-	model1
71	+	model1
-14	+	model1
-14	+	model1
-16	+	model1
0	+	model1
6	+	model1
0	+	model1
-25	+	model1
34	+	model1
30	+	model1
-27	+	model1
-193	+	model1
-193	+	model1
-224	+	model1
-86	+	model1
-11	-	model1
-7	-	model1
32	-	model1
-5	-	model1
-49	-	model1
-19	-	model1
-162	-	model1
-15	-	model1
-27	-	model1
-9	-	model1
32	-	model1
120	-	model1
-99	-	model1
85	-	model1
-26	-	model1
-255	-	model1
-29	-	model1
2	-	model1
-18	-	model1
142	-	model1
52	-	model1
-2	-	model1
35	+	model1
124	+	model1
30	+	model1
-57	+	model1
7	+	model1
-52	+	model1
91	-	model1
91	-	model1
-3	-	model1
-44	+	model1
58	+	model1
-1	+	model1
-21	+	model1
-311	+	model1
123	-	model1
43	-	model1
3	-	model1
42	-	model1
348	-	model1
-1	-	model1
-104	+	model1
-58	+	model1
-56	+	model1
0	+	model1
-18	+	model1
-3	-	model1
7	-	model1
116	-	model1
187	-	model1
2	-	model1
18	-	model1
17	-	model1
15	-	model1
-65	-	model1
-65	-	model1
53	-	model1
114	-	model1
209	-	model1
18	-	model1
18	-	model1
-51	+	model1
-147	+	model1
0	+	model1
-8	+	model1
-292	+	model1
-292	+	model1
-13	+	model1
-13	+	model1
-4	+	model1
9	+	model1
-159	+	model1
1	+	model1
5	+	model1
32	+	model1
-39	+	model1
164	+	model1
164	+	model1
68	+	model1
59	+	model1
-26	+	model1
-26	+	model1
8	+	model1
107	+	model1
-74	+	model1
-160	+	model1
-1	-	model1
42	-	model1
42	-	model1
26	-	model1
26	-	model1
26	-	model1
26	-	model1
-12	-	model1
42	-	model1
-4	-	model1
41	-	model1
-206	-	model1
-336	-	model1
-380	-	model1
148	-	model1
133	-	model1
133	-	model1
-39	-	model1
98	-	model1
98	-	model1
0	-	model1
63	-	model1
23	-	model1
150	-	model1
167	-	model1
107	-	model1
107	-	model1
11	-	model1
54	-	model1
146	-	model1
99	-	model1
-64	-	model1
-7	-	model1
-2	-	model1
-3	-	model1
-3	-	model1
85	-	model1
-327	+	model1
-2	-	model1
-253	+	model1
-100	+	model1
-1	-	model1
38	+	model1
-6	+	model1
-38	+	model1
13	+	model1
-1	+	model1
-65	+	model1
12	+	model1
-1	+	model1
-9	-	model1
6	+	model1
-24	+	model1
-55	+	model1
-55	+	model1
-18	+	model1
7	-	model1
187	-	model1
187	-	model1
13	-	model1
2	-	model1
18	-	model1
17	-	model1
-65	-	model1
-65	-	model1
-148	-	model1
209	-	model1
-67	-	model1
2	-	model1
-51	+	model1
-175	+	model1
-175	+	model1
-8	+	model1
-13	+	model1
2	+	model1
-1	+	model1
-72	+	model1
-2	+	model1
0	+	model1
0	+	model1
0	+	model1
7	+	model1
10	+	model1
-7	+	model1
132	+	model1
112	+	model1
-16	+	model1
3	+	model1
-72	+	model1
-62	+	model1
-20	-	model1
-20	-	model1
42	-	model1
36	-	model1
110	-	model1
140	-	model1
-10	-	model1
47	-	model1
-274	-	model1
-274	-	model1
-29	-	model1
-2	-	model1
170	-	model1
-78	-	model1
-62	+	model1
-249	+	model1
-52	+	model1
-40	+	model1
57	+	model1
3	+	model1
3	+	model1
-45	+	model1
74	-	model1
71	+	model1
-14	+	model1
6	+	model1
-83	+	model1
-33	+	model1
-23	-	model1
6	-	model1
55	-	model1
-43	-	model1
-19	-	model1
-32	+	model1
-261	+	model1
-103	+	model1
1	+	model1
1	+	model1
1	+	model1
1	+	model1
5	+	model1
8	+	model1
0	+	model1
-4	+	model1
-1	+	model1
-13	+	model1
-41	+	model1
-41	+	model1
-134	+	model1
-50	+	model1
116	+	model1
-36	+	model1
-149	+	model1
-81	+	model1
74	+	model1
12	+	model1
-111	+	model1
-111	+	model1
-111	+	model1
20	+	model1
3	-	model1
19	+	model1
-11	-	model1
-24	-	model1
-3	-	model1
138	-	model1
154	-	model1
51	-	model1
20	-	model1
107	-	model1
249	-	model1
-8	-	model1
51	-	model1
44	-	model1
44	-	model1
-21	-	model1
125	-	model1
112	-	model1
-88	-	model1
-16	-	model1
29	-	model1
55	-	model1
55	-	model1
288	-	model1
41	-	model1
41	-	model1
-64	-	model1
284	-	model1
284	-	model1
141	-	model1
-25	+	model1
-92	+	model1
-105	+	model1
-105	+	model1
-105	+	model1
-75	+	model1
-55	+	model1
-55	+	model1
-55	+	model1
-55	+	model1
-11	+	model1
-65	+	model1
-134	+	model1
-33	-	model1
-57	+	model1
-36	+	model1
128	+	model1
4	+	model1
-132	+	model1
-25	+	model1
-80	+	model1
-80	+	model1
-33	+	model1
-33	+	model1
35	+	model1
-75	+	model1
-44	+	model1
-69	+	model1
0	+	model1
0	+	model1
72	+	model1
-62	+	model1
-62	+	model1
-17	+	model1
66	+	model1
-46	+	model1
-68	+	model1
-50	+	model1
-75	+	model1
-189	+	model1
-189	+	model1
-1	+	model1
-12	+	model1
-14	-	model1
108	-	model1
108	-	model1
168	-	model1
-70	-	model1
146	-	model1
-7	-	model1
182	-	model1
182	-	model1
96	-	model1
96	-	model1
26	-	model1
88	-	model1
82	-	model1
-27	-	model1
73	-	model1
-3	-	model1
-3	-	model1
58	-	model1
250	-	model1
-64	+	model1
-2	+	model1
-19	+	model1
-19	+	model1
24	+	model1
-100	+	model1
123	+	model1
-36	+	model1
6	+	model1
-30	+	model1
1	+	model1
1	+	model1
1	+	model1
1	+	model1
5	+	model1
-4	+	model1
-77	+	model1
-12	+	model1
-34	+	model1
-18	+	model1
-13	+	model1
-104	+	model1
-41	+	model1
-111	+	model1
17	+	model1
17	+	model1
-129	+	model1
161	+	model1
116	+	model1
-36	+	model1
-149	+	model1
-81	+	model1
74	+	model1
90	+	model1
12	+	model1
-111	+	model1
-111	+	model1
-111	+	model1
20	+	model1
-35	-	model1
19	+	model1
157	-	model1
-57	+	model1
-13	-	model1
-13	-	model1
-13	-	model1
-13	-	model1
15	-	model1
15	-	model1
15	-	model1
15	-	model1
-71	-	model1
-11	-	model1
186	-	model1
-24	-	model1
-112	-	model1
-3	-	model1
-30	-	model1
-5	-	model1
-5	-	model1
-71	-	model1
-33	-	model1
-33	-	model1
85	-	model1
-18	-	model1
-15	-	model1
3	-	model1
29	-	model1
42	-	model1
142	-	model1
154	-	model1
51	-	model1
184	-	model1
20	-	model1
107	-	model1
249	-	model1
34	-	model1
-53	-	model1
15	-	model1
51	-	model1
-59	-	model1
-75	-	model1
44	-	model1
59	-	model1
125	-	model1
112	-	model1
-16	-	model1
29	-	model1
55	-	model1
41	-	model1
41	-	model1
150	-	model1
150	-	model1
110	-	model1
-9	-	model1
-64	-	model1
-64	-	model1
10	-	model1
-9	-	model1
33	+	model1
141	-	model1
-25	+	model1
-25	+	model1
-92	+	model1
-105	+	model1
-105	+	model1
-105	+	model1
-211	+	model1
-55	+	model1
-55	+	model1
-55	+	model1
-55	+	model1
-11	+	model1
-11	+	model1
-11	+	model1
-33	-	model1
-57	+	model1
33	+	model1
65	+	model1
-174	+	model1
128	+	model1
128	+	model1
4	+	model1
-25	+	model1
-80	+	model1
-183	+	model1
21	+	model1
-33	+	model1
-33	+	model1
35	+	model1
56	+	model1
-45	+	model1
-45	+	model1
0	+	model1
23	+	model1
77	+	model1
77	+	model1
2	+	model1
5	+	model1
-75	+	model1
-44	+	model1
-69	+	model1
-1	+	model1
209	+	model1
0	+	model1
1	+	model1
-21	+	model1
-34	+	model1
90	+	model1
-16	+	model1
-42	+	model1
-42	+	model1
-42	+	model1
-42	+	model1
-4	+	model1
-33	+	model1
-33	+	model1
-33	+	model1
-33	+	model1
-22	+	model1
-112	+	model1
-176	+	model1
188	+	model1
1	-	model1
54	-	model1
7	-	model1
233	-	model1
-27	-	model1
32	-	model1
58	-	model1
77	-	model1
151	-	model1
151	-	model1
-1	+	model1
-56	+	model1
-35	+	model1
-119	+	model1
-280	+	model1
-280	+	model1
-7	+	model1
-27	+	model1
13	+	model1
-1	+	model1
4	+	model1
-41	+	model1
-33	+	model1
-23	-	model1
6	-	model1
-43	-	model1
-19	-	model1
-32	+	model1
-103	+	model1
-6	+	model1
16	+	model1
-70	+	model1
-40	+	model1
-21	+	model1
-81	+	model1
-81	+	model1
60	-	model1
107	-	model1
107	-	model1
107	-	model1
107	-	model1
107	-	model1
107	-	model1
4	-	model1
-16	-	model1
29	-	model1
-55	-	model1
-55	-	model1
2	-	model1
63	-	model1
72	-	model1
-22	-	model1
-22	-	model1
-22	-	model1
-1	-	model1
-1	-	model1
-1	-	model1
-1	-	model1
-1	-	model1
-1	-	model1
-1	-	model1
-229	+	model1
176	+	model1
-167	+	model1
-144	+	model1
-82	+	model1
4	+	model1
117	+	model1
117	+	model1
-98	+	model1
5	+	model1
2	+	model1
-1	+	model1
6	+	model1
6	+	model1
-2	+	model1
0	+	model1
0	+	model1
0	+	model1
7	+	model1
10	+	model1
-7	+	model1
132	+	model1
112	+	model1
-16	+	model1
-170	+	model1
-203	+	model1
-41	+	model1
3	+	model1
-38	+	model1
-62	+	model1
-156	+	model1
-68	+	model1
-69	+	model1
-20	-	model1
-20	-	model1
-56	-	model1
42	-	model1
140	-	model1
-55	-	model1
-10	-	model1
108	-	model1
47	-	model1
-55	-	model1
-29	-	model1
-2	-	model1
170	-	model1
-25	-	model1
-153	+	model1
-30	+	model1
-62	+	model1
-40	+	model1
-74	+	model1
18	+	model1
57	+	model1
-47	+	model1
-45	+	model1
74	-	model1
3	+	model1
-3	+	model1
-14	+	model1
6	+	model1
1	+	model1
1	+	model1
2	+	model1
0	+	model1
-17	+	model1
-53	+	model1
66	+	model1
-46	+	model1
-16	+	model1
-83	+	model1
70	+	model1
-64	+	model1
-68	+	model1
-19	+	model1
-121	+	model1
-50	+	model1
-10	+	model1
-179	+	model1
-189	+	model1
-189	+	model1
-1	+	model1
-247	+	model1
-12	+	model1
-14	-	model1
108	-	model1
108	-	model1
-21	-	model1
168	-	model1
-70	-	model1
146	-	model1
-7	-	model1
-8	-	model1
182	-	model1
182	-	model1
100	-	model1
-6	-	model1
40	-	model1
4	-	model1
66	-	model1
28	-	model1
28	-	model1
78	-	model1
55	-	model1
-22	-	model1
26	-	model1
88	-	model1
82	-	model1
169	-	model1
-27	-	model1
-3	-	model1
100	-	model1
45	-	model1
48	-	model1
58	-	model1
250	-	model1
-62	-	model1
-64	+	model1
-191	+	model1
-292	+	model1
-186	+	model1
-150	+	model1
-91	+	model1
-72	+	model1
-110	+	model1
-61	+	model1
-11	+	model1
-11	+	model1
-19	+	model1
-19	+	model1
-19	+	model1
-19	+	model1
61	+	model1
-3	+	model1
15	+	model1
123	+	model1
-30	+	model1
-74	+	model1
-81	+	model1
-81	+	model1
-9	-	model1
41	-	model1
60	-	model1
107	-	model1
107	-	model1
107	-	model1
107	-	model1
107	-	model1
107	-	model1
-25	-	model1
45	-	model1
4	-	model1
-16	-	model1
8	-	model1
-55	-	model1
2	-	model1
63	-	model1
63	-	model1
72	-	model1
-22	-	model1
-22	-	model1
-22	-	model1
-1	-	model1
-1	-	model1
-1	-	model1
-1	-	model1
-1	-	model1
-229	+	model1
176	+	model1
-167	+	model1
-144	+	model1
-82	+	model1
117	+	model1
5	+	model1
-62	+	model1
-50	+	model1
-197	+	model1
-226	+	model1
-53	+	model1
-40	+	model1
-140	+	model1
-30	-	model1
-28	-	model1
41	-	model1
-29	-	model1
98	-	model1
66	-	model1
2	-	model1
-14	-	model1
33	-	model1
57	-	model1
9	-	model1
65	-	model1
144	-	model1
-10	-	model1
-29	-	model1
-38	-	model1
-30	-	model1
108	-	model1
-16	-	model1
-24	-	model1
-86	-	model1
-86	-	model1
-1	-	model1
1	-	model1
-1	-	model1
-8	-	model1
-88	-	model1
-234	+	model1
30	+	model1
-83	+	model1
-103	+	model1
-44	+	model1
-44	+	model1
44	+	model1
27	+	model1
1	+	model1
2	+	model1
69	+	model1
-1	+	model1
6	+	model1
6	+	model1
-26	+	model1
-2	+	model1
0	+	model1
0	+	model1
0	+	model1
7	+	model1
7	+	model1
10	+	model1
-7	+	model1
132	+	model1
112	+	model1
-2	+	model1
-16	+	model1
-16	+	model1
-114	+	model1
-170	+	model1
-148	+	model1
-148	+	model1
-9	+	model1
-12	+	model1
-12	+	model1
-25	+	model1
-112	+	model1
3	+	model1
-72	+	model1
254	+	model1
254	+	model1
-62	+	model1
-62	+	model1
-34	+	model1
-109	+	model1
-20	-	model1
-20	-	model1
42	-	model1
-13	-	model1
24	-	model1
3	-	model1
110	-	model1
-18	-	model1
-11	-	model1
142	-	model1
-40	-	model1
-40	-	model1
140	-	model1
-27	-	model1
-27	-	model1
-13	-	model1
106	-	model1
32	-	model1
-10	-	model1
108	-	model1
-10	-	model1
-14	-	model1
-10	-	model1
-10	-	model1
39	-	model1
39	-	model1
-55	-	model1
110	-	model1
-29	-	model1
-2	-	model1
170	-	model1
-8	-	model1
-31	-	model1
-79	+	model1
-43	+	model1
-161	+	model1
32	+	model1
-62	+	model1
-249	+	model1
-52	+	model1
-146	+	model1
-40	+	model1
17	+	model1
-24	+	model1
57	+	model1
170	+	model1
-25	+	model1
3	+	model1
3	+	model1
-47	+	model1
-45	+	model1
74	-	model1
-14	+	model1
-14	+	model1
6	+	model1
-56	+	model1
-33	+	model1
-82	+	model1
200	+	model1
200	+	model1
-197	+	model1
-53	+	model1
-31	+	model1
75	-	model1
12	-	model1
25	-	model1
64	-	model1
41	-	model1
66	-	model1
2	-	model1
-14	-	model1
33	-	model1
9	-	model1
65	-	model1
-28	-	model1
144	-	model1
-29	-	model1
-38	-	model1
52	-	model1
-16	-	model1
-24	-	model1
-1	-	model1
1	-	model1
-1	-	model1
-8	-	model1
-2	+	model1
-88	-	model1
-116	+	model1
-152	+	model1
-234	+	model1
-169	+	model1
-233	+	model1
30	+	model1
-98	+	model1
-80	+	model1
-25	+	model1
3	+	model1
1	+	model1
35	+	model1
3	+	model1
1	+	model1
-179	+	model1
-1	+	model1
195	+	model1
14	+	model1
-12	+	model1
-177	+	model1
-177	+	model1
-18	+	model1
-147	+	model1
-20	-	model1
111	-	model1
-5	-	model1
-4	-	model1
139	-	model1
27	-	model1
-1	-	model1
-109	+	model1
131	+	model1
-22	+	model1
-1	-	model1
2	+	model1
1	+	model1
5	+	model1
32	+	model1
0	+	model1
164	+	model1
3	+	model1
-1	+	model1
-16	+	model1
-16	+	model1
-29	+	model1
-26	+	model1
8	+	model1
40	+	model1
-303	+	model1
107	+	model1
27	+	model1
-380	+	model1
-74	+	model1
-74	+	model1
-15	-	model1
-1	-	model1
79	-	model1
-12	-	model1
42	-	model1
41	-	model1
-206	-	model1
-336	-	model1
-380	-	model1
72	-	model1
133	-	model1
133	-	model1
-39	-	model1
98	-	model1
98	-	model1
7	-	model1
117	-	model1
96	-	model1
23	-	model1
150	-	model1
167	-	model1
107	-	model1
107	-	model1
23	-	model1
23	-	model1
-10	-	model1
146	-	model1
0	-	model1
99	-	model1
70	-	model1
99	-	model1
-41	-	model1
14	-	model1
14	-	model1
-64	-	model1
-7	-	model1
57	-	model1
-2	-	model1
-7	-	model1
-3	-	model1
-3	-	model1
-3	-	model1
51	-	model1
-8	+	model1
-8	+	model1
30	-	model1
-1	-	model1
82	-	model1
-1	-	model1
38	+	model1
-30	+	model1
-4	+	model1
-17	+	model1
-38	+	model1
287	+	model1
28	+	model1
-39	+	model1
-1	+	model1
-65	+	model1
12	+	model1
-1	+	model1
-9	-	model1
1	+	model1
1	+	model1
2	+	model1
-1	+	model1
69	+	model1
-1	+	model1
-13	+	model1
-32	+	model1
6	+	model1
6	+	model1
-26	+	model1
-2	+	model1
0	+	model1
0	+	model1
0	+	model1
0	+	model1
7	+	model1
7	+	model1
10	+	model1
-7	+	model1
132	+	model1
112	+	model1
-16	+	model1
-16	+	model1
-114	+	model1
-170	+	model1
-148	+	model1
-148	+	model1
-9	+	model1
-12	+	model1
-12	+	model1
-190	+	model1
-190	+	model1
-108	+	model1
-41	+	model1
-25	+	model1
3	+	model1
-38	+	model1
-72	+	model1
254	+	model1
254	+	model1
-62	+	model1
-4	+	model1
-34	+	model1
-56	-	model1
42	-	model1
36	-	model1
12	-	model1
63	-	model1
-13	-	model1
24	-	model1
3	-	model1
110	-	model1
98	-	model1
140	-	model1
-27	-	model1
-27	-	model1
-10	-	model1
108	-	model1
99	-	model1
11	-	model1
-10	-	model1
-10	-	model1
26	-	model1
47	-	model1
203	-	model1
4	-	model1
115	-	model1
147	-	model1
-55	-	model1
110	-	model1
-29	-	model1
-2	-	model1
170	-	model1
-25	-	model1
-78	-	model1
-31	-	model1
-79	+	model1
-79	+	model1
-43	+	model1
-62	+	model1
-249	+	model1
-40	+	model1
-74	+	model1
-74	+	model1
18	+	model1
-24	+	model1
-8	+	model1
57	+	model1
170	+	model1
-25	+	model1
3	+	model1
3	+	model1
-47	+	model1
-47	+	model1
-45	+	model1
0	+	model1
6	+	model1
1	+	model1
-6	+	model1
5	+	model1
5	+	model1
5	+	model1
-125	+	model1
-56	+	model1
-56	+	model1
-42	+	model1
-42	+	model1
-19	-	model1
-12	-	model1
112	-	model1
-138	-	model1
6	-	model1
89	-	model1
-155	-	model1
38	-	model1
-5	-	model1
53	-	model1
53	-	model1
88	-	model1
69	-	model1
69	-	model1
185	-	model1
158	-	model1
158	-	model1
158	-	model1
83	-	model1
-49	-	model1
-49	-	model1
-28	+	model1
-35	+	model1
2	+	model1
3	+	model1
1	+	model1
221	+	model1
-15	+	model1
-15	+	model1
75	+	model1
75	+	model1
205	+	model1
205	+	model1
205	+	model1
-29	+	model1
-12	-	model1
-12	-	model1
-11	-	model1
-17	-	model1
10	-	model1
-5	-	model1
29	-	model1
86	-	model1
-36	-	model1
-125	+	model1
-1	-	model1
0	+	model1
-164	+	model1
-1	+	model1
4	+	model1
4	+	model1
-53	+	model1
2	+	model1
-23	-	model1
6	-	model1
55	-	model1
7	-	model1
-43	-	model1
-19	-	model1
-32	+	model1
-2	+	model1
72	+	model1
13	+	model1
-6	+	model1
3	+	model1
-93	+	model1
117	+	model1
-293	+	model1
-25	-	model1
1	-	model1
28	-	model1
5	-	model1
0	-	model1
161	-	model1
7	-	model1
30	-	model1
44	-	model1
-20	-	model1
-18	-	model1
17	-	model1
17	-	model1
-5	-	model1
57	-	model1
-237	-	model1
-237	-	model1
-156	+	model1
-156	+	model1
-46	+	model1
-170	+	model1
-170	+	model1
-60	+	model1
-60	+	model1
-20	+	model1
-20	+	model1
35	+	model1
-179	+	model1
-1	+	model1
195	+	model1
195	+	model1
-5	+	model1
-12	+	model1
-177	+	model1
-177	+	model1
0	+	model1
-18	+	model1
-147	+	model1
-20	-	model1
111	-	model1
-5	-	model1
-161	-	model1
-4	-	model1
-23	-	model1
27	-	model1
-195	-	model1
96	-	model1
-11	-	model1
100	-	model1
-1	-	model1
-109	+	model1
162	+	model1
131	+	model1
131	+	model1
-22	+	model1
-54	+	model1
-54	+	model1
1	+	model1
-20	+	model1
2	+	model1
9	+	model1
-118	+	model1
1	-	model1
1	-	model1
-17	-	model1
15	-	model1
-16	-	model1
12	-	model1
35	-	model1
228	-	model1
228	-	model1
-22	-	model1
-86	-	model1
88	-	model1
88	-	model1
88	-	model1
88	-	model1
48	-	model1
-19	-	model1
-19	-	model1
-19	-	model1
-19	-	model1
70	-	model1
70	-	model1
70	-	model1
70	-	model1
135	-	model1
-16	-	model1
-89	-	model1
-71	-	model1
94	-	model1
83	-	model1
83	-	model1
-85	-	model1
-85	-	model1
-140	-	model1
-37	-	model1
14	+	model1
-1	+	model1
-91	+	model1
-53	+	model1
-53	+	model1
16	+	model1
6	+	model1
0	+	model1
-205	+	model1
-205	+	model1
2	+	model1
2	+	model1
-20	+	model1
2	+	model1
9	+	model1
29	+	model1
-118	+	model1
-39	+	model1
1	-	model1
129	-	model1
12	-	model1
35	-	model1
228	-	model1
228	-	model1
-22	-	model1
2	-	model1
-14	-	model1
-86	-	model1
-10	-	model1
-10	-	model1
88	-	model1
88	-	model1
88	-	model1
88	-	model1
48	-	model1
-19	-	model1
-19	-	model1
-19	-	model1
-19	-	model1
70	-	model1
70	-	model1
70	-	model1
70	-	model1
135	-	model1
-23	-	model1
-16	-	model1
-25	-	model1
18	-	model1
94	-	model1
83	-	model1
83	-	model1
83	-	model1
-85	-	model1
-85	-	model1
-140	-	model1
-37	-	model1
14	+	model1
-1	+	model1
-115	+	model1
-118	+	model1
-118	+	model1
-91	+	model1
-53	+	model1
-53	+	model1
16	+	model1
5	+	model1
-2	+	model1
0	+	model1
-205	+	model1
0	+	model1
93	+	model1
37	+	model1
1	+	model1
5	+	model1
-21	+	model1
-34	+	model1
5	+	model1
-16	+	model1
-42	+	model1
-42	+	model1
-42	+	model1
-42	+	model1
-4	+	model1
-33	+	model1
-33	+	model1
-33	+	model1
-33	+	model1
-33	+	model1
-33	+	model1
-22	+	model1
-112	+	model1
-112	+	model1
-96	+	model1
1	-	model1
7	-	model1
233	-	model1
198	-	model1
-27	-	model1
32	-	model1
-125	-	model1
-23	-	model1
77	-	model1
80	-	model1
151	-	model1
151	-	model1
-5	-	model1
72	-	model1
76	-	model1
168	-	model1
-130	+	model1
-2	-	model1
-56	+	model1
-95	+	model1
-12	+	model1
-12	+	model1
-76	+	model1
-76	+	model1
-35	+	model1
-119	+	model1
-280	+	model1
-280	+	model1
-193	+	model1
-2	-	model1
-27	+	model1
-163	+	model1
-7	+	model1
-3	+	model1
-3	+	model1
-3	+	model1
0	+	model1
-1	+	model1
4	+	model1
2	+	model1
2	+	model1
0	+	model1
0	+	model1
-20	+	model1
2	+	model1
2	+	model1
3	+	model1
0	+	model1
29	+	model1
-118	+	model1
-332	+	model1
83	+	model1
-210	+	model1
-166	+	model1
-39	+	model1
-87	+	model1
6	-	model1
-17	-	model1
126	-	model1
126	-	model1
-16	-	model1
12	-	model1
35	-	model1
228	-	model1
228	-	model1
-22	-	model1
2	-	model1
162	-	model1
162	-	model1
162	-	model1
1	-	model1
-86	-	model1
-10	-	model1
-10	-	model1
88	-	model1
88	-	model1
88	-	model1
88	-	model1
48	-	model1
-19	-	model1
-19	-	model1
-19	-	model1
-19	-	model1
70	-	model1
70	-	model1
70	-	model1
70	-	model1
70	-	model1
70	-	model1
135	-	model1
-15	-	model1
-15	-	model1
-15	-	model1
-15	-	model1
-15	-	model1
-15	-	model1
-81	-	model1
-81	-	model1
-81	-	model1
-81	-	model1
-81	-	model1
-81	-	model1
-74	-	model1
-74	-	model1
-74	-	model1
-74	-	model1
-74	-	model1
-74	-	model1
96	-	model1
96	-	model1
-23	-	model1
-16	-	model1
97	-	model1
97	-	model1
97	-	model1
-25	-	model1
18	-	model1
18	-	model1
-71	-	model1
94	-	model1
83	-	model1
83	-	model1
83	-	model1
-21	-	model1
-140	-	model1
1	-	model1
-37	-	model1
-29	+	model1
-191	+	model1
14	+	model1
-1	+	model1
4	+	model1
-115	+	model1
-91	+	model1
-186	+	model1
-53	+	model1
-53	+	model1
-23	+	model1
-23	+	model1
-18	+	model1
-18	+	model1
-22	+	model1
-22	+	model1
16	+	model1
5	+	model1
-2	+	model1
0	+	model1
-205	+	model1
0	+	model1
36	+	model1
-18	+	model1
-163	+	model1
-62	+	model1
7	-	model1
187	-	model1
187	-	model1
2	-	model1
38	-	model1
18	-	model1
15	-	model1
-65	-	model1
-65	-	model1
209	-	model1
18	-	model1
0	+	model1
-8	+	model1
-13	+	model1
-13	+	model1
-4	+	model1
9	+	model1
0	+	model1
-49	+	model1
-49	+	model1
5	+	model1
2	+	model1
-3	+	model1
0	+	model1
-1	-	model1
-10	+	model1
-32	+	model1
-106	+	model1
-74	+	model1
-132	+	model1
11	+	model1
77	-	model1
-351	-	model1
-61	-	model1
-282	-	model1
-324	-	model1
-101	-	model1
28	-	model1
62	-	model1
62	-	model1
58	-	model1
46	-	model1
79	-	model1
84	-	model1
-3	-	model1
-3	-	model1
-3	-	model1
-31	-	model1
2	-	model1
29	-	model1
-13	-	model1
0	-	model1
-8	-	model1
144	-	model1
-123	+	model1
75	-	model1
-393	+	model1
-48	+	model1
49	+	model1
-21	+	model1
-219	+	model1
26	-	model1
-51	+	model1
1	+	model1
1	+	model1
0	+	model1
-62	+	model1
-62	+	model1
-17	+	model1
66	+	model1
-46	+	model1
-46	+	model1
-83	+	model1
70	+	model1
-64	+	model1
-31	-	model1
-68	+	model1
-19	+	model1
-12	+	model1
-50	+	model1
-119	+	model1
-10	+	model1
-1	+	model1
-56	+	model1
-12	+	model1
108	-	model1
108	-	model1
-67	-	model1
81	-	model1
-21	-	model1
168	-	model1
146	-	model1
-7	-	model1
-7	-	model1
-8	-	model1
182	-	model1
182	-	model1
40	-	model1
40	-	model1
28	-	model1
28	-	model1
78	-	model1
55	-	model1
178	-	model1
-22	-	model1
26	-	model1
88	-	model1
82	-	model1
-27	-	model1
-3	-	model1
100	-	model1
48	-	model1
58	-	model1
250	-	model1
-64	+	model1
-292	+	model1
-186	+	model1
13	+	model1
-2	+	model1
-11	+	model1
-11	+	model1
22	+	model1
61	+	model1
123	+	model1
-30	+	model1
-103	+	model1
-16	+	model1
-86	+	model1
-11	-	model1
-7	-	model1
-5	-	model1
-49	-	model1
-19	-	model1
-162	-	model1
-15	-	model1
-9	-	model1
-32	-	model1
62	-	model1
165	-	model1
-99	-	model1
85	-	model1
-255	-	model1
-29	-	model1
2	-	model1
111	-	model1
52	-	model1
-2	-	model1
-85	+	model1
-139	+	model1
40	+	model1
-52	+	model1
5	+	model1
91	-	model1
91	-	model1
-39	+	model1
-36	+	model1
36	-	model1
6	+	model1
0	+	model1
-45	+	model1
2	+	model1
-3	+	model1
0	+	model1
-4	+	model1
-68	+	model1
-35	+	model1
-66	+	model1
-135	+	model1
-10	+	model1
-35	+	model1
111	+	model1
111	+	model1
-173	+	model1
-44	+	model1
-44	+	model1
-44	+	model1
-116	+	model1
-55	+	model1
-55	+	model1
-55	+	model1
-180	+	model1
11	+	model1
-151	+	model1
-8	-	model1
-24	-	model1
77	-	model1
-351	-	model1
-282	-	model1
-324	-	model1
-101	-	model1
28	-	model1
28	-	model1
47	-	model1
62	-	model1
-6	-	model1
38	-	model1
38	-	model1
-27	-	model1
58	-	model1
46	-	model1
274	-	model1
84	-	model1
45	-	model1
-3	-	model1
-3	-	model1
-3	-	model1
-3	-	model1
-31	-	model1
2	-	model1
29	-	model1
47	-	model1
-22	-	model1
0	-	model1
23	-	model1
-8	-	model1
144	-	model1
-87	+	model1
75	-	model1
91	+	model1
-216	+	model1
-216	+	model1
-216	+	model1
-58	+	model1
-12	+	model1
14	+	model1
-21	+	model1
55	+	model1
-108	+	model1
26	-	model1
-51	+	model1
0	+	model1
3	+	model1
1	+	model1
4	+	model1
-15	+	model1
-15	+	model1
-55	+	model1
75	+	model1
75	+	model1
17	+	model1
-29	+	model1
-117	+	model1
-6	+	model1
-12	-	model1
-12	-	model1
0	-	model1
42	-	model1
-11	-	model1
-7	-	model1
191	-	model1
174	-	model1
22	-	model1
-17	-	model1
35	-	model1
33	-	model1
-5	-	model1
29	-	model1
86	-	model1
-11	-	model1
7	-	model1
94	-	model1
44	-	model1
1	-	model1
-125	+	model1
-1	-	model1
-1	-	model1
-100	+	model1
-100	+	model1
-100	+	model1
0	+	model1
-25	+	model1
-25	+	model1
-164	+	model1
-51	+	model1
-85	+	model1
-85	+	model1
-85	+	model1
-62	+	model1
21	+	model1
72	+	model1
4	+	model1
4	+	model1
-73	+	model1
-53	+	model1
1	+	model1
-16	+	model1
-15	+	model1
53	+	model1
88	-	model1
-15	-	model1
51	-	model1
46	-	model1
52	-	model1
17	-	model1
-158	-	model1
-158	-	model1
-11	-	model1
252	+	model1
-46	-	model1
-46	-	model1
-146	+	model1
-24	-	model1
21	+	model1
-108	+	model1
0	+	model1
3	+	model1
1	+	model1
-15	+	model1
-15	+	model1
75	+	model1
75	+	model1
17	+	model1
-29	+	model1
-117	+	model1
-346	+	model1
-163	+	model1
-6	+	model1
-12	-	model1
-12	-	model1
154	-	model1
-11	-	model1
-17	-	model1
71	-	model1
-14	-	model1
-5	-	model1
29	-	model1
86	-	model1
-15	-	model1
-18	-	model1
94	-	model1
-36	-	model1
-32	-	model1
44	-	model1
44	-	model1
-125	+	model1
-1	-	model1
0	+	model1
-62	+	model1
21	+	model1
-1	+	model1
4	+	model1
-1	+	model1
-1	+	model1
37	+	model1
1	+	model1
-42	+	model1
-42	+	model1
-42	+	model1
-42	+	model1
-42	+	model1
-42	+	model1
-33	+	model1
-33	+	model1
-33	+	model1
-33	+	model1
-33	+	model1
-33	+	model1
-33	+	model1
-33	+	model1
-22	+	model1
188	+	model1
1	-	model1
56	-	model1
-23	-	model1
3	-	model1
-56	+	model1
-35	+	model1
-280	+	model1
-280	+	model1
-7	+	model1
-1	+	model1
4	+	model1
1	+	model1
1	+	model1
2	+	model1
-1	+	model1
69	+	model1
-1	+	model1
-32	+	model1
6	+	model1
-2	+	model1
0	+	model1
0	+	model1
0	+	model1
7	+	model1
38	+	model1
7	+	model1
10	+	model1
132	+	model1
112	+	model1
-2	+	model1
-16	+	model1
-16	+	model1
58	+	model1
-170	+	model1
-60	+	model1
83	-	model1
-9	+	model1
-12	+	model1
-12	+	model1
-41	+	model1
-82	+	model1
3	+	model1
-38	+	model1
-72	+	model1
-296	+	model1
254	+	model1
254	+	model1
-62	+	model1
-34	+	model1
-20	-	model1
-20	-	model1
42	-	model1
-19	-	model1
-13	-	model1
7	-	model1
110	-	model1
49	-	model1
49	-	model1
-13	-	model1
-13	-	model1
-40	-	model1
-40	-	model1
-40	-	model1
-40	-	model1
68	-	model1
140	-	model1
32	-	model1
-10	-	model1
108	-	model1
68	-	model1
99	-	model1
8	-	model1
-10	-	model1
-10	-	model1
187	-	model1
26	-	model1
-66	-	model1
-25	-	model1
-25	-	model1
176	-	model1
-49	-	model1
110	-	model1
155	-	model1
-29	-	model1
-2	-	model1
170	-	model1
-8	-	model1
26	-	model1
26	-	model1
26	-	model1
26	-	model1
-153	+	model1
-191	+	model1
-49	+	model1
-24	+	model1
-62	+	model1
-249	+	model1
-40	+	model1
18	+	model1
-68	+	model1
-24	+	model1
-8	+	model1
57	+	model1
170	+	model1
3	+	model1
-47	+	model1
-45	+	model1
74	-	model1
0	+	model1
6	+	model1
1	+	model1
-85	+	model1
35	+	model1
37	+	model1
-179	+	model1
-1	+	model1
195	+	model1
-117	+	model1
63	+	model1
-12	+	model1
-177	+	model1
-177	+	model1
-18	+	model1
-147	+	model1
5	+	model1
12	-	model1
12	-	model1
20	-	model1
-20	-	model1
111	-	model1
-5	-	model1
-5	-	model1
-4	-	model1
139	-	model1
-23	-	model1
104	-	model1
21	-	model1
96	-	model1
41	-	model1
92	-	model1
78	-	model1
-3	-	model1
61	-	model1
44	-	model1
55	-	model1
-16	-	model1
100	-	model1
-1	-	model1
5	+	model1
5	+	model1
-109	+	model1
162	+	model1
-85	+	model1
131	+	model1
-22	+	model1
-54	+	model1
-18	+	model1
-1	-	model1
-1	-	model1
22	+	model1
72	+	model1
-6	+	model1
3	+	model1
-25	-	model1
1	-	model1
39	-	model1
63	-	model1
161	-	model1
-78	-	model1
17	-	model1
17	-	model1
-5	-	model1
-15	-	model1
-156	+	model1
-3	+	model1
6	+	model1
1	+	model1
1	+	model1
1	+	model1
1	+	model1
8	+	model1
0	+	model1
-4	+	model1
-77	+	model1
-13	+	model1
-104	+	model1
52	+	model1
84	+	model1
-50	+	model1
161	+	model1
-36	+	model1
-149	+	model1
-81	+	model1
12	+	model1
20	+	model1
3	-	model1
19	+	model1
-57	+	model1
65	-	model1
-11	-	model1
-24	-	model1
-3	-	model1
-18	-	model1
3	-	model1
159	-	model1
142	-	model1
154	-	model1
51	-	model1
20	-	model1
107	-	model1
249	-	model1
-8	-	model1
15	-	model1
51	-	model1
51	-	model1
44	-	model1
-21	-	model1
125	-	model1
112	-	model1
-16	-	model1
29	-	model1
55	-	model1
41	-	model1
41	-	model1
141	-	model1
-25	+	model1
-92	+	model1
-75	+	model1
-55	+	model1
-55	+	model1
-11	+	model1
-11	+	model1
-65	+	model1
-134	+	model1
-33	-	model1
-57	+	model1
128	+	model1
128	+	model1
4	+	model1
-132	+	model1
-25	+	model1
-80	+	model1
-22	+	model1
5	+	model1
5	+	model1
-44	+	model1
-69	+	model1
-7	+	model1
-39	+	model1
-49	+	model1
-45	+	model1
-45	+	model1
5	+	model1
2	+	model1
-3	+	model1
-18	+	model1
0	+	model1
-1	-	model1
-4	+	model1
-10	+	model1
215	+	model1
-173	+	model1
-54	+	model1
-58	+	model1
-55	+	model1
-55	+	model1
-92	+	model1
11	+	model1
-151	+	model1
-121	+	model1
73	-	model1
-24	-	model1
77	-	model1
-351	-	model1
-61	-	model1
-282	-	model1
-324	-	model1
-101	-	model1
28	-	model1
47	-	model1
62	-	model1
38	-	model1
58	-	model1
46	-	model1
274	-	model1
84	-	model1
45	-	model1
235	-	model1
-3	-	model1
-3	-	model1
-3	-	model1
9	-	model1
-31	-	model1
2	-	model1
-82	-	model1
53	-	model1
2	-	model1
29	-	model1
-47	-	model1
146	-	model1
47	-	model1
-20	-	model1
0	-	model1
0	-	model1
-8	-	model1
-123	+	model1
-87	+	model1
75	-	model1
-48	+	model1
-21	+	model1
-219	+	model1
-184	+	model1
38	+	model1
-51	+	model1
-33	+	model1
-31	+	model1
25	-	model1
41	-	model1
2	-	model1
33	-	model1
65	-	model1
144	-	model1
-10	-	model1
-29	-	model1
-38	-	model1
-24	-	model1
-1	-	model1
-1	-	model1
-8	-	model1
-2	+	model1
-88	-	model1
-116	+	model1
-152	+	model1
-234	+	model1
-233	+	model1
30	+	model1
-98	+	model1
-44	+	model1
-166	+	model1
3	+	model1
1	+	model1
2	+	model1
-31	+	model1
-2	+	model1
0	+	model1
10	+	model1
132	+	model1
112	+	model1
-16	+	model1
-170	+	model1
3	+	model1
-3	+	model1
-62	+	model1
-20	-	model1
-20	-	model1
42	-	model1
36	-	model1
24	-	model1
140	-	model1
108	-	model1
-55	-	model1
-2	-	model1
170	-	model1
57	+	model1
-47	+	model1
-47	+	model1
-45	+	model1
6	+	model1
1	+	model1
29	+	model1
-15	+	model1
53	+	model1
-69	+	model1
-2	+	model1
39	-	model1
-4	-	model1
166	-	model1
-54	-	model1
-61	-	model1
-60	-	model1
-158	-	model1
-26	-	model1
-6	-	model1
-243	+	model1
-46	-	model1
-24	-	model1
-145	+	model1
21	+	model1
21	+	model1
-73	+	model1
-73	+	model1
19	+	model1
54	+	model1
54	+	model1
171	-	model1
31	-	model1
127	-	model1
88	-	model1
87	-	model1
1	+	model1
1	+	model1
72	+	model1
-5	+	model1
-6	+	model1
3	+	model1
-93	+	model1
-61	+	model1
-61	+	model1
-132	+	model1
-132	+	model1
-18	-	model1
-69	+	model1
-25	-	model1
1	-	model1
29	-	model1
63	-	model1
-17	-	model1
-5	-	model1
57	-	model1
57	-	model1
315	-	model1
-156	+	model1
-156	+	model1
-170	+	model1
-170	+	model1
-92	+	model1
-20	+	model1
-20	+	model1
-5	+	model1
6	+	model1
1	+	model1
69	+	model1
-6	+	model1
5	+	model1
-125	+	model1
-56	+	model1
-56	+	model1
-42	+	model1
-42	+	model1
-19	-	model1
-12	-	model1
0	-	model1
6	-	model1
89	-	model1
-20	-	model1
-155	-	model1
-5	-	model1
53	-	model1
88	-	model1
69	-	model1
158	-	model1
158	-	model1
158	-	model1
83	-	model1
-28	+	model1
0	+	model1
0	+	model1
-20	+	model1
2	+	model1
5	+	model1
-25	+	model1
-25	+	model1
-28	+	model1
9	+	model1
29	+	model1
-118	+	model1
-145	+	model1
-17	-	model1
10	-	model1
-16	-	model1
12	-	model1
35	-	model1
228	-	model1
228	-	model1
-22	-	model1
2	-	model1
1	-	model1
-86	-	model1
118	-	model1
88	-	model1
88	-	model1
88	-	model1
88	-	model1
48	-	model1
-19	-	model1
-19	-	model1
-19	-	model1
-19	-	model1
70	-	model1
70	-	model1
70	-	model1
70	-	model1
4	-	model1
135	-	model1
-30	-	model1
-23	-	model1
-23	-	model1
97	-	model1
97	-	model1
96	-	model1
-13	-	model1
18	-	model1
-71	-	model1
94	-	model1
94	-	model1
83	-	model1
83	-	model1
83	-	model1
-140	-	model1
-37	-	model1
-23	+	model1
-2	-	model1
-191	+	model1
14	+	model1
-159	+	model1
-1	+	model1
-115	+	model1
-91	+	model1
-53	+	model1
-53	+	model1
5	+	model1
-2	+	model1
-46	+	model1
0	+	model1
0	+	model1
-205	+	model1
2	+	model1
2	+	model1
0	+	model1
0	+	model1
-20	+	model1
2	+	model1
5	+	model1
37	+	model1
-62	+	model1
-184	+	model1
-118	+	model1
-118	+	model1
-118	+	model1
-29	+	model1
-39	+	model1
-107	+	model1
-87	-	model1
-17	-	model1
-18	-	model1
-16	-	model1
12	-	model1
35	-	model1
228	-	model1
228	-	model1
228	-	model1
228	-	model1
-22	-	model1
2	-	model1
-13	-	model1
1	-	model1
-86	-	model1
-10	-	model1
-10	-	model1
88	-	model1
88	-	model1
88	-	model1
88	-	model1
48	-	model1
-19	-	model1
-19	-	model1
-19	-	model1
-19	-	model1
70	-	model1
70	-	model1
70	-	model1
70	-	model1
4	-	model1
-21	-	model1
135	-	model1
55	-	model1
96	-	model1
96	-	model1
96	-	model1
96	-	model1
70	-	model1
-30	-	model1
-23	-	model1
-23	-	model1
97	-	model1
97	-	model1
97	-	model1
97	-	model1
-25	-	model1
-25	-	model1
18	-	model1
-71	-	model1
94	-	model1
83	-	model1
83	-	model1
83	-	model1
-140	-	model1
-7	-	model1
21	-	model1
-37	-	model1
91	-	model1
-48	-	model1
-48	-	model1
-191	+	model1
14	+	model1
-1	+	model1
-115	+	model1
-91	+	model1
-53	+	model1
-53	+	model1
16	+	model1
5	+	model1
-2	+	model1
-46	+	model1
0	+	model1
-205	+	model1
1	+	model1
3	+	model1
37	+	model1
-46	+	model1
-12	+	model1
-177	+	model1
-177	+	model1
-33	+	model1
-18	+	model1
-16	-	model1
139	-	model1
-54	+	model1
15	+	model1
-19	+	model1
-82	+	model1
-226	+	model1
-226	+	model1
-100	+	model1
-10	+	model1
-53	+	model1
127	-	model1
25	-	model1
-28	-	model1
41	-	model1
106	-	model1
-29	-	model1
-29	-	model1
47	-	model1
163	-	model1
206	-	model1
66	-	model1
2	-	model1
-14	-	model1
33	-	model1
57	-	model1
9	-	model1
38	-	model1
-5	-	model1
-29	-	model1
-38	-	model1
36	-	model1
134	-	model1
-16	-	model1
-24	-	model1
-1	-	model1
-1	-	model1
-8	-	model1
-2	+	model1
-88	-	model1
-98	+	model1
31	+	model1
3	+	model1
-13	+	model1
62	+	model1
43	+	model1
-26	+	model1
-26	+	model1
-36	+	model1
-4	+	model1
-62	+	model1
195	-	model1
46	-	model1
27	-	model1
27	-	model1
28	-	model1
28	-	model1
51	-	model1
125	-	model1
125	-	model1
99	-	model1
99	-	model1
5	-	model1
67	-	model1
-15	-	model1
-6	+	model1
-36	+	model1
-1	+	model1
4	+	model1
-33	+	model1
2	+	model1
2	+	model1
67	+	model1
-14	+	model1
-84	+	model1
-77	+	model1
-126	+	model1
54	+	model1
43	-	model1
15	-	model1
202	-	model1
-59	-	model1
88	-	model1
87	-	model1
-82	+	model1
-38	+	model1
0	+	model1
-17	+	model1
66	+	model1
-68	+	model1
-179	+	model1
-165	+	model1
182	-	model1
40	-	model1
55	-	model1
58	-	model1
-292	+	model1
-18	+	model1
-3	+	model1
-48	+	model1
-44	+	model1
58	+	model1
5	+	model1
106	+	model1
106	+	model1
-256	+	model1
-256	+	model1
-141	+	model1
-311	+	model1
123	-	model1
127	-	model1
47	-	model1
43	-	model1
92	-	model1
42	-	model1
67	-	model1
348	-	model1
43	-	model1
-48	-	model1
-22	-	model1
-1	-	model1
-170	+	model1
-58	+	model1
-56	+	model1
-8	+	model1
-108	+	model1
2	+	model1
16	+	model1
-11	+	model1
-21	+	model1
-81	+	model1
41	-	model1
60	-	model1
107	-	model1
107	-	model1
107	-	model1
107	-	model1
107	-	model1
107	-	model1
45	-	model1
4	-	model1
-9	-	model1
-16	-	model1
-13	-	model1
-55	-	model1
2	-	model1
63	-	model1
72	-	model1
-22	-	model1
-22	-	model1
-22	-	model1
-1	-	model1
-1	-	model1
-1	-	model1
-1	-	model1
-1	-	model1
-1	-	model1
-1	-	model1
-229	+	model1
-246	+	model1
-246	+	model1
176	+	model1
-167	+	model1
-144	+	model1
4	+	model1
117	+	model1
117	+	model1
-98	+	model1
5	+	model1
-2	+	model1
-39	+	model1
-49	+	model1
-49	+	model1
5	+	model1
-6	+	model1
2	+	model1
-34	+	model1
-3	+	model1
0	+	model1
-4	+	model1
27	+	model1
-10	+	model1
-129	+	model1
-106	+	model1
-55	+	model1
11	+	model1
-151	+	model1
-24	-	model1
91	-	model1
-351	-	model1
-61	-	model1
-282	-	model1
-324	-	model1
-101	-	model1
28	-	model1
47	-	model1
62	-	model1
62	-	model1
58	-	model1
46	-	model1
45	-	model1
-3	-	model1
-3	-	model1
-3	-	model1
-3	-	model1
-3	-	model1
-3	-	model1
9	-	model1
-31	-	model1
2	-	model1
53	-	model1
29	-	model1
-13	-	model1
-47	-	model1
47	-	model1
-8	-	model1
-123	+	model1
75	-	model1
49	+	model1
-21	+	model1
-219	+	model1
26	-	model1
-51	+	model1
1	+	model1
-87	+	model1
-9	+	model1
-9	+	model1
-229	+	model1
52	-	model1
-17	-	model1
-17	-	model1
148	-	model1
-86	-	model1
-86	-	model1
-86	-	model1
-86	-	model1
20	-	model1
-22	-	model1
-27	+	model1
-78	-	model1
83	+	model1
-128	+	model1
-83	+	model1
-6	+	model1
-56	+	model1
-56	+	model1
-40	+	model1
-42	+	model1
-42	+	model1
-46	+	model1
-169	+	model1
37	-	model1
-189	+	model1
20	-	model1
-19	-	model1
-12	-	model1
-7	-	model1
108	-	model1
29	-	model1
6	-	model1
25	-	model1
68	-	model1
63	-	model1
133	-	model1
-19	-	model1
164	-	model1
96	-	model1
44	-	model1
53	-	model1
88	-	model1
69	-	model1
70	-	model1
158	-	model1
25	-	model1
-28	-	model1
86	-	model1
83	-	model1
80	-	model1
128	-	model1
1	-	model1
-146	+	model1
-23	+	model1
-68	+	model1
22	+	model1
252	+	model1
-28	+	model1
-76	+	model1
-35	+	model1
1	+	model1
-32	+	model1
-12	-	model1
-12	-	model1
29	-	model1
86	-	model1
44	-	model1
44	-	model1
-126	-	model1
0	+	model1
-1	+	model1
4	+	model1
1	+	model1
1	+	model1
-63	+	model1
-62	+	model1
53	+	model1
-69	+	model1
-106	+	model1
-4	-	model1
-26	-	model1
40	-	model1
-6	-	model1
4	-	model1
-46	-	model1
-63	+	model1
-63	+	model1
21	+	model1
0	+	model1
6	+	model1
6	+	model1
-44	+	model1
-93	+	model1
-93	+	model1
-84	+	model1
43	-	model1
-48	-	model1
37	-	model1
-1	-	model1
-104	+	model1
-58	+	model1
-92	+	model1
-92	+	model1
2	+	model1
1	+	model1
-63	+	model1
-16	+	model1
-48	+	model1
13	+	model1
-106	+	model1
-105	+	model1
-15	-	model1
-4	-	model1
51	-	model1
17	-	model1
-3	-	model1
-3	-	model1
-158	-	model1
-26	-	model1
-35	-	model1
-35	-	model1
40	-	model1
-9	-	model1
-46	-	model1
-46	-	model1
21	+	model1
-108	+	model1
-73	+	model1
0	+	model1
-62	+	model1
-2	-	model1
7	-	model1
187	-	model1
2	-	model1
18	-	model1
-65	-	model1
-65	-	model1
18	-	model1
-51	+	model1
-147	+	model1
-4	+	model1
5	+	model1
5	+	model1
-83	+	model1
6	-	model1
55	-	model1
-31	-	model1
-43	-	model1
-19	-	model1
-32	+	model1
-85	+	model1
-103	+	model1
-20	+	model1
5	+	model1
9	+	model1
-118	+	model1
-39	+	model1
35	-	model1
-86	-	model1
-10	-	model1
-10	-	model1
88	-	model1
88	-	model1
48	-	model1
-19	-	model1
-19	-	model1
70	-	model1
70	-	model1
135	-	model1
-222	-	model1
-222	-	model1
83	-	model1
83	-	model1
83	-	model1
-85	-	model1
-85	-	model1
-37	-	model1
14	+	model1
-31	+	model1
-31	+	model1
-76	+	model1
-91	+	model1
-53	+	model1
-9	+	model1
-9	+	model1
0	+	model1
-205	+	model1
-205	+	model1
1	+	model1
1	+	model1
35	+	model1
-3	+	model1
1	+	model1
-70	+	model1
37	+	model1
-179	+	model1
-46	+	model1
-12	+	model1
-177	+	model1
-177	+	model1
-33	+	model1
-18	+	model1
-94	+	model1
-83	+	model1
52	+	model1
5	+	model1
-131	+	model1
-20	-	model1
111	-	model1
-4	-	model1
-8	-	model1
-3	-	model1
9	-	model1
44	-	model1
55	-	model1
111	-	model1
27	-	model1
100	-	model1
-1	-	model1
-109	+	model1
60	+	model1
127	+	model1
5	+	model1
5	+	model1
11	+	model1
-34	+	model1
-34	+	model1
-22	+	model1
-54	+	model1
-69	+	model1
22	+	model1
72	+	model1
-5	+	model1
-6	+	model1
-20	+	model1
3	+	model1
-93	+	model1
-18	-	model1
-25	-	model1
1	-	model1
8	-	model1
-28	-	model1
32	-	model1
63	-	model1
161	-	model1
96	-	model1
57	-	model1
30	-	model1
37	-	model1
153	-	model1
-17	-	model1
54	-	model1
48	-	model1
-34	-	model1
-18	-	model1
-78	-	model1
-95	-	model1
-5	-	model1
-78	-	model1
57	-	model1
0	-	model1
0	-	model1
-156	+	model1
-156	+	model1
-46	+	model1
-27	+	model1
-170	+	model1
6	+	model1
1	+	model1
22	+	model1
72	+	model1
28	+	model1
-6	+	model1
-319	-	model1
-20	+	model1
3	+	model1
-25	-	model1
1	-	model1
8	-	model1
63	-	model1
153	-	model1
-17	-	model1
-18	-	model1
-5	-	model1
57	-	model1
-156	+	model1
-170	+	model1
1	+	model1
5	+	model1
32	+	model1
0	+	model1
164	+	model1
30	+	model1
59	+	model1
-29	+	model1
-26	+	model1
8	+	model1
107	+	model1
27	+	model1
-168	+	model1
-74	+	model1
-15	-	model1
-6	+	model1
116	-	model1
-1	-	model1
26	-	model1
26	-	model1
26	-	model1
26	-	model1
-12	-	model1
42	-	model1
41	-	model1
-206	-	model1
-336	-	model1
-380	-	model1
133	-	model1
133	-	model1
-39	-	model1
98	-	model1
98	-	model1
7	-	model1
1	-	model1
-4	-	model1
63	-	model1
23	-	model1
150	-	model1
167	-	model1
107	-	model1
107	-	model1
-10	-	model1
54	-	model1
146	-	model1
99	-	model1
-7	-	model1
57	-	model1
-2	-	model1
-3	-	model1
-3	-	model1
-8	+	model1
-8	+	model1
30	-	model1
210	+	model1
-113	+	model1
-1	-	model1
-104	+	model1
-100	+	model1
-100	+	model1
-149	+	model1
-1	-	model1
38	+	model1
-38	+	model1
13	+	model1
-1	+	model1
-65	+	model1
12	+	model1
-1	+	model1
-9	-	model1
1	+	model1
1	+	model1
0	+	model1
46	+	model1
-17	+	model1
66	+	model1
-46	+	model1
-46	+	model1
-46	+	model1
-83	+	model1
70	+	model1
-68	+	model1
-50	+	model1
-1	+	model1
-12	+	model1
11	+	model1
97	+	model1
-14	-	model1
108	-	model1
108	-	model1
-34	+	model1
-24	-	model1
205	-	model1
-8	-	model1
-28	-	model1
168	-	model1
-70	-	model1
223	-	model1
24	-	model1
146	-	model1
-8	-	model1
182	-	model1
182	-	model1
50	-	model1
50	-	model1
140	-	model1
40	-	model1
18	-	model1
28	-	model1
207	-	model1
-22	-	model1
26	-	model1
88	-	model1
3	-	model1
82	-	model1
-27	-	model1
69	-	model1
-3	-	model1
-159	-	model1
91	-	model1
91	-	model1
100	-	model1
-82	-	model1
48	-	model1
126	-	model1
126	-	model1
58	-	model1
250	-	model1
-16	-	model1
-64	+	model1
-77	+	model1
-15	-	model1
-292	+	model1
-186	+	model1
-68	+	model1
-91	+	model1
-41	+	model1
-107	+	model1
-11	+	model1
-11	+	model1
61	+	model1
6	+	model1
123	+	model1
-74	+	model1
-49	+	model1
-49	+	model1
0	+	model1
-45	+	model1
2	+	model1
0	+	model1
0	+	model1
0	+	model1
-4	+	model1
-10	+	model1
-84	+	model1
-84	+	model1
-9	+	model1
11	+	model1
-151	+	model1
77	-	model1
28	-	model1
58	-	model1
46	-	model1
16	-	model1
-3	-	model1
-3	-	model1
-3	-	model1
2	-	model1
29	-	model1
0	-	model1
-8	-	model1
-123	+	model1
75	-	model1
-12	+	model1
-21	+	model1
-219	+	model1
-51	+	model1
-19	+	model1
-56	+	model1
-33	+	model1
200	+	model1
200	+	model1
-197	+	model1
-53	+	model1
-31	+	model1
127	-	model1
25	-	model1
-28	-	model1
41	-	model1
47	-	model1
66	-	model1
2	-	model1
-14	-	model1
33	-	model1
9	-	model1
65	-	model1
-28	-	model1
-10	-	model1
-29	-	model1
-38	-	model1
-24	-	model1
-86	-	model1
-1	-	model1
1	-	model1
-1	-	model1
-8	-	model1
-88	-	model1
-116	+	model1
-152	+	model1
-233	+	model1
30	+	model1
-83	+	model1
-166	+	model1
3	+	model1
-30	+	model1
-11	+	model1
-70	+	model1
-145	+	model1
-21	+	model1
-81	+	model1
-9	-	model1
8	-	model1
-3	-	model1
60	-	model1
107	-	model1
107	-	model1
107	-	model1
107	-	model1
107	-	model1
107	-	model1
-25	-	model1
4	-	model1
-16	-	model1
63	-	model1
63	-	model1
72	-	model1
-22	-	model1
-22	-	model1
-22	-	model1
-1	-	model1
-1	-	model1
-1	-	model1
-1	-	model1
-1	-	model1
-229	+	model1
176	+	model1
-167	+	model1
-144	+	model1
-82	+	model1
4	+	model1
117	+	model1
117	+	model1
32	+	model1
-98	+	model1
5	+	model1
-23	-	model1
6	-	model1
-43	-	model1
-32	+	model1
-103	+	model1
-22	+	model1
-34	+	model1
-81	+	model1
-3	-	model1
41	-	model1
60	-	model1
107	-	model1
107	-	model1
107	-	model1
107	-	model1
107	-	model1
107	-	model1
45	-	model1
4	-	model1
-16	-	model1
-55	-	model1
2	-	model1
72	-	model1
-22	-	model1
-22	-	model1
-22	-	model1
-1	-	model1
-1	-	model1
-1	-	model1
-1	-	model1
-1	-	model1
-1	-	model1
-1	-	model1
0	-	model1
176	+	model1
-167	+	model1
-144	+	model1
4	+	model1
-98	+	model1
5	+	model1
1	+	model1
-69	+	model1
88	-	model1
39	-	model1
-26	-	model1
-46	-	model1
-46	-	model1
-146	+	model1
-24	-	model1
-27	-	model1
21	+	model1
-40	+	model1
0	+	model1
0	+	model1
-20	+	model1
2	+	model1
6	+	model1
6	+	model1
154	+	model1
-25	+	model1
-25	+	model1
18	+	model1
0	+	model1
9	+	model1
-56	+	model1
-56	+	model1
-145	+	model1
199	-	model1
126	-	model1
10	-	model1
10	-	model1
12	-	model1
75	-	model1
75	-	model1
-134	-	model1
35	-	model1
39	-	model1
39	-	model1
-22	-	model1
2	-	model1
1	-	model1
-86	-	model1
96	-	model1
148	-	model1
48	-	model1
4	-	model1
-21	-	model1
135	-	model1
134	-	model1
134	-	model1
70	-	model1
-30	-	model1
-16	-	model1
5	-	model1
-25	-	model1
-25	-	model1
18	-	model1
94	-	model1
94	-	model1
-140	-	model1
-7	-	model1
-12	-	model1
-37	-	model1
91	-	model1
-1	+	model1
-192	+	model1
-119	+	model1
-115	+	model1
72	+	model1
-91	+	model1
-53	+	model1
-53	+	model1
-6	+	model1
-2	+	model1
6	+	model1
0	+	model1
0	+	model1
-205	+	model1
-28	-	model1
-33	+	model1
-82	+	model1
200	+	model1
200	+	model1
-197	+	model1
-53	+	model1
-31	+	model1
127	-	model1
12	-	model1
25	-	model1
-28	-	model1
64	-	model1
41	-	model1
-29	-	model1
66	-	model1
-71	-	model1
2	-	model1
33	-	model1
65	-	model1
144	-	model1
-29	-	model1
108	-	model1
-16	-	model1
-86	-	model1
-86	-	model1
-1	-	model1
1	-	model1
-1	-	model1
-8	-	model1
-2	+	model1
-88	-	model1
-116	+	model1
-152	+	model1
-234	+	model1
-233	+	model1
30	+	model1
-98	+	model1
-44	+	model1
44	+	model1
-25	+	model1
3	+	model1
-30	+	model1
0	+	model1
26	+	model1
23	+	model1
22	+	model1
-72	+	model1
15	+	model1
-72	+	model1
-32	+	model1
-49	+	model1
-93	+	model1
-84	+	model1
12	+	model1
12	+	model1
-13	+	model1
-136	+	model1
-192	+	model1
54	-	model1
-195	+	model1
-374	-	model1
167	-	model1
-36	-	model1
-36	-	model1
-36	-	model1
1	-	model1
-21	-	model1
-5	-	model1
32	-	model1
120	-	model1
4	-	model1
72	-	model1
55	-	model1
-52	-	model1
50	-	model1
0	-	model1
0	-	model1
4	-	model1
-48	-	model1
96	-	model1
20	-	model1
52	-	model1
5	-	model1
-123	+	model1
18	+	model1
-85	+	model1
-34	+	model1
-13	+	model1
75	+	model1
-5	+	model1
2	+	model1
-39	+	model1
-3	+	model1
3	+	model1
3	+	model1
17	+	model1
19	+	model1
3	+	model1
5	-	model1
63	-	model1
-170	+	model1
1	+	model1
1	+	model1
1	+	model1
1	+	model1
5	+	model1
8	+	model1
2	+	model1
0	+	model1
-4	+	model1
-1	+	model1
-13	+	model1
-41	+	model1
-50	+	model1
-36	+	model1
-149	+	model1
-81	+	model1
90	+	model1
12	+	model1
-111	+	model1
-111	+	model1
-111	+	model1
-111	+	model1
-111	+	model1
-111	+	model1
20	+	model1
19	+	model1
157	-	model1
-57	+	model1
-71	-	model1
-11	-	model1
-3	-	model1
-71	-	model1
63	-	model1
-18	-	model1
159	-	model1
142	-	model1
154	-	model1
51	-	model1
20	-	model1
107	-	model1
249	-	model1
51	-	model1
125	-	model1
112	-	model1
-16	-	model1
29	-	model1
-64	-	model1
284	-	model1
141	-	model1
-25	+	model1
-92	+	model1
-105	+	model1
-105	+	model1
-105	+	model1
-105	+	model1
-105	+	model1
-105	+	model1
-75	+	model1
-55	+	model1
-55	+	model1
-134	+	model1
-132	+	model1
-25	+	model1
-80	+	model1
-10	+	model1
-33	+	model1
-33	+	model1
35	+	model1
5	+	model1
-75	+	model1
-44	+	model1
-69	+	model1
1	+	model1
3	+	model1
1	+	model1
4	+	model1
76	+	model1
-15	+	model1
-15	+	model1
17	+	model1
-29	+	model1
6	+	model1
-69	+	model1
-163	+	model1
-6	+	model1
34	+	model1
34	+	model1
136	-	model1
-12	-	model1
-12	-	model1
0	-	model1
42	-	model1
73	-	model1
35	-	model1
10	-	model1
-5	-	model1
29	-	model1
29	-	model1
86	-	model1
86	-	model1
-11	-	model1
-15	-	model1
44	-	model1
44	-	model1
-11	-	model1
273	-	model1
1	-	model1
-125	+	model1
-19	+	model1
0	+	model1
-164	+	model1
-75	+	model1
24	+	model1
-1	+	model1
21	+	model1
7	+	model1
4	+	model1
-53	+	model1
-72	+	model1
-72	+	model1
15	+	model1
-49	+	model1
-84	+	model1
12	+	model1
-30	+	model1
4	+	model1
-192	+	model1
54	-	model1
167	-	model1
32	-	model1
-36	-	model1
-36	-	model1
-36	-	model1
1	-	model1
-11	-	model1
8	-	model1
6	-	model1
-21	-	model1
-91	-	model1
14	-	model1
116	-	model1
156	-	model1
-5	-	model1
-5	-	model1
-5	-	model1
-5	-	model1
32	-	model1
32	-	model1
120	-	model1
4	-	model1
72	-	model1
-52	-	model1
50	-	model1
0	-	model1
4	-	model1
-11	-	model1
96	-	model1
20	-	model1
52	-	model1
52	-	model1
-123	+	model1
-85	+	model1
17	+	model1
-5	+	model1
-39	+	model1
-27	+	model1
-3	+	model1
3	+	model1
3	+	model1
2	+	model1
2	+	model1
-51	+	model1
-11	+	model1
0	+	model1
54	+	model1
54	+	model1
3	-	model1
171	-	model1
127	-	model1
88	-	model1
87	-	model1
70	-	model1
-208	+	model1
-82	+	model1
-98	+	model1
37	+	model1
2	-	model1
33	-	model1
25	-	model1
-29	-	model1
-1	-	model1
-1	-	model1
91	-	model1
-2	+	model1
-98	+	model1
-175	+	model1
-44	+	model1
3	+	model1
-134	+	model1
1	+	model1
0	+	model1
93	+	model1
37	+	model1
1	+	model1
5	+	model1
-21	+	model1
-34	+	model1
90	+	model1
-16	+	model1
-98	+	model1
-42	+	model1
-42	+	model1
-4	+	model1
27	+	model1
-33	+	model1
-33	+	model1
-33	+	model1
-33	+	model1
-22	+	model1
-112	+	model1
-112	+	model1
107	+	model1
188	+	model1
1	-	model1
-15	-	model1
33	-	model1
185	-	model1
-12	-	model1
3	-	model1
3	-	model1
198	-	model1
36	-	model1
-27	-	model1
81	-	model1
32	-	model1
14	-	model1
-125	-	model1
152	-	model1
-49	-	model1
77	-	model1
77	-	model1
80	-	model1
151	-	model1
166	-	model1
166	-	model1
-5	-	model1
-11	-	model1
84	-	model1
12	-	model1
72	-	model1
40	-	model1
76	-	model1
-19	-	model1
233	-	model1
182	-	model1
32	-	model1
-2	-	model1
-2	-	model1
-26	+	model1
-56	+	model1
-95	+	model1
-12	+	model1
-76	+	model1
-76	+	model1
-35	+	model1
-119	+	model1
6	+	model1
-280	+	model1
-280	+	model1
-193	+	model1
-1	-	model1
-19	+	model1
-2	-	model1
-82	+	model1
-7	+	model1
-27	+	model1
83	+	model1
-3	+	model1
0	+	model1
-1	+	model1
4	+	model1
1	+	model1
-6	+	model1
5	+	model1
-125	+	model1
-67	+	model1
-56	+	model1
-42	+	model1
-189	+	model1
-19	-	model1
-12	-	model1
29	-	model1
6	-	model1
42	-	model1
38	-	model1
89	-	model1
25	-	model1
89	-	model1
-155	-	model1
101	-	model1
158	-	model1
158	-	model1
86	-	model1
83	-	model1
-49	-	model1
-49	-	model1
-46	+	model1
-3	+	model1
-28	+	model1
-16	+	model1
-35	+	model1
15	+	model1
54	-	model1
167	-	model1
-36	-	model1
-36	-	model1
-5	-	model1
32	-	model1
0	-	model1
0	-	model1
20	-	model1
-184	+	model1
2	+	model1
-26	-	model1
2	+	model1
1	+	model1
-184	+	model1
-53	+	model1
-6	+	model1
5	+	model1
5	+	model1
-125	+	model1
-56	+	model1
-56	+	model1
-40	+	model1
-42	+	model1
-42	+	model1
-95	+	model1
-17	+	model1
-19	-	model1
-12	-	model1
-8	-	model1
-138	-	model1
6	-	model1
38	-	model1
38	-	model1
89	-	model1
25	-	model1
-24	-	model1
-19	-	model1
-155	-	model1
53	-	model1
53	-	model1
69	-	model1
69	-	model1
185	-	model1
158	-	model1
158	-	model1
158	-	model1
86	-	model1
83	-	model1
-49	-	model1
-49	-	model1
-28	+	model1
-35	+	model1
-35	+	model1
3	+	model1
15	+	model1
-49	+	model1
-84	+	model1
6	+	model1
-30	+	model1
-108	+	model1
4	+	model1
-192	+	model1
10	-	model1
7	-	model1
167	-	model1
-36	-	model1
-36	-	model1
-11	-	model1
8	-	model1
6	-	model1
14	-	model1
-5	-	model1
-5	-	model1
32	-	model1
4	-	model1
72	-	model1
80	-	model1
50	-	model1
0	-	model1
0	-	model1
4	-	model1
96	-	model1
20	-	model1
-123	+	model1
-85	+	model1
2	+	model1
-3	+	model1
3	+	model1
3	+	model1
2	+	model1
-72	+	model1
15	+	model1
-72	+	model1
-32	+	model1
10	+	model1
-93	+	model1
-84	+	model1
-9	+	model1
12	+	model1
12	+	model1
-30	+	model1
-192	+	model1
-95	+	model1
54	-	model1
167	-	model1
-7	-	model1
-36	-	model1
-36	-	model1
-36	-	model1
-36	-	model1
3	-	model1
306	-	model1
58	-	model1
32	-	model1
32	-	model1
120	-	model1
81	-	model1
257	-	model1
55	-	model1
50	-	model1
108	-	model1
-65	-	model1
0	-	model1
0	-	model1
49	-	model1
4	-	model1
96	-	model1
20	-	model1
52	-	model1
5	-	model1
99	-	model1
32	-	model1
-2	+	model1
-123	+	model1
-39	+	model1
-39	+	model1
18	+	model1
-182	+	model1
75	+	model1
-39	+	model1
-5	+	model1
-5	+	model1
2	+	model1
-39	+	model1
-27	+	model1
3	+	model1
17	+	model1
19	+	model1
0	+	model1
0	+	model1
37	+	model1
37	+	model1
1	+	model1
1	+	model1
-34	+	model1
-42	+	model1
-42	+	model1
-42	+	model1
-42	+	model1
-33	+	model1
-33	+	model1
-33	+	model1
-33	+	model1
-22	+	model1
-49	+	model1
-112	+	model1
1	-	model1
22	-	model1
233	-	model1
-27	-	model1
58	-	model1
-23	-	model1
151	-	model1
-5	-	model1
91	-	model1
76	-	model1
-17	+	model1
-128	+	model1
-2	-	model1
-35	+	model1
-224	+	model1
-119	+	model1
-280	+	model1
-280	+	model1
-19	+	model1
-39	+	model1
6	+	model1
6	+	model1
-1	+	model1
4	+	model1
-13	+	model1
43	+	model1
-36	+	model1
-15	+	model1
-62	+	model1
195	-	model1
46	-	model1
11	-	model1
2	-	model1
27	-	model1
28	-	model1
81	-	model1
51	-	model1
125	-	model1
99	-	model1
99	-	model1
247	-	model1
-87	-	model1
4	-	model1
4	-	model1
5	-	model1
67	-	model1
-15	-	model1
47	-	model1
-42	+	model1
-6	+	model1
-36	+	model1
-1	+	model1
4	+	model1
-33	+	model1
2	+	model1
-56	+	model1
-56	+	model1
-42	+	model1
-42	+	model1
-6	-	model1
69	-	model1
69	-	model1
158	-	model1
158	-	model1
-101	+	model1
2	+	model1
54	+	model1
54	+	model1
-11	-	model1
171	-	model1
14	-	model1
127	-	model1
88	-	model1
87	-	model1
70	-	model1
-82	+	model1
93	+	model1
-13	+	model1
43	+	model1
0	+	model1
-26	+	model1
-36	+	model1
-76	+	model1
-76	+	model1
-256	+	model1
-256	+	model1
-104	+	model1
8	+	model1
-140	+	model1
-62	+	model1
195	-	model1
159	-	model1
11	-	model1
88	-	model1
2	-	model1
71	-	model1
27	-	model1
28	-	model1
169	-	model1
81	-	model1
81	-	model1
73	-	model1
53	-	model1
51	-	model1
125	-	model1
99	-	model1
43	-	model1
30	-	model1
247	-	model1
-87	-	model1
4	-	model1
4	-	model1
28	-	model1
5	-	model1
67	-	model1
-15	-	model1
72	-	model1
-2	-	model1
-42	+	model1
-6	+	model1
-20	+	model1
-94	+	model1
-82	+	model1
-36	+	model1
-107	+	model1
-1	+	model1
4	+	model1
-33	+	model1
2	+	model1
-13	+	model1
43	+	model1
-36	+	model1
-46	+	model1
-76	+	model1
-76	+	model1
8	+	model1
-62	+	model1
195	-	model1
46	-	model1
11	-	model1
2	-	model1
113	-	model1
27	-	model1
27	-	model1
28	-	model1
28	-	model1
81	-	model1
81	-	model1
51	-	model1
125	-	model1
125	-	model1
99	-	model1
99	-	model1
43	-	model1
4	-	model1
-135	-	model1
5	-	model1
67	-	model1
-15	-	model1
-42	+	model1
-36	+	model1
-110	+	model1
-1	+	model1
19	+	model1
4	+	model1
-33	+	model1
2	+	model1
5	+	model1
-87	+	model1
-2	+	model1
27	+	model1
-9	+	model1
-51	+	model1
106	+	model1
-229	+	model1
52	-	model1
-17	-	model1
148	-	model1
-95	-	model1
-86	-	model1
-86	-	model1
-86	-	model1
206	-	model1
-22	-	model1
126	-	model1
-104	+	model1
-1	-	model1
-27	+	model1
-78	-	model1
-126	+	model1
83	+	model1
-49	+	model1
5	+	model1
-46	+	model1
-42	+	model1
54	+	model1
31	-	model1
-10	-	model1
88	-	model1
87	-	model1
-21	+	model1
-81	+	model1
-81	+	model1
-9	-	model1
60	-	model1
60	-	model1
-44	-	model1
107	-	model1
107	-	model1
107	-	model1
107	-	model1
107	-	model1
107	-	model1
-25	-	model1
4	-	model1
18	-	model1
-16	-	model1
-13	-	model1
72	-	model1
-22	-	model1
-22	-	model1
-22	-	model1
-1	-	model1
-1	-	model1
-1	-	model1
-229	+	model1
176	+	model1
-167	+	model1
-144	+	model1
117	+	model1
117	+	model1
-27	+	model1
6	+	model1
-22	+	model1
-22	+	model1
5	+	model1
-13	+	model1
62	+	model1
43	+	model1
-36	+	model1
-46	+	model1
11	-	model1
99	-	model1
99	-	model1
67	-	model1
47	-	model1
-209	+	model1
-36	+	model1
-1	+	model1
4	+	model1
4	+	model1
-33	+	model1
2	+	model1
-150	+	model1
-87	+	model1
-9	+	model1
-2	+	model1
27	+	model1
106	+	model1
-229	+	model1
52	-	model1
52	-	model1
-17	-	model1
-17	-	model1
148	-	model1
148	-	model1
82	-	model1
-95	-	model1
-95	-	model1
-95	-	model1
-95	-	model1
-95	-	model1
-95	-	model1
-86	-	model1
-86	-	model1
-86	-	model1
-86	-	model1
-86	-	model1
-86	-	model1
-22	-	model1
300	-	model1
126	-	model1
53	-	model1
53	-	model1
-21	-	model1
59	-	model1
59	-	model1
-224	+	model1
-370	+	model1
30	+	model1
-78	-	model1
-198	+	model1
201	+	model1
179	+	model1
83	+	model1
-49	+	model1
7	+	model1
-27	+	model1
5	+	model1
35	+	model1
35	+	model1
-87	+	model1
-2	+	model1
106	+	model1
-229	+	model1
-11	-	model1
52	-	model1
52	-	model1
-17	-	model1
148	-	model1
148	-	model1
-63	-	model1
-86	-	model1
-86	-	model1
-86	-	model1
40	-	model1
20	-	model1
-22	-	model1
160	-	model1
126	-	model1
-57	-	model1
-67	+	model1
-1	-	model1
-27	+	model1
-78	-	model1
9	+	model1
83	+	model1
-93	+	model1
-49	+	model1
34	+	model1
-27	+	model1
-224	+	model1
-86	+	model1
-11	-	model1
-7	-	model1
-5	-	model1
-29	-	model1
-49	-	model1
-19	-	model1
-162	-	model1
-15	-	model1
-27	-	model1
-27	-	model1
-9	-	model1
-32	-	model1
32	-	model1
-99	-	model1
85	-	model1
-26	-	model1
-255	-	model1
-29	-	model1
142	-	model1
-6	-	model1
111	-	model1
52	-	model1
-2	-	model1
205	+	model1
-7	+	model1
91	-	model1
91	-	model1
30	+	model1
-86	+	model1
-11	-	model1
33	-	model1
-7	-	model1
-5	-	model1
-29	-	model1
-49	-	model1
-19	-	model1
-162	-	model1
-162	-	model1
-15	-	model1
-9	-	model1
-32	-	model1
32	-	model1
-99	-	model1
-26	-	model1
-255	-	model1
-38	-	model1
142	-	model1
-6	-	model1
52	-	model1
-17	-	model1
-2	-	model1
30	-	model1
30	-	model1
-57	+	model1
-52	+	model1
91	-	model1
91	-	model1
-3	-	model1
-2	+	model1
-9	+	model1
106	+	model1
-160	+	model1
6	-	model1
-3	-	model1
231	-	model1
231	-	model1
-86	-	model1
-86	-	model1
-86	-	model1
-86	-	model1
-8	-	model1
-2	-	model1
-27	+	model1
-126	+	model1
83	+	model1
0	+	model1
-224	+	model1
-86	+	model1
-11	-	model1
-7	-	model1
-17	-	model1
-5	-	model1
-49	-	model1
-162	-	model1
-15	-	model1
-9	-	model1
-32	-	model1
261	-	model1
43	-	model1
-99	-	model1
-26	-	model1
-255	-	model1
-29	-	model1
-18	-	model1
111	-	model1
52	-	model1
-2	-	model1
-139	+	model1
7	+	model1
-7	+	model1
38	+	model1
91	-	model1
91	-	model1
-101	+	model1
-101	+	model1
-82	+	model1
-27	+	model1
-172	+	model1
-172	+	model1
-86	+	model1
-11	-	model1
-7	-	model1
-5	-	model1
-49	-	model1
-162	-	model1
-15	-	model1
-9	-	model1
-32	-	model1
32	-	model1
-99	-	model1
85	-	model1
-26	-	model1
-255	-	model1
142	-	model1
111	-	model1
52	-	model1
-2	-	model1
7	+	model1
91	-	model1
91	-	model1
-151	+	model1
-12	-	model1
-12	-	model1
32	-	model1
32	-	model1
-86	+	model1
-11	-	model1
-5	-	model1
-49	-	model1
-15	-	model1
-99	-	model1
-26	-	model1
-255	-	model1
-38	-	model1
-6	-	model1
52	-	model1
-17	-	model1
-2	-	model1
1	+	model1
-44	+	model1
58	+	model1
5	+	model1
142	+	model1
-256	+	model1
-311	+	model1
43	-	model1
3	-	model1
348	-	model1
-1	-	model1
-222	+	model1
-104	+	model1
-6	+	model1
-56	+	model1
-1	+	model1
-1	+	model1
0	+	model1
37	+	model1
37	+	model1
1	+	model1
-34	+	model1
90	+	model1
-16	+	model1
-42	+	model1
-42	+	model1
-42	+	model1
-42	+	model1
-82	+	model1
-33	+	model1
-33	+	model1
-33	+	model1
-33	+	model1
-22	+	model1
-112	+	model1
-112	+	model1
-41	+	model1
107	+	model1
1	-	model1
7	-	model1
233	-	model1
-27	-	model1
32	-	model1
58	-	model1
151	-	model1
151	-	model1
79	-	model1
-1	+	model1
-12	+	model1
-12	+	model1
-35	+	model1
-119	+	model1
-280	+	model1
-280	+	model1
-2	-	model1
-7	+	model1
-27	+	model1
13	+	model1
-1	+	model1
4	+	model1
1	+	model1
1	+	model1
32	+	model1
0	+	model1
-41	+	model1
164	+	model1
-16	+	model1
-29	+	model1
-26	+	model1
-26	+	model1
-83	+	model1
-74	+	model1
-74	+	model1
-7	+	model1
26	-	model1
26	-	model1
26	-	model1
26	-	model1
26	-	model1
26	-	model1
137	-	model1
42	-	model1
-4	-	model1
41	-	model1
-206	-	model1
-336	-	model1
-336	-	model1
-380	-	model1
72	-	model1
148	-	model1
148	-	model1
133	-	model1
133	-	model1
63	-	model1
-39	-	model1
98	-	model1
7	-	model1
0	-	model1
23	-	model1
23	-	model1
150	-	model1
150	-	model1
167	-	model1
167	-	model1
8	-	model1
23	-	model1
11	-	model1
42	-	model1
146	-	model1
-41	-	model1
-41	-	model1
-64	-	model1
-64	-	model1
-7	-	model1
57	-	model1
-3	-	model1
-2	-	model1
-3	-	model1
-3	-	model1
-327	+	model1
-8	+	model1
-8	+	model1
30	-	model1
-253	+	model1
-1	-	model1
-17	+	model1
-38	+	model1
287	+	model1
-1	+	model1
-65	+	model1
-9	-	model1
1	+	model1
5	+	model1
32	+	model1
0	+	model1
164	+	model1
-1	+	model1
-16	+	model1
-29	+	model1
-13	+	model1
8	+	model1
107	+	model1
-74	+	model1
-39	+	model1
-39	+	model1
-15	-	model1
-160	+	model1
-6	+	model1
-1	-	model1
26	-	model1
26	-	model1
26	-	model1
26	-	model1
26	-	model1
26	-	model1
137	-	model1
42	-	model1
-4	-	model1
41	-	model1
-206	-	model1
-336	-	model1
-380	-	model1
72	-	model1
148	-	model1
133	-	model1
133	-	model1
-39	-	model1
98	-	model1
98	-	model1
7	-	model1
0	-	model1
-4	-	model1
63	-	model1
23	-	model1
150	-	model1
167	-	model1
107	-	model1
107	-	model1
23	-	model1
11	-	model1
-10	-	model1
54	-	model1
146	-	model1
99	-	model1
41	-	model1
-41	-	model1
-64	-	model1
-7	-	model1
57	-	model1
-3	-	model1
-2	-	model1
-7	-	model1
-3	-	model1
-3	-	model1
-3	-	model1
-327	+	model1
51	-	model1
-8	+	model1
-8	+	model1
30	-	model1
210	+	model1
-253	+	model1
-89	+	model1
-100	+	model1
-100	+	model1
82	-	model1
-15	+	model1
-155	+	model1
-155	+	model1
-1	-	model1
38	+	model1
-108	+	model1
-17	+	model1
-38	+	model1
28	+	model1
-1	+	model1
4	+	model1
-65	+	model1
-3	+	model1
12	+	model1
-1	+	model1
-9	-	model1
1	+	model1
32	+	model1
6	+	model1
8	+	model1
-74	+	model1
26	-	model1
42	-	model1
-336	-	model1
-380	-	model1
46	-	model1
46	-	model1
46	-	model1
133	-	model1
133	-	model1
98	-	model1
1	-	model1
-4	-	model1
99	-	model1
-7	-	model1
-3	-	model1
-327	+	model1
-253	+	model1
-71	+	model1
-1	+	model1
-65	+	model1
12	+	model1
-1	+	model1
-1	+	model1
-1	+	model1
209	+	model1
37	+	model1
1	+	model1
-42	+	model1
-42	+	model1
-42	+	model1
-42	+	model1
-42	+	model1
-42	+	model1
-33	+	model1
-33	+	model1
-33	+	model1
-33	+	model1
-33	+	model1
-33	+	model1
-22	+	model1
-112	+	model1
188	+	model1
1	-	model1
87	-	model1
-27	-	model1
-23	-	model1
52	-	model1
3	-	model1
3	-	model1
94	-	model1
-35	+	model1
-280	+	model1
-280	+	model1
-7	+	model1
13	+	model1
-1	+	model1
4	+	model1
0	+	model1
36	+	model1
-31	+	model1
-18	+	model1
-65	+	model1
-65	+	model1
-62	+	model1
7	-	model1
187	-	model1
187	-	model1
80	-	model1
2	-	model1
-65	-	model1
-65	-	model1
9	-	model1
209	-	model1
-84	-	model1
-11	-	model1
-147	+	model1
-8	+	model1
-4	+	model1
9	+	model1
2	+	model1
-1	+	model1
6	+	model1
-26	+	model1
-2	+	model1
0	+	model1
0	+	model1
0	+	model1
0	+	model1
7	+	model1
7	+	model1
10	+	model1
-7	+	model1
132	+	model1
112	+	model1
-16	+	model1
-16	+	model1
-114	+	model1
-170	+	model1
-148	+	model1
-9	+	model1
-12	+	model1
-25	+	model1
-112	+	model1
3	+	model1
-72	+	model1
254	+	model1
-150	+	model1
-62	+	model1
-34	+	model1
-20	-	model1
-20	-	model1
42	-	model1
36	-	model1
12	-	model1
24	-	model1
3	-	model1
142	-	model1
140	-	model1
-55	-	model1
-27	-	model1
-10	-	model1
108	-	model1
99	-	model1
203	-	model1
115	-	model1
147	-	model1
-55	-	model1
-29	-	model1
-2	-	model1
170	-	model1
-8	-	model1
-78	-	model1
-78	-	model1
-31	-	model1
-79	+	model1
-43	+	model1
-62	+	model1
-15	+	model1
-40	+	model1
-74	+	model1
57	+	model1
170	+	model1
-25	+	model1
3	+	model1
3	+	model1
-47	+	model1
-45	+	model1
74	-	model1
0	+	model1
6	+	model1
5	+	model1
-24	+	model1
-311	+	model1
-34	+	model1
26	-	model1
-1	-	model1
-58	+	model1
-56	+	model1
1	+	model1
1	+	model1
1	+	model1
1	+	model1
1	+	model1
8	+	model1
0	+	model1
21	-	model1
-4	+	model1
-2	+	model1
-13	+	model1
-41	+	model1
-41	+	model1
52	+	model1
-111	+	model1
-50	+	model1
116	+	model1
-36	+	model1
-149	+	model1
-81	+	model1
74	+	model1
12	+	model1
-111	+	model1
-111	+	model1
-111	+	model1
-111	+	model1
-111	+	model1
-111	+	model1
-111	+	model1
-111	+	model1
-111	+	model1
20	+	model1
-139	+	model1
19	+	model1
-57	+	model1
-11	-	model1
-3	-	model1
-30	-	model1
-33	-	model1
-18	-	model1
-32	-	model1
3	-	model1
26	-	model1
7	-	model1
5	-	model1
142	-	model1
154	-	model1
51	-	model1
184	-	model1
20	-	model1
107	-	model1
249	-	model1
-13	-	model1
51	-	model1
112	-	model1
47	-	model1
-16	-	model1
29	-	model1
41	-	model1
41	-	model1
141	-	model1
-25	+	model1
-92	+	model1
-105	+	model1
-105	+	model1
-105	+	model1
-105	+	model1
-105	+	model1
-105	+	model1
-105	+	model1
-105	+	model1
-105	+	model1
-75	+	model1
-75	+	model1
-55	+	model1
-55	+	model1
-55	+	model1
-55	+	model1
-81	+	model1
-239	+	model1
-239	+	model1
-239	+	model1
-134	+	model1
-134	+	model1
-33	-	model1
-36	+	model1
128	+	model1
128	+	model1
128	+	model1
4	+	model1
-132	+	model1
-132	+	model1
-25	+	model1
-80	+	model1
-80	+	model1
-33	+	model1
-33	+	model1
-22	+	model1
117	-	model1
5	+	model1
5	+	model1
-44	+	model1
-69	+	model1
1	+	model1
1	+	model1
2	+	model1
5	+	model1
8	+	model1
-2	+	model1
0	+	model1
-4	+	model1
-77	+	model1
-14	+	model1
-3	+	model1
-13	+	model1
-41	+	model1
0	+	model1
-50	+	model1
116	+	model1
-36	+	model1
-149	+	model1
-81	+	model1
74	+	model1
12	+	model1
-111	+	model1
-111	+	model1
-111	+	model1
-111	+	model1
-111	+	model1
-111	+	model1
20	+	model1
3	-	model1
79	+	model1
79	+	model1
19	+	model1
157	-	model1
-11	-	model1
-45	-	model1
-24	-	model1
-3	-	model1
-87	-	model1
-5	-	model1
-33	-	model1
-18	-	model1
7	-	model1
-22	-	model1
142	-	model1
138	-	model1
154	-	model1
51	-	model1
184	-	model1
20	-	model1
107	-	model1
249	-	model1
15	-	model1
51	-	model1
44	-	model1
125	-	model1
112	-	model1
-16	-	model1
29	-	model1
55	-	model1
-38	-	model1
-64	-	model1
34	-	model1
-107	+	model1
-107	+	model1
141	-	model1
-25	+	model1
-92	+	model1
-105	+	model1
-105	+	model1
-105	+	model1
-105	+	model1
-105	+	model1
-105	+	model1
-109	+	model1
-109	+	model1
-213	+	model1
-213	+	model1
-75	+	model1
-55	+	model1
-55	+	model1
-55	+	model1
-55	+	model1
-134	+	model1
-33	-	model1
128	+	model1
128	+	model1
-132	+	model1
-80	+	model1
-33	+	model1
-33	+	model1
35	+	model1
-22	+	model1
-1	+	model1
5	+	model1
5	+	model1
-75	+	model1
-44	+	model1
-69	+	model1
-2	-	model1
187	-	model1
2	-	model1
18	-	model1
0	+	model1
137	+	model1
1	+	model1
2	+	model1
-2	+	model1
0	+	model1
0	+	model1
10	+	model1
132	+	model1
112	+	model1
-16	+	model1
-170	+	model1
3	+	model1
-20	-	model1
-20	-	model1
42	-	model1
36	-	model1
-18	-	model1
140	-	model1
35	-	model1
108	-	model1
-55	-	model1
-2	-	model1
170	-	model1
-249	+	model1
57	+	model1
170	+	model1
-47	+	model1
-47	+	model1
-45	+	model1
6	+	model1
-46	-	model1
12	-	model1
5	-	model1
-81	+	model1
-81	+	model1
93	-	model1
-4	-	model1
3	-	model1
107	-	model1
107	-	model1
107	-	model1
107	-	model1
107	-	model1
107	-	model1
-16	-	model1
31	-	model1
39	-	model1
-22	-	model1
-22	-	model1
-22	-	model1
-1	-	model1
-1	-	model1
-1	-	model1
-1	-	model1
-1	-	model1
-1	-	model1
-1	-	model1
-246	+	model1
-246	+	model1
-82	+	model1
3	+	model1
32	+	model1
32	+	model1
-98	+	model1
-98	+	model1
5	+	model1
-14	+	model1
54	+	model1
31	-	model1
88	-	model1
87	-	model1
-82	+	model1
-85	+	model1
35	+	model1
-1	+	model1
-46	+	model1
-12	+	model1
-177	+	model1
-177	+	model1
0	+	model1
62	+	model1
-18	+	model1
-147	+	model1
111	-	model1
-5	-	model1
-4	-	model1
139	-	model1
-23	-	model1
22	-	model1
-20	-	model1
-20	-	model1
39	-	model1
84	-	model1
96	-	model1
92	-	model1
78	-	model1
55	-	model1
100	-	model1
-1	-	model1
-109	+	model1
-1	-	model1
-49	+	model1
-49	+	model1
-45	+	model1
2	+	model1
-3	+	model1
0	+	model1
-1	-	model1
-10	+	model1
-84	+	model1
-173	+	model1
11	+	model1
-151	+	model1
-351	-	model1
-61	-	model1
-324	-	model1
-101	-	model1
62	-	model1
62	-	model1
58	-	model1
46	-	model1
84	-	model1
45	-	model1
-3	-	model1
-3	-	model1
-3	-	model1
-31	-	model1
53	-	model1
29	-	model1
-13	-	model1
0	-	model1
-8	-	model1
75	-	model1
-48	+	model1
49	+	model1
-21	+	model1
-40	+	model1
-51	+	model1
5	+	model1
5	+	model1
-33	+	model1
-23	-	model1
6	-	model1
-43	-	model1
-19	-	model1
-32	+	model1
-103	+	model1
1	+	model1
1	+	model1
2	+	model1
2	+	model1
24	+	model1
12	+	model1
-11	-	model1
-5	-	model1
-5	-	model1
-18	-	model1
3	-	model1
51	-	model1
125	-	model1
112	-	model1
-16	-	model1
288	-	model1
288	-	model1
284	-	model1
284	-	model1
284	-	model1
141	-	model1
-75	+	model1
-134	+	model1
-132	+	model1
-1	+	model1
-69	+	model1
0	+	model1
-17	+	model1
66	+	model1
-83	+	model1
-68	+	model1
-50	+	model1
-1	+	model1
-1	+	model1
-12	+	model1
55	-	model1
88	-	model1
-27	-	model1
58	-	model1
133	-	model1
133	-	model1
-292	+	model1
-48	+	model1
36	+	model1
-180	+	model1
-180	+	model1
-18	+	model1
-65	+	model1
-65	+	model1
7	-	model1
187	-	model1
187	-	model1
2	-	model1
18	-	model1
-65	-	model1
-65	-	model1
209	-	model1
0	-	model1
18	-	model1
2	-	model1
-51	+	model1
-175	+	model1
-175	+	model1
-8	+	model1
-13	+	model1
-4	+	model1
3	+	model1
1	+	model1
4	+	model1
-15	+	model1
-15	+	model1
75	+	model1
75	+	model1
-29	+	model1
-117	+	model1
-12	-	model1
-12	-	model1
0	-	model1
-11	-	model1
-17	-	model1
-5	-	model1
29	-	model1
86	-	model1
-11	-	model1
44	-	model1
44	-	model1
-1	-	model1
0	+	model1
-164	+	model1
21	+	model1
4	+	model1
4	+	model1
-87	+	model1
-9	+	model1
-2	+	model1
27	+	model1
-9	+	model1
-78	+	model1
-229	+	model1
52	-	model1
-17	-	model1
148	-	model1
-86	-	model1
-22	-	model1
126	-	model1
172	-	model1
-27	+	model1
-78	-	model1
83	+	model1
-49	+	model1
-128	+	model1
-39	+	model1
-49	+	model1
-49	+	model1
-49	+	model1
5	+	model1
2	+	model1
-3	+	model1
0	+	model1
0	+	model1
0	+	model1
-10	+	model1
-106	+	model1
-116	+	model1
-55	+	model1
11	+	model1
-151	+	model1
91	-	model1
77	-	model1
-351	-	model1
-61	-	model1
-282	-	model1
-324	-	model1
-101	-	model1
28	-	model1
47	-	model1
62	-	model1
62	-	model1
38	-	model1
38	-	model1
58	-	model1
46	-	model1
-3	-	model1
-3	-	model1
-3	-	model1
-3	-	model1
-3	-	model1
-3	-	model1
-31	-	model1
2	-	model1
53	-	model1
29	-	model1
47	-	model1
0	-	model1
-8	-	model1
144	-	model1
-123	+	model1
75	-	model1
-1	-	model1
49	+	model1
-21	+	model1
-219	+	model1
26	-	model1
-51	+	model1
43	-	model1
348	-	model1
-1	-	model1
209	+	model1
0	+	model1
37	+	model1
1	+	model1
-21	+	model1
-34	+	model1
-42	+	model1
-42	+	model1
-4	+	model1
-33	+	model1
-33	+	model1
-33	+	model1
-33	+	model1
-22	+	model1
-160	+	model1
1	-	model1
-12	-	model1
-27	-	model1
-23	-	model1
-5	-	model1
-2	-	model1
-35	+	model1
-119	+	model1
-280	+	model1
-280	+	model1
-19	+	model1
-7	+	model1
6	+	model1
6	+	model1
-3	+	model1
-1	+	model1
4	+	model1
1	+	model1
3	+	model1
-46	+	model1
-12	+	model1
-7	+	model1
-7	+	model1
-177	+	model1
-33	+	model1
-18	+	model1
34	-	model1
139	-	model1
-18	+	model1
-2	-	model1
7	-	model1
187	-	model1
2	-	model1
18	-	model1
-65	-	model1
-148	-	model1
209	-	model1
18	-	model1
2	-	model1
-8	+	model1
37	+	model1
1	+	model1
5	+	model1
-21	+	model1
-34	+	model1
5	+	model1
-16	+	model1
61	+	model1
15	+	model1
15	+	model1
-42	+	model1
-42	+	model1
-42	+	model1
-42	+	model1
-3	+	model1
-33	+	model1
-33	+	model1
-33	+	model1
-33	+	model1
-43	+	model1
-22	+	model1
-112	+	model1
-115	+	model1
-112	+	model1
-73	+	model1
188	+	model1
-164	+	model1
1	-	model1
54	-	model1
7	-	model1
-12	-	model1
233	-	model1
3	-	model1
251	-	model1
251	-	model1
-27	-	model1
32	-	model1
-125	-	model1
63	-	model1
11	-	model1
-23	-	model1
77	-	model1
151	-	model1
151	-	model1
-5	-	model1
72	-	model1
32	-	model1
-17	+	model1
-128	+	model1
-130	+	model1
-2	-	model1
-1	+	model1
-91	+	model1
-56	+	model1
-35	+	model1
-215	+	model1
-280	+	model1
-280	+	model1
-193	+	model1
-19	+	model1
-2	-	model1
-7	+	model1
-22	+	model1
53	+	model1
-1	+	model1
4	+	model1
1	+	model1
-32	+	model1
-15	+	model1
-12	-	model1
-12	-	model1
-1	-	model1
-126	-	model1
0	+	model1
-1	+	model1
4	+	model1
2	+	model1
-23	-	model1
6	-	model1
-43	-	model1
-19	-	model1
-129	+	model1
2	+	model1
0	+	model1
0	+	model1
-20	+	model1
2	+	model1
5	+	model1
5	+	model1
29	+	model1
-118	+	model1
1	-	model1
-17	-	model1
12	-	model1
35	-	model1
228	-	model1
228	-	model1
-22	-	model1
2	-	model1
-71	-	model1
-71	-	model1
-14	-	model1
1	-	model1
-86	-	model1
-10	-	model1
-10	-	model1
88	-	model1
88	-	model1
88	-	model1
88	-	model1
48	-	model1
-19	-	model1
-19	-	model1
-19	-	model1
-19	-	model1
70	-	model1
70	-	model1
70	-	model1
70	-	model1
135	-	model1
-23	-	model1
-25	-	model1
-25	-	model1
-71	-	model1
94	-	model1
83	-	model1
83	-	model1
83	-	model1
-140	-	model1
-37	-	model1
-191	+	model1
14	+	model1
-1	+	model1
-115	+	model1
-91	+	model1
-53	+	model1
-53	+	model1
16	+	model1
5	+	model1
-2	+	model1
-46	+	model1
0	+	model1
-205	+	model1
1	+	model1
5	+	model1
32	+	model1
164	+	model1
8	+	model1
-168	+	model1
-1	-	model1
42	-	model1
-4	-	model1
41	-	model1
-206	-	model1
-336	-	model1
-380	-	model1
133	-	model1
133	-	model1
63	-	model1
63	-	model1
-39	-	model1
98	-	model1
98	-	model1
63	-	model1
109	-	model1
109	-	model1
107	-	model1
-342	-	model1
-342	-	model1
54	-	model1
99	-	model1
-7	-	model1
57	-	model1
-7	-	model1
-3	-	model1
-3	-	model1
-8	+	model1
-100	+	model1
-1	-	model1
-38	+	model1
-65	+	model1
12	+	model1
-1	+	model1
-9	-	model1
-20	+	model1
5	+	model1
9	+	model1
-118	+	model1
-39	+	model1
35	-	model1
88	-	model1
88	-	model1
88	-	model1
88	-	model1
48	-	model1
-19	-	model1
-19	-	model1
-19	-	model1
-19	-	model1
70	-	model1
70	-	model1
70	-	model1
70	-	model1
135	-	model1
-222	-	model1
-222	-	model1
-50	-	model1
83	-	model1
83	-	model1
-85	-	model1
-85	-	model1
-37	-	model1
-85	+	model1
-31	+	model1
-76	+	model1
-91	+	model1
-53	+	model1
-9	+	model1
-9	+	model1
0	+	model1
-205	+	model1
-205	+	model1
122	+	model1
-26	+	model1
-2	+	model1
0	+	model1
0	+	model1
0	+	model1
10	+	model1
112	+	model1
-16	+	model1
-148	+	model1
3	+	model1
-150	+	model1
-68	+	model1
-20	-	model1
-56	-	model1
42	-	model1
36	-	model1
47	-	model1
140	-	model1
-10	-	model1
108	-	model1
47	-	model1
-29	-	model1
-2	-	model1
32	-	model1
170	-	model1
-79	+	model1
-43	+	model1
-62	+	model1
-52	+	model1
-40	+	model1
57	+	model1
34	+	model1
-25	+	model1
3	+	model1
-47	+	model1
-45	+	model1
71	+	model1
6	+	model1
1	+	model1
-16	+	model1
53	+	model1
-106	+	model1
88	-	model1
-4	-	model1
-3	-	model1
-3	-	model1
-158	-	model1
-158	-	model1
-35	-	model1
-35	-	model1
40	-	model1
62	-	model1
-46	-	model1
-46	-	model1
-63	+	model1
21	+	model1
-1	+	model1
-108	+	model1
2	+	model1
-1	+	model1
69	+	model1
-72	+	model1
-1	+	model1
-13	+	model1
-32	+	model1
6	+	model1
-12	+	model1
6	+	model1
122	+	model1
-26	+	model1
-2	+	model1
0	+	model1
0	+	model1
0	+	model1
0	+	model1
7	+	model1
38	+	model1
7	+	model1
10	+	model1
-7	+	model1
-83	+	model1
132	+	model1
112	+	model1
-16	+	model1
-16	+	model1
-114	+	model1
-170	+	model1
-148	+	model1
-148	+	model1
-9	+	model1
-12	+	model1
-190	+	model1
-190	+	model1
-108	+	model1
-25	+	model1
-82	+	model1
-70	+	model1
3	+	model1
-72	+	model1
88	+	model1
254	+	model1
80	+	model1
-62	+	model1
-62	+	model1
-34	+	model1
99	-	model1
-20	-	model1
-20	-	model1
-56	-	model1
-75	-	model1
-114	-	model1
42	-	model1
36	-	model1
12	-	model1
-13	-	model1
47	-	model1
3	-	model1
110	-	model1
142	-	model1
98	-	model1
140	-	model1
-13	-	model1
32	-	model1
-10	-	model1
108	-	model1
99	-	model1
-52	-	model1
47	-	model1
203	-	model1
4	-	model1
115	-	model1
147	-	model1
-55	-	model1
110	-	model1
-29	-	model1
-2	-	model1
170	-	model1
-8	-	model1
-25	-	model1
-78	-	model1
-31	-	model1
-79	+	model1
-79	+	model1
-43	+	model1
-24	+	model1
-62	+	model1
-62	+	model1
-249	+	model1
-52	+	model1
-40	+	model1
-74	+	model1
-74	+	model1
17	+	model1
-35	+	model1
-24	+	model1
-8	+	model1
57	+	model1
58	+	model1
170	+	model1
-25	+	model1
3	+	model1
3	+	model1
-47	+	model1
-47	+	model1
-45	+	model1
74	-	model1
-102	+	model1
-14	+	model1
43	-	model1
-1	+	model1
0	+	model1
6	+	model1
2	+	model1
-81	+	model1
41	-	model1
107	-	model1
107	-	model1
107	-	model1
107	-	model1
107	-	model1
107	-	model1
-25	-	model1
45	-	model1
4	-	model1
-16	-	model1
-69	-	model1
-55	-	model1
2	-	model1
72	-	model1
-22	-	model1
-22	-	model1
-22	-	model1
-1	-	model1
-1	-	model1
-1	-	model1
-1	-	model1
-1	-	model1
0	-	model1
-167	+	model1
-144	+	model1
-82	+	model1
4	+	model1
117	+	model1
117	+	model1
32	+	model1
32	+	model1
-98	+	model1
-98	+	model1
5	+	model1
-49	+	model1
-49	+	model1
0	+	model1
-45	+	model1
2	+	model1
0	+	model1
-10	+	model1
-84	+	model1
-84	+	model1
-9	+	model1
-151	+	model1
47	-	model1
58	-	model1
46	-	model1
16	-	model1
-3	-	model1
-3	-	model1
-3	-	model1
2	-	model1
29	-	model1
0	-	model1
-123	+	model1
-123	+	model1
-12	+	model1
-219	+	model1
-51	+	model1
1	+	model1
22	+	model1
-6	+	model1
3	+	model1
-25	-	model1
1	-	model1
-66	-	model1
63	-	model1
161	-	model1
17	-	model1
17	-	model1
57	-	model1
-15	-	model1
-156	+	model1
-46	+	model1
-170	+	model1
-2	+	model1
-2	+	model1
-12	-	model1
-12	-	model1
32	-	model1
32	-	model1
-224	+	model1
-86	+	model1
-11	-	model1
-7	-	model1
-5	-	model1
-49	-	model1
-19	-	model1
-162	-	model1
-15	-	model1
-27	-	model1
-9	-	model1
-32	-	model1
32	-	model1
0	-	model1
21	-	model1
-99	-	model1
-26	-	model1
-255	-	model1
-29	-	model1
-18	-	model1
-38	-	model1
-6	-	model1
142	-	model1
-191	-	model1
111	-	model1
52	-	model1
-17	-	model1
15	-	model1
-2	-	model1
-52	+	model1
91	-	model1
91	-	model1
2	+	model1
5	+	model1
54	+	model1
54	+	model1
171	-	model1
127	-	model1
-10	-	model1
88	-	model1
87	-	model1
-208	+	model1
-208	+	model1
-82	+	model1
-98	+	model1
-98	+	model1
93	+	model1
1	+	model1
38	+	model1
-15	-	model1
-26	-	model1
-46	-	model1
-146	+	model1
-24	-	model1
-27	-	model1
21	+	model1
-33	+	model1
-82	+	model1
31	-	model1
-9	-	model1
-53	+	model1
-31	+	model1
-28	-	model1
41	-	model1
73	-	model1
73	-	model1
66	-	model1
2	-	model1
33	-	model1
15	-	model1
-28	-	model1
-29	-	model1
-38	-	model1
-24	-	model1
-86	-	model1
-1	-	model1
1	-	model1
-1	-	model1
-8	-	model1
-2	+	model1
-88	-	model1
-116	+	model1
-1	-	model1
-152	+	model1
-233	+	model1
-98	+	model1
-175	+	model1
-72	+	model1
15	+	model1
-49	+	model1
-84	+	model1
12	+	model1
12	+	model1
-12	+	model1
-30	+	model1
-108	+	model1
4	+	model1
-48	+	model1
-192	+	model1
54	-	model1
167	-	model1
32	-	model1
-36	-	model1
-36	-	model1
-36	-	model1
-91	-	model1
156	-	model1
-5	-	model1
-5	-	model1
-5	-	model1
-5	-	model1
32	-	model1
120	-	model1
4	-	model1
81	-	model1
72	-	model1
50	-	model1
0	-	model1
49	-	model1
4	-	model1
-11	-	model1
96	-	model1
20	-	model1
-123	+	model1
-85	+	model1
-13	+	model1
-184	+	model1
-39	+	model1
-3	+	model1
3	+	model1
3	+	model1
2	+	model1
1	+	model1
1	+	model1
0	+	model1
72	+	model1
-17	+	model1
66	+	model1
-46	+	model1
-64	+	model1
-68	+	model1
-50	+	model1
-189	+	model1
-189	+	model1
-1	+	model1
-12	+	model1
108	-	model1
-34	+	model1
146	-	model1
28	-	model1
26	-	model1
88	-	model1
82	-	model1
-27	-	model1
73	-	model1
-3	-	model1
250	-	model1
-64	+	model1
-292	+	model1
-186	+	model1
-91	+	model1
-19	+	model1
-19	+	model1
123	+	model1
1	+	model1
1	+	model1
2	+	model1
0	+	model1
46	+	model1
-62	+	model1
-62	+	model1
-17	+	model1
-53	+	model1
66	+	model1
-46	+	model1
-47	+	model1
-46	+	model1
-16	+	model1
-83	+	model1
70	+	model1
-64	+	model1
-68	+	model1
-12	+	model1
-50	+	model1
-10	+	model1
-179	+	model1
-189	+	model1
-189	+	model1
-1	+	model1
-247	+	model1
-56	+	model1
-12	+	model1
-14	-	model1
24	-	model1
108	-	model1
108	-	model1
-34	+	model1
-21	-	model1
168	-	model1
-70	-	model1
223	-	model1
146	-	model1
-7	-	model1
-7	-	model1
-8	-	model1
182	-	model1
182	-	model1
100	-	model1
107	-	model1
-6	-	model1
40	-	model1
18	-	model1
28	-	model1
28	-	model1
78	-	model1
55	-	model1
-22	-	model1
26	-	model1
88	-	model1
-4	-	model1
82	-	model1
169	-	model1
-27	-	model1
-3	-	model1
100	-	model1
48	-	model1
58	-	model1
250	-	model1
-62	-	model1
32	-	model1
-64	+	model1
-191	+	model1
-184	+	model1
-292	+	model1
-186	+	model1
-55	+	model1
-91	+	model1
-72	+	model1
-61	+	model1
-142	+	model1
-11	+	model1
-11	+	model1
61	+	model1
22	+	model1
24	+	model1
-3	+	model1
15	+	model1
123	+	model1
-30	+	model1
72	+	model1
3	+	model1
1	-	model1
-66	-	model1
63	-	model1
19	-	model1
-156	+	model1
-170	+	model1
2	+	model1
-1	+	model1
6	+	model1
6	+	model1
-2	+	model1
0	+	model1
0	+	model1
7	+	model1
10	+	model1
-7	+	model1
132	+	model1
112	+	model1
-16	+	model1
-170	+	model1
-9	+	model1
-12	+	model1
-71	+	model1
-203	+	model1
3	+	model1
254	+	model1
-34	+	model1
-107	+	model1
-20	-	model1
-20	-	model1
-56	-	model1
13	-	model1
42	-	model1
36	-	model1
-13	-	model1
140	-	model1
-10	-	model1
108	-	model1
-10	-	model1
-10	-	model1
47	-	model1
4	-	model1
110	-	model1
-29	-	model1
-2	-	model1
32	-	model1
170	-	model1
-11	-	model1
-78	-	model1
-62	+	model1
-249	+	model1
-52	+	model1
-40	+	model1
-262	+	model1
-24	+	model1
57	+	model1
170	+	model1
-47	+	model1
-45	+	model1
74	-	model1
-102	+	model1
3	+	model1
6	+	model1
-13	+	model1
43	+	model1
-36	+	model1
-62	+	model1
195	-	model1
46	-	model1
11	-	model1
2	-	model1
27	-	model1
28	-	model1
51	-	model1
125	-	model1
99	-	model1
99	-	model1
5	-	model1
67	-	model1
-15	-	model1
47	-	model1
-6	+	model1
-20	+	model1
-36	+	model1
-1	+	model1
4	+	model1
-33	+	model1
2	+	model1
-140	+	model1
-11	-	model1
163	-	model1
2	-	model1
33	-	model1
25	-	model1
-29	-	model1
-38	-	model1
-1	-	model1
-1	-	model1
91	-	model1
-2	+	model1
-88	-	model1
-98	+	model1
-44	+	model1
44	+	model1
3	+	model1
-134	+	model1
35	+	model1
3	+	model1
-1	+	model1
-12	+	model1
-177	+	model1
-18	+	model1
-20	-	model1
111	-	model1
-5	-	model1
-4	-	model1
-1	-	model1
-1	-	model1
5	+	model1
-87	+	model1
-2	+	model1
-9	+	model1
106	+	model1
-78	+	model1
-229	+	model1
52	-	model1
-17	-	model1
-17	-	model1
148	-	model1
231	-	model1
-86	-	model1
-86	-	model1
-86	-	model1
-86	-	model1
-86	-	model1
-86	-	model1
-22	-	model1
-4	-	model1
-1	-	model1
-27	+	model1
-139	+	model1
-78	-	model1
83	+	model1
1	+	model1
-85	+	model1
35	+	model1
3	+	model1
-3	+	model1
1	+	model1
37	+	model1
-1	+	model1
195	+	model1
14	+	model1
14	+	model1
-12	+	model1
-177	+	model1
-177	+	model1
-18	+	model1
-147	+	model1
-57	+	model1
5	+	model1
12	-	model1
12	-	model1
-20	-	model1
111	-	model1
-5	-	model1
-5	-	model1
-4	-	model1
-56	-	model1
139	-	model1
-23	-	model1
104	-	model1
21	-	model1
-8	-	model1
96	-	model1
41	-	model1
-3	-	model1
55	-	model1
43	-	model1
27	-	model1
129	-	model1
121	-	model1
100	-	model1
-36	-	model1
-1	-	model1
5	+	model1
5	+	model1
-109	+	model1
162	+	model1
131	+	model1
-54	+	model1
-1	-	model1
-1	-	model1
187	+	model1
3	+	model1
1	+	model1
-15	+	model1
-15	+	model1
205	+	model1
205	+	model1
205	+	model1
-29	+	model1
-11	-	model1
-12	-	model1
-12	-	model1
-5	-	model1
29	-	model1
86	-	model1
44	-	model1
-1	-	model1
0	+	model1
-164	+	model1
4	+	model1
4	+	model1
-53	+	model1
2	+	model1
15	+	model1
-83	+	model1
-32	+	model1
-84	+	model1
-30	+	model1
167	-	model1
-36	-	model1
-36	-	model1
-36	-	model1
-5	-	model1
0	-	model1
0	-	model1
20	-	model1
-26	-	model1
-16	+	model1
-27	+	model1
-86	+	model1
-11	-	model1
-7	-	model1
-5	-	model1
-49	-	model1
-19	-	model1
-162	-	model1
-15	-	model1
-9	-	model1
-32	-	model1
62	-	model1
-99	-	model1
-255	-	model1
111	-	model1
52	-	model1
-2	-	model1
-1	-	model1
30	+	model1
-7	+	model1
-52	+	model1
5	+	model1
91	-	model1
91	-	model1
3	+	model1
41	+	model1
41	+	model1
15	+	model1
0	+	model1
0	+	model1
12	+	model1
12	+	model1
-192	+	model1
54	-	model1
167	-	model1
-36	-	model1
-36	-	model1
14	-	model1
32	-	model1
4	-	model1
50	-	model1
0	-	model1
0	-	model1
20	-	model1
99	-	model1
-123	+	model1
-47	+	model1
-13	+	model1
2	+	model1
-39	+	model1
-3	+	model1
-77	+	model1
17	+	model1
19	+	model1
2	+	model1
1	+	model1
0	+	model1
3	+	model1
1	+	model1
-15	+	model1
-15	+	model1
-55	+	model1
75	+	model1
75	+	model1
17	+	model1
-29	+	model1
-13	+	model1
-88	+	model1
-69	+	model1
-6	+	model1
-76	+	model1
-11	-	model1
18	-	model1
-12	-	model1
-12	-	model1
0	-	model1
46	-	model1
42	-	model1
-11	-	model1
174	-	model1
62	-	model1
22	-	model1
-17	-	model1
10	-	model1
-5	-	model1
29	-	model1
29	-	model1
86	-	model1
86	-	model1
7	-	model1
94	-	model1
44	-	model1
1	-	model1
-125	+	model1
-1	-	model1
0	+	model1
-25	+	model1
-25	+	model1
-164	+	model1
-51	+	model1
-62	+	model1
-158	+	model1
21	+	model1
7	+	model1
4	+	model1
4	+	model1
-53	+	model1
-20	+	model1
2	+	model1
9	+	model1
-118	+	model1
15	-	model1
12	-	model1
75	-	model1
35	-	model1
39	-	model1
-22	-	model1
-14	-	model1
-86	-	model1
88	-	model1
88	-	model1
88	-	model1
88	-	model1
-19	-	model1
-19	-	model1
-19	-	model1
-19	-	model1
70	-	model1
70	-	model1
70	-	model1
70	-	model1
135	-	model1
-16	-	model1
-140	-	model1
-37	-	model1
14	+	model1
-1	+	model1
-53	+	model1
16	+	model1
0	+	model1
-205	+	model1
-56	+	model1
-56	+	model1
-42	+	model1
-42	+	model1
-6	-	model1
-19	-	model1
-155	-	model1
53	-	model1
53	-	model1
69	-	model1
158	-	model1
86	-	model1
-28	+	model1
-44	+	model1
-93	+	model1
-93	+	model1
-311	+	model1
43	-	model1
67	-	model1
67	-	model1
348	-	model1
-1	-	model1
-104	+	model1
-58	+	model1
-56	+	model1
0	+	model1
37	+	model1
1	+	model1
-34	+	model1
-16	+	model1
-42	+	model1
-42	+	model1
-42	+	model1
-42	+	model1
-4	+	model1
-33	+	model1
-33	+	model1
-33	+	model1
-33	+	model1
-33	+	model1
-33	+	model1
-22	+	model1
-112	+	model1
-112	+	model1
1	-	model1
54	-	model1
3	-	model1
-27	-	model1
27	-	model1
58	-	model1
-23	-	model1
-56	+	model1
-76	+	model1
-76	+	model1
-35	+	model1
-119	+	model1
-280	+	model1
-280	+	model1
-72	+	model1
-7	+	model1
-1	+	model1
4	+	model1
4	+	model1
1	+	model1
5	+	model1
32	+	model1
-39	+	model1
164	+	model1
-1	+	model1
59	+	model1
-26	+	model1
8	+	model1
159	+	model1
107	+	model1
27	+	model1
-168	+	model1
-74	+	model1
-57	+	model1
-6	+	model1
-1	-	model1
26	-	model1
26	-	model1
26	-	model1
26	-	model1
26	-	model1
26	-	model1
-12	-	model1
76	-	model1
76	-	model1
42	-	model1
-4	-	model1
41	-	model1
-206	-	model1
-336	-	model1
-380	-	model1
133	-	model1
133	-	model1
-39	-	model1
98	-	model1
98	-	model1
98	-	model1
98	-	model1
7	-	model1
0	-	model1
-4	-	model1
63	-	model1
23	-	model1
150	-	model1
167	-	model1
107	-	model1
107	-	model1
11	-	model1
54	-	model1
146	-	model1
99	-	model1
99	-	model1
-64	-	model1
-4	-	model1
-4	-	model1
-7	-	model1
-2	-	model1
-3	-	model1
-3	-	model1
85	-	model1
-327	+	model1
-8	+	model1
-8	+	model1
-8	+	model1
-2	-	model1
-253	+	model1
-100	+	model1
82	-	model1
-1	-	model1
35	+	model1
38	+	model1
-112	+	model1
-38	+	model1
13	+	model1
-1	+	model1
-65	+	model1
12	+	model1
-1	+	model1
-9	-	model1
2	+	model1
2	+	model1
0	+	model1
0	+	model1
-20	+	model1
2	+	model1
5	+	model1
154	+	model1
0	+	model1
29	+	model1
-118	+	model1
-118	+	model1
-118	+	model1
-145	+	model1
-87	+	model1
1	-	model1
1	-	model1
-17	-	model1
10	-	model1
-16	-	model1
-13	-	model1
12	-	model1
75	-	model1
75	-	model1
35	-	model1
228	-	model1
228	-	model1
228	-	model1
228	-	model1
39	-	model1
39	-	model1
-22	-	model1
2	-	model1
-71	-	model1
-71	-	model1
-14	-	model1
1	-	model1
-86	-	model1
-245	-	model1
-245	-	model1
-10	-	model1
-10	-	model1
88	-	model1
88	-	model1
88	-	model1
88	-	model1
48	-	model1
-19	-	model1
-19	-	model1
-19	-	model1
-19	-	model1
70	-	model1
70	-	model1
70	-	model1
70	-	model1
-62	-	model1
-62	-	model1
135	-	model1
134	-	model1
134	-	model1
96	-	model1
96	-	model1
96	-	model1
96	-	model1
-30	-	model1
-23	-	model1
-23	-	model1
-16	-	model1
36	-	model1
90	-	model1
97	-	model1
97	-	model1
97	-	model1
97	-	model1
97	-	model1
-25	-	model1
18	-	model1
-71	-	model1
94	-	model1
94	-	model1
83	-	model1
83	-	model1
83	-	model1
-140	-	model1
-7	-	model1
21	-	model1
-37	-	model1
91	-	model1
-48	-	model1
-48	-	model1
-191	+	model1
-1	+	model1
-192	+	model1
-10	+	model1
-115	+	model1
-91	+	model1
-53	+	model1
-53	+	model1
-23	+	model1
-23	+	model1
-18	+	model1
-18	+	model1
-22	+	model1
-22	+	model1
16	+	model1
5	+	model1
-31	+	model1
-2	+	model1
-46	+	model1
0	+	model1
-205	+	model1
-205	+	model1
-1	+	model1
5	+	model1
-46	+	model1
-42	+	model1
54	+	model1
-10	-	model1
26	-	model1
88	-	model1
87	-	model1
-2	+	model1
-27	+	model1
-63	-	model1
231	-	model1
231	-	model1
-86	-	model1
-86	-	model1
-27	+	model1
-126	+	model1
83	+	model1
1	+	model1
-85	+	model1
35	+	model1
37	+	model1
-179	+	model1
-1	+	model1
-12	+	model1
-177	+	model1
-177	+	model1
-18	+	model1
65	-	model1
-5	-	model1
-5	-	model1
-4	-	model1
100	-	model1
-1	-	model1
-22	+	model1
-54	+	model1
-1	-	model1
-1	-	model1
1	+	model1
-6	+	model1
3	+	model1
-25	-	model1
7	-	model1
5	-	model1
32	-	model1
39	-	model1
63	-	model1
73	-	model1
-95	-	model1
17	-	model1
-5	-	model1
-156	+	model1
-65	+	model1
-65	+	model1
-23	-	model1
6	-	model1
55	-	model1
-43	-	model1
-32	+	model1
-81	+	model1
-81	+	model1
60	-	model1
107	-	model1
107	-	model1
107	-	model1
107	-	model1
107	-	model1
107	-	model1
-25	-	model1
4	-	model1
-16	-	model1
8	-	model1
-55	-	model1
2	-	model1
63	-	model1
72	-	model1
-22	-	model1
-22	-	model1
-22	-	model1
-1	-	model1
-1	-	model1
-1	-	model1
-1	-	model1
-1	-	model1
176	+	model1
-167	+	model1
-144	+	model1
-82	+	model1
117	+	model1
117	+	model1
-98	+	model1
5	+	model1
-13	+	model1
62	+	model1
43	+	model1
-26	+	model1
-26	+	model1
11	-	model1
99	-	model1
99	-	model1
67	-	model1
-6	+	model1
-209	+	model1
-1	+	model1
4	+	model1
-33	+	model1
2	+	model1
0	+	model1
46	+	model1
-62	+	model1
-62	+	model1
-17	+	model1
66	+	model1
-46	+	model1
-68	+	model1
-12	+	model1
-50	+	model1
-119	+	model1
-1	+	model1
-12	+	model1
97	+	model1
-14	-	model1
108	-	model1
108	-	model1
-70	-	model1
146	-	model1
182	-	model1
182	-	model1
50	-	model1
100	-	model1
28	-	model1
28	-	model1
55	-	model1
207	-	model1
26	-	model1
88	-	model1
82	-	model1
169	-	model1
-27	-	model1
73	-	model1
-3	-	model1
-3	-	model1
72	-	model1
58	-	model1
58	-	model1
250	-	model1
-64	+	model1
-292	+	model1
-68	+	model1
-11	+	model1
-11	+	model1
6	+	model1
0	+	model1
2	+	model1
-49	+	model1
-49	+	model1
5	+	model1
2	+	model1
-3	+	model1
0	+	model1
-1	-	model1
-4	+	model1
-35	+	model1
27	+	model1
-10	+	model1
-47	+	model1
-129	+	model1
-148	+	model1
-106	+	model1
-30	+	model1
-30	+	model1
-30	+	model1
-30	+	model1
-30	+	model1
-30	+	model1
-30	+	model1
-30	+	model1
-30	+	model1
-30	+	model1
-30	+	model1
-30	+	model1
-30	+	model1
-30	+	model1
-30	+	model1
-74	+	model1
-55	+	model1
-55	+	model1
-55	+	model1
-132	+	model1
11	+	model1
-121	+	model1
-24	-	model1
77	-	model1
263	-	model1
-351	-	model1
-61	-	model1
-282	-	model1
-324	-	model1
-101	-	model1
28	-	model1
23	-	model1
23	-	model1
47	-	model1
62	-	model1
62	-	model1
38	-	model1
58	-	model1
46	-	model1
79	-	model1
274	-	model1
84	-	model1
58	-	model1
30	-	model1
235	-	model1
98	-	model1
-3	-	model1
-3	-	model1
-3	-	model1
34	-	model1
9	-	model1
-31	-	model1
2	-	model1
-82	-	model1
29	-	model1
-13	-	model1
-47	-	model1
146	-	model1
47	-	model1
-8	-	model1
144	-	model1
1	-	model1
-123	+	model1
-87	+	model1
75	-	model1
-31	+	model1
-149	+	model1
-74	+	model1
14	+	model1
-121	+	model1
-21	+	model1
52	+	model1
52	+	model1
52	+	model1
52	+	model1
52	+	model1
52	+	model1
52	+	model1
52	+	model1
52	+	model1
52	+	model1
52	+	model1
52	+	model1
52	+	model1
52	+	model1
52	+	model1
-219	+	model1
11	+	model1
-51	+	model1
-82	+	model1
25	-	model1
41	-	model1
-17	-	model1
2	-	model1
33	-	model1
-28	-	model1
-29	-	model1
-38	-	model1
-86	-	model1
-1	-	model1
-1	-	model1
-8	-	model1
-2	+	model1
-88	-	model1
-234	+	model1
-98	+	model1
-44	+	model1
-166	+	model1
1	+	model1
-86	+	model1
-11	-	model1
-5	-	model1
-49	-	model1
-9	-	model1
-32	-	model1
0	-	model1
21	-	model1
-99	-	model1
9	-	model1
-26	-	model1
-255	-	model1
2	-	model1
-38	-	model1
-191	-	model1
-6	-	model1
52	-	model1
-17	-	model1
15	-	model1
-2	-	model1
-190	+	model1
7	+	model1
1	+	model1
1	+	model1
1	+	model1
1	+	model1
5	+	model1
0	+	model1
-4	+	model1
-3	+	model1
-13	+	model1
-41	+	model1
-41	+	model1
-134	+	model1
-50	+	model1
-36	+	model1
-149	+	model1
-81	+	model1
12	+	model1
-111	+	model1
-111	+	model1
-111	+	model1
20	+	model1
19	+	model1
-57	+	model1
65	-	model1
-11	-	model1
-24	-	model1
-3	-	model1
-18	-	model1
3	-	model1
142	-	model1
154	-	model1
51	-	model1
184	-	model1
20	-	model1
107	-	model1
249	-	model1
51	-	model1
44	-	model1
-21	-	model1
125	-	model1
112	-	model1
-88	-	model1
-16	-	model1
29	-	model1
55	-	model1
288	-	model1
-38	-	model1
284	-	model1
284	-	model1
141	-	model1
-25	+	model1
-92	+	model1
-105	+	model1
-105	+	model1
-105	+	model1
-105	+	model1
-105	+	model1
-105	+	model1
-75	+	model1
-11	+	model1
-11	+	model1
-65	+	model1
-134	+	model1
-33	-	model1
128	+	model1
4	+	model1
-132	+	model1
-25	+	model1
-80	+	model1
-33	+	model1
-33	+	model1
35	+	model1
18	+	model1
5	+	model1
8	+	model1
-75	+	model1
-44	+	model1
-69	+	model1
3	+	model1
1	+	model1
-15	+	model1
-15	+	model1
75	+	model1
75	+	model1
-163	+	model1
-12	-	model1
-12	-	model1
-11	-	model1
10	-	model1
29	-	model1
86	-	model1
-11	-	model1
44	-	model1
-1	-	model1
0	+	model1
-164	+	model1
26	+	model1
21	+	model1
4	+	model1
4	+	model1
54	+	model1
2	+	model1
1	+	model1
53	+	model1
-106	+	model1
-2	+	model1
-105	+	model1
-15	-	model1
-4	-	model1
52	-	model1
-158	-	model1
-26	-	model1
-6	-	model1
71	-	model1
7	-	model1
252	+	model1
-46	-	model1
-63	+	model1
-73	+	model1
-241	+	model1
21	+	model1
-108	+	model1
6	+	model1
6	+	model1
5	+	model1
-69	+	model1
-311	+	model1
123	-	model1
26	-	model1
-1	-	model1
-56	+	model1
-92	+	model1
-92	+	model1
-79	+	model1
-87	+	model1
27	+	model1
-229	+	model1
-17	-	model1
-63	-	model1
-86	-	model1
-86	-	model1
-86	-	model1
-86	-	model1
206	-	model1
99	-	model1
48	-	model1
-27	+	model1
-126	+	model1
-83	+	model1
0	+	model1
36	+	model1
-18	+	model1
-65	+	model1
-65	+	model1
7	-	model1
187	-	model1
2	-	model1
38	-	model1
18	-	model1
17	-	model1
-65	-	model1
-65	-	model1
53	-	model1
114	-	model1
209	-	model1
18	-	model1
-147	+	model1
-175	+	model1
10	+	model1
-292	+	model1
-292	+	model1
40	+	model1
-13	+	model1
-13	+	model1
-4	+	model1
9	+	model1
0	+	model1
0	+	model1
-20	+	model1
2	+	model1
-118	+	model1
-56	+	model1
-56	+	model1
-87	+	model1
-17	-	model1
64	-	model1
12	-	model1
35	-	model1
228	-	model1
228	-	model1
-22	-	model1
2	-	model1
-86	-	model1
-10	-	model1
-10	-	model1
48	-	model1
-19	-	model1
-19	-	model1
-19	-	model1
-19	-	model1
70	-	model1
70	-	model1
70	-	model1
70	-	model1
135	-	model1
-16	-	model1
77	-	model1
18	-	model1
83	-	model1
83	-	model1
83	-	model1
-85	-	model1
-85	-	model1
-37	-	model1
14	+	model1
-1	+	model1
-91	+	model1
-53	+	model1
-53	+	model1
-9	+	model1
-9	+	model1
0	+	model1
-205	+	model1
1	+	model1
32	+	model1
6	+	model1
-74	+	model1
-74	+	model1
-336	-	model1
-336	-	model1
-380	-	model1
133	-	model1
133	-	model1
98	-	model1
-4	-	model1
-3	-	model1
-8	+	model1
-8	+	model1
-8	+	model1
-71	+	model1
-38	+	model1
-65	+	model1
12	+	model1
-1	+	model1
-2	+	model1
-6	+	model1
3	+	model1
-93	+	model1
-18	-	model1
-25	-	model1
1	-	model1
7	-	model1
40	-	model1
5	-	model1
32	-	model1
0	-	model1
0	-	model1
63	-	model1
161	-	model1
30	-	model1
-17	-	model1
44	-	model1
44	-	model1
54	-	model1
-18	-	model1
-78	-	model1
-95	-	model1
17	-	model1
17	-	model1
-5	-	model1
245	-	model1
57	-	model1
-9	-	model1
-156	+	model1
-156	+	model1
-46	+	model1
-170	+	model1
-97	+	model1
-43	+	model1
6	+	model1
-33	+	model1
-82	+	model1
200	+	model1
200	+	model1
-53	+	model1
-31	+	model1
12	-	model1
25	-	model1
64	-	model1
41	-	model1
-29	-	model1
66	-	model1
2	-	model1
-14	-	model1
33	-	model1
9	-	model1
65	-	model1
-28	-	model1
144	-	model1
-10	-	model1
-29	-	model1
-38	-	model1
-24	-	model1
-86	-	model1
-1	-	model1
1	-	model1
-1	-	model1
-8	-	model1
-2	+	model1
-88	-	model1
-116	+	model1
-152	+	model1
-233	+	model1
30	+	model1
-98	+	model1
-25	+	model1
3	+	model1
-30	+	model1
-13	+	model1
43	+	model1
-62	+	model1
195	-	model1
46	-	model1
11	-	model1
2	-	model1
51	-	model1
99	-	model1
5	-	model1
67	-	model1
-15	-	model1
-36	+	model1
-1	+	model1
4	+	model1
4	+	model1
-33	+	model1
2	+	model1
1	+	model1
-15	+	model1
-61	+	model1
-69	+	model1
-79	+	model1
39	-	model1
-197	-	model1
-80	-	model1
-4	-	model1
46	-	model1
46	-	model1
-158	-	model1
-46	-	model1
-146	+	model1
21	+	model1
-2	-	model1
187	-	model1
2	-	model1
18	-	model1
0	+	model1
1	+	model1
1	+	model1
0	+	model1
-17	+	model1
66	+	model1
-46	+	model1
-46	+	model1
-83	+	model1
70	+	model1
-31	-	model1
-68	+	model1
75	+	model1
-121	+	model1
-50	+	model1
-75	+	model1
-189	+	model1
-189	+	model1
-1	+	model1
-247	+	model1
-12	+	model1
-14	-	model1
108	-	model1
108	-	model1
205	-	model1
-21	-	model1
146	-	model1
-7	-	model1
-8	-	model1
182	-	model1
182	-	model1
28	-	model1
28	-	model1
55	-	model1
-22	-	model1
26	-	model1
88	-	model1
82	-	model1
-27	-	model1
-3	-	model1
100	-	model1
48	-	model1
58	-	model1
250	-	model1
-64	+	model1
-191	+	model1
-292	+	model1
13	+	model1
-61	+	model1
-11	+	model1
-11	+	model1
-19	+	model1
-19	+	model1
24	+	model1
123	+	model1
-30	+	model1
-15	+	model1
-56	+	model1
-33	+	model1
-26	+	model1
-53	+	model1
-27	+	model1
-25	+	model1
-140	+	model1
-31	+	model1
127	-	model1
25	-	model1
-28	-	model1
41	-	model1
-29	-	model1
98	-	model1
2	-	model1
33	-	model1
65	-	model1
144	-	model1
-5	-	model1
-5	-	model1
-29	-	model1
-16	-	model1
34	-	model1
-2	-	model1
-2	-	model1
-24	-	model1
-86	-	model1
-86	-	model1
-1	-	model1
-1	-	model1
-8	-	model1
-2	+	model1
-88	-	model1
-116	+	model1
-152	+	model1
-233	+	model1
32	+	model1
30	+	model1
-98	+	model1
-83	+	model1
-44	+	model1
44	+	model1
-166	+	model1
3	+	model1
-134	+	model1
30	+	model1
-86	+	model1
-11	-	model1
33	-	model1
-7	-	model1
-5	-	model1
-49	-	model1
-162	-	model1
-15	-	model1
-9	-	model1
32	-	model1
-99	-	model1
-255	-	model1
142	-	model1
52	-	model1
-2	-	model1
-57	+	model1
91	-	model1
91	-	model1
-46	-	model1
-23	-	model1
6	-	model1
204	-	model1
204	-	model1
-114	-	model1
-114	-	model1
12	-	model1
-23	+	model1
-22	+	model1
1	+	model1
28	+	model1
-6	+	model1
3	+	model1
-18	-	model1
-18	-	model1
117	+	model1
117	+	model1
-293	+	model1
-25	-	model1
1	-	model1
28	-	model1
-20	-	model1
-66	-	model1
32	-	model1
77	-	model1
63	-	model1
-9	-	model1
4	-	model1
54	-	model1
4	-	model1
-95	-	model1
-5	-	model1
315	-	model1
-15	-	model1
-156	+	model1
-156	+	model1
-170	+	model1
-81	+	model1
39	-	model1
41	-	model1
107	-	model1
107	-	model1
107	-	model1
107	-	model1
107	-	model1
107	-	model1
45	-	model1
72	-	model1
-22	-	model1
-22	-	model1
-22	-	model1
-1	-	model1
-1	-	model1
-1	-	model1
-1	-	model1
-1	-	model1
-82	+	model1
6	+	model1
3	+	model1
32	+	model1
-98	+	model1
5	+	model1
-6	+	model1
-56	+	model1
-56	+	model1
-46	+	model1
-46	+	model1
-42	+	model1
-42	+	model1
-19	-	model1
-12	-	model1
6	-	model1
89	-	model1
-19	-	model1
164	-	model1
-155	-	model1
53	-	model1
53	-	model1
53	-	model1
53	-	model1
88	-	model1
69	-	model1
69	-	model1
70	-	model1
158	-	model1
158	-	model1
158	-	model1
71	-	model1
-28	+	model1
-6	+	model1
5	+	model1
-89	+	model1
-125	+	model1
-56	+	model1
-56	+	model1
-40	+	model1
-42	+	model1
-42	+	model1
-19	-	model1
-12	-	model1
6	-	model1
89	-	model1
25	-	model1
-24	-	model1
-80	-	model1
-155	-	model1
53	-	model1
53	-	model1
88	-	model1
69	-	model1
69	-	model1
158	-	model1
158	-	model1
158	-	model1
86	-	model1
83	-	model1
-41	+	model1
-28	+	model1
-35	+	model1
-44	+	model1
-84	+	model1
-311	+	model1
43	-	model1
348	-	model1
6	-	model1
6	-	model1
-1	-	model1
-58	+	model1
-56	+	model1
-72	+	model1
-72	+	model1
15	+	model1
-32	+	model1
-119	+	model1
-49	+	model1
-84	+	model1
-84	+	model1
12	+	model1
12	+	model1
-30	+	model1
-142	+	model1
-13	+	model1
-48	+	model1
-192	+	model1
54	-	model1
-15	+	model1
-195	+	model1
-190	+	model1
10	-	model1
167	-	model1
-36	-	model1
-36	-	model1
-36	-	model1
6	-	model1
-21	-	model1
-6	-	model1
14	-	model1
-5	-	model1
32	-	model1
32	-	model1
120	-	model1
4	-	model1
81	-	model1
72	-	model1
55	-	model1
50	-	model1
0	-	model1
0	-	model1
4	-	model1
96	-	model1
20	-	model1
52	-	model1
52	-	model1
5	-	model1
-224	+	model1
-123	+	model1
-39	+	model1
-167	+	model1
-167	+	model1
-182	+	model1
-85	+	model1
-13	+	model1
-5	+	model1
2	+	model1
-39	+	model1
-39	+	model1
-27	+	model1
-3	+	model1
3	+	model1
3	+	model1
17	+	model1
19	+	model1
1	+	model1
1	+	model1
2	+	model1
-3	+	model1
-41	+	model1
-81	+	model1
12	+	model1
-11	-	model1
-5	-	model1
-5	-	model1
-110	-	model1
-18	-	model1
51	-	model1
107	-	model1
125	-	model1
112	-	model1
-16	-	model1
288	-	model1
288	-	model1
-64	-	model1
284	-	model1
284	-	model1
284	-	model1
141	-	model1
-4	-	model1
-75	+	model1
-134	+	model1
-132	+	model1
-69	+	model1
1	+	model1
5	+	model1
32	+	model1
164	+	model1
-1	-	model1
-206	-	model1
-336	-	model1
-380	-	model1
133	-	model1
133	-	model1
63	-	model1
-39	-	model1
98	-	model1
0	-	model1
-4	-	model1
63	-	model1
109	-	model1
107	-	model1
11	-	model1
-342	-	model1
-10	-	model1
54	-	model1
0	-	model1
-7	-	model1
-2	-	model1
-7	-	model1
-3	-	model1
51	-	model1
-1	-	model1
-71	+	model1
-1	-	model1
-38	+	model1
-1	+	model1
-65	+	model1
12	+	model1
-1	+	model1
-9	-	model1
-13	+	model1
62	+	model1
43	+	model1
0	+	model1
-4	+	model1
-62	+	model1
195	-	model1
46	-	model1
11	-	model1
2	-	model1
81	-	model1
99	-	model1
99	-	model1
43	-	model1
5	-	model1
67	-	model1
-15	-	model1
-20	+	model1
-36	+	model1
-1	+	model1
4	+	model1
4	+	model1
-33	+	model1
2	+	model1
1	+	model1
-6	+	model1
397	+	model1
-125	+	model1
-67	+	model1
-56	+	model1
-56	+	model1
-42	+	model1
-42	+	model1
-189	+	model1
-19	-	model1
-12	-	model1
-7	-	model1
-8	-	model1
-138	-	model1
6	-	model1
38	-	model1
38	-	model1
38	-	model1
89	-	model1
25	-	model1
68	-	model1
-19	-	model1
-155	-	model1
101	-	model1
53	-	model1
53	-	model1
102	-	model1
102	-	model1
69	-	model1
158	-	model1
158	-	model1
158	-	model1
0	-	model1
86	-	model1
83	-	model1
-49	-	model1
-49	-	model1
-1	-	model1
-69	+	model1
-190	+	model1
-151	+	model1
-3	+	model1
-41	+	model1
-180	+	model1
-28	+	model1
18	+	model1
-5	-	model1
1	+	model1
1	+	model1
1	+	model1
1	+	model1
1	+	model1
-4	+	model1
-77	+	model1
-34	+	model1
-3	+	model1
-41	+	model1
-41	+	model1
-158	+	model1
-50	+	model1
116	+	model1
-36	+	model1
-149	+	model1
74	+	model1
12	+	model1
-111	+	model1
-111	+	model1
-111	+	model1
20	+	model1
-139	+	model1
19	+	model1
157	-	model1
-11	-	model1
-24	-	model1
-3	-	model1
-110	-	model1
85	-	model1
51	-	model1
184	-	model1
20	-	model1
107	-	model1
-16	-	model1
-13	-	model1
51	-	model1
-59	-	model1
125	-	model1
112	-	model1
-16	-	model1
29	-	model1
-9	-	model1
141	-	model1
-92	+	model1
-105	+	model1
-105	+	model1
-105	+	model1
-75	+	model1
-55	+	model1
-55	+	model1
-134	+	model1
128	+	model1
4	+	model1
-132	+	model1
-25	+	model1
-80	+	model1
-33	+	model1
-33	+	model1
-137	+	model1
-22	+	model1
-75	+	model1
-69	+	model1
1	+	model1
1	+	model1
2	+	model1
-32	+	model1
-26	+	model1
-2	+	model1
0	+	model1
0	+	model1
0	+	model1
0	+	model1
56	+	model1
10	+	model1
132	+	model1
112	+	model1
-16	+	model1
-16	+	model1
-114	+	model1
-70	+	model1
3	+	model1
-62	+	model1
-20	-	model1
-20	-	model1
-38	-	model1
42	-	model1
36	-	model1
-19	-	model1
24	-	model1
98	-	model1
140	-	model1
108	-	model1
-10	-	model1
-10	-	model1
26	-	model1
-55	-	model1
155	-	model1
-29	-	model1
170	-	model1
-79	+	model1
-43	+	model1
-24	+	model1
-62	+	model1
-52	+	model1
-40	+	model1
170	+	model1
-101	+	model1
57	+	model1
170	+	model1
-25	+	model1
-47	+	model1
-45	+	model1
71	+	model1
6	+	model1
-82	+	model1
41	-	model1
2	-	model1
33	-	model1
-29	-	model1
-1	-	model1
-1	-	model1
-8	-	model1
-2	+	model1
-88	-	model1
30	+	model1
-98	+	model1
-23	-	model1
6	-	model1
-43	-	model1
-85	+	model1
-22	+	model1
-81	+	model1
107	-	model1
107	-	model1
107	-	model1
107	-	model1
107	-	model1
107	-	model1
-16	-	model1
-22	-	model1
-22	-	model1
-22	-	model1
-1	-	model1
-1	-	model1
-1	-	model1
-1	-	model1
-1	-	model1
-1	-	model1
-1	-	model1
-144	+	model1
4	+	model1
117	+	model1
5	+	model1
2	+	model1
2	+	model1
-51	+	model1
-11	+	model1
-84	+	model1
0	+	model1
21	+	model1
-14	+	model1
-126	+	model1
54	+	model1
54	+	model1
-26	-	model1
171	-	model1
127	-	model1
88	-	model1
87	-	model1
-82	+	model1
37	+	model1
93	+	model1
0	+	model1
15	+	model1
-49	+	model1
-84	+	model1
-30	+	model1
-192	+	model1
167	-	model1
72	-	model1
0	-	model1
20	-	model1
-123	+	model1
-85	+	model1
-3	+	model1
3	+	model1
2	+	model1
2	+	model1
0	+	model1
3	+	model1
1	+	model1
5	+	model1
4	+	model1
-4	+	model1
-15	+	model1
-15	+	model1
-15	+	model1
75	+	model1
-29	+	model1
-88	+	model1
-346	+	model1
-163	+	model1
-240	+	model1
-33	+	model1
18	-	model1
-12	-	model1
-12	-	model1
0	-	model1
-11	-	model1
174	-	model1
-17	-	model1
29	-	model1
86	-	model1
-11	-	model1
-18	-	model1
-18	-	model1
-36	-	model1
-32	-	model1
-32	-	model1
44	-	model1
44	-	model1
-44	-	model1
86	-	model1
-125	+	model1
-279	+	model1
0	+	model1
-164	+	model1
-22	+	model1
-51	+	model1
222	+	model1
-79	+	model1
-158	+	model1
21	+	model1
4	+	model1
-1	+	model1
4	+	model1
1	+	model1
-34	+	model1
90	+	model1
-42	+	model1
-42	+	model1
-42	+	model1
-42	+	model1
-4	+	model1
-33	+	model1
-33	+	model1
-33	+	model1
-33	+	model1
-112	+	model1
-139	+	model1
-139	+	model1
188	+	model1
1	-	model1
7	-	model1
233	-	model1
-23	-	model1
77	-	model1
151	-	model1
151	-	model1
-1	+	model1
-56	+	model1
-35	+	model1
-280	+	model1
-280	+	model1
-2	-	model1
-163	+	model1
-7	+	model1
-27	+	model1
4	+	model1
4	+	model1
-1	+	model1
4	+	model1
1	+	model1
-3	+	model1
-41	+	model1
84	+	model1
74	+	model1
90	+	model1
12	+	model1
-111	+	model1
-111	+	model1
-111	+	model1
20	+	model1
19	+	model1
-71	-	model1
-11	-	model1
-24	-	model1
-3	-	model1
3	-	model1
159	-	model1
20	-	model1
51	-	model1
51	-	model1
44	-	model1
1	-	model1
125	-	model1
112	-	model1
29	-	model1
55	-	model1
261	-	model1
-38	-	model1
-69	-	model1
-92	+	model1
-105	+	model1
-105	+	model1
-105	+	model1
-75	+	model1
-55	+	model1
-55	+	model1
-134	+	model1
-174	+	model1
-132	+	model1
-183	+	model1
35	+	model1
5	+	model1
-75	+	model1
-44	+	model1
-69	+	model1
-13	+	model1
62	+	model1
-185	+	model1
43	+	model1
-26	+	model1
-36	+	model1
-1	+	model1
-76	+	model1
-76	+	model1
-256	+	model1
-256	+	model1
8	+	model1
8	+	model1
-62	+	model1
195	-	model1
-6	-	model1
46	-	model1
11	-	model1
2	-	model1
2	-	model1
113	-	model1
27	-	model1
28	-	model1
81	-	model1
81	-	model1
51	-	model1
125	-	model1
99	-	model1
99	-	model1
4	-	model1
4	-	model1
5	-	model1
67	-	model1
-15	-	model1
47	-	model1
-42	+	model1
-6	+	model1
-36	+	model1
-1	+	model1
-110	+	model1
134	+	model1
-1	+	model1
4	+	model1
-33	+	model1
2	+	model1
3	+	model1
1	+	model1
-15	+	model1
-15	+	model1
75	+	model1
75	+	model1
-117	+	model1
-188	-	model1
-12	-	model1
-12	-	model1
-11	-	model1
-17	-	model1
-5	-	model1
29	-	model1
29	-	model1
86	-	model1
86	-	model1
44	-	model1
44	-	model1
86	-	model1
-1	-	model1
-100	+	model1
0	+	model1
-85	+	model1
69	+	model1
-56	+	model1
-56	+	model1
-42	+	model1
-42	+	model1
-19	-	model1
-12	-	model1
0	-	model1
6	-	model1
-155	-	model1
69	-	model1
185	-	model1
157	-	model1
158	-	model1
158	-	model1
158	-	model1
83	-	model1
-41	+	model1
-28	+	model1
1	+	model1
2	+	model1
2	+	model1
4	+	model1
3	+	model1
-1	+	model1
69	+	model1
-1	+	model1
-2	+	model1
0	+	model1
0	+	model1
0	+	model1
0	+	model1
31	+	model1
7	+	model1
7	+	model1
10	+	model1
-7	+	model1
132	+	model1
-16	+	model1
-16	+	model1
-170	+	model1
-36	+	model1
-9	+	model1
-12	+	model1
53	+	model1
10	+	model1
10	+	model1
-190	+	model1
-190	+	model1
-190	+	model1
-190	+	model1
-108	+	model1
-82	+	model1
3	+	model1
-72	+	model1
3	+	model1
-111	+	model1
254	+	model1
-62	+	model1
-34	+	model1
-68	+	model1
-68	+	model1
-109	+	model1
-56	-	model1
0	-	model1
42	-	model1
36	-	model1
-13	-	model1
47	-	model1
24	-	model1
110	-	model1
-8	-	model1
140	-	model1
66	-	model1
66	-	model1
-27	-	model1
-21	-	model1
-21	-	model1
-10	-	model1
108	-	model1
99	-	model1
47	-	model1
-27	-	model1
-20	-	model1
-21	-	model1
-55	-	model1
110	-	model1
-29	-	model1
61	-	model1
61	-	model1
-2	-	model1
-19	-	model1
170	-	model1
45	-	model1
-8	-	model1
-78	-	model1
53	-	model1
-155	+	model1
117	+	model1
-62	+	model1
-62	+	model1
-52	+	model1
22	+	model1
-40	+	model1
-74	+	model1
-92	+	model1
-1	-	model1
-25	+	model1
-34	+	model1
-35	+	model1
-24	+	model1
-8	+	model1
57	+	model1
170	+	model1
-47	+	model1
-47	+	model1
-45	+	model1
74	-	model1
-102	+	model1
71	+	model1
-14	+	model1
-14	+	model1
0	+	model1
6	+	model1
2	+	model1
5	+	model1
-87	+	model1
-2	+	model1
27	+	model1
64	+	model1
-32	+	model1
29	+	model1
-51	+	model1
106	+	model1
-229	+	model1
52	-	model1
-17	-	model1
-17	-	model1
148	-	model1
-22	-	model1
-95	-	model1
27	-	model1
70	-	model1
-86	-	model1
-86	-	model1
-86	-	model1
20	-	model1
-22	-	model1
99	-	model1
48	-	model1
126	-	model1
-21	-	model1
-69	+	model1
-69	+	model1
-104	+	model1
-27	+	model1
-78	-	model1
-126	+	model1
-76	+	model1
179	+	model1
0	+	model1
83	+	model1
-49	+	model1
-48	+	model1
39	+	model1
0	+	model1
0	+	model1
-20	+	model1
2	+	model1
15	+	model1
-25	+	model1
-25	+	model1
9	+	model1
29	+	model1
-118	+	model1
-17	-	model1
13	-	model1
12	-	model1
35	-	model1
228	-	model1
228	-	model1
2	-	model1
-71	-	model1
-71	-	model1
-13	-	model1
-86	-	model1
-10	-	model1
-10	-	model1
88	-	model1
88	-	model1
88	-	model1
88	-	model1
48	-	model1
-19	-	model1
-19	-	model1
-19	-	model1
-19	-	model1
70	-	model1
70	-	model1
70	-	model1
70	-	model1
135	-	model1
113	-	model1
113	-	model1
52	-	model1
-23	-	model1
94	-	model1
83	-	model1
83	-	model1
83	-	model1
-37	-	model1
-191	+	model1
-1	+	model1
-192	+	model1
-91	+	model1
19	+	model1
-53	+	model1
-53	+	model1
0	+	model1
-205	+	model1
-205	+	model1
2	+	model1
-7	+	model1
-6	+	model1
-125	+	model1
-56	+	model1
-56	+	model1
-42	+	model1
-42	+	model1
-19	-	model1
-12	-	model1
6	-	model1
157	-	model1
158	-	model1
158	-	model1
158	-	model1
-53	+	model1
-28	+	model1
-1	+	model1
2	+	model1
-11	+	model1
0	+	model1
-25	+	model1
30	+	model1
-16	+	model1
-86	+	model1
-11	-	model1
33	-	model1
-7	-	model1
-5	-	model1
-29	-	model1
-49	-	model1
-19	-	model1
-162	-	model1
-15	-	model1
-27	-	model1
-27	-	model1
-9	-	model1
-32	-	model1
5	-	model1
32	-	model1
0	-	model1
87	-	model1
21	-	model1
-18	-	model1
9	-	model1
-99	-	model1
57	-	model1
85	-	model1
-26	-	model1
-255	-	model1
-29	-	model1
-38	-	model1
142	-	model1
52	-	model1
-17	-	model1
-2	-	model1
-1	-	model1
124	+	model1
-57	+	model1
205	+	model1
-7	+	model1
-52	+	model1
91	-	model1
91	-	model1
-3	-	model1
-1	+	model1
28	+	model1
3	+	model1
-18	-	model1
-25	-	model1
1	-	model1
28	-	model1
39	-	model1
63	-	model1
96	-	model1
57	-	model1
43	-	model1
37	-	model1
59	-	model1
-5	-	model1
57	-	model1
-2	-	model1
-156	+	model1
-13	+	model1
43	+	model1
-26	+	model1
-26	+	model1
-62	+	model1
195	-	model1
46	-	model1
11	-	model1
2	-	model1
51	-	model1
99	-	model1
99	-	model1
5	-	model1
67	-	model1
-15	-	model1
-110	+	model1
-1	+	model1
4	+	model1
-33	+	model1
2	+	model1
1	+	model1
2	+	model1
2	+	model1
0	+	model1
0	+	model1
-20	+	model1
2	+	model1
2	+	model1
5	+	model1
3	+	model1
3	+	model1
-25	+	model1
0	+	model1
-3	+	model1
29	+	model1
-118	+	model1
-34	+	model1
-332	+	model1
-151	+	model1
83	+	model1
16	+	model1
-210	+	model1
-166	+	model1
-39	+	model1
-87	+	model1
12	-	model1
-17	-	model1
126	-	model1
126	-	model1
-5	-	model1
-16	-	model1
12	-	model1
35	-	model1
228	-	model1
228	-	model1
-22	-	model1
2	-	model1
162	-	model1
162	-	model1
162	-	model1
1	-	model1
-86	-	model1
-10	-	model1
-10	-	model1
148	-	model1
88	-	model1
88	-	model1
88	-	model1
88	-	model1
48	-	model1
-19	-	model1
-19	-	model1
-19	-	model1
-19	-	model1
-19	-	model1
-19	-	model1
70	-	model1
70	-	model1
70	-	model1
70	-	model1
70	-	model1
70	-	model1
-62	-	model1
-62	-	model1
-21	-	model1
135	-	model1
-15	-	model1
-15	-	model1
-15	-	model1
-15	-	model1
-15	-	model1
-15	-	model1
-81	-	model1
-81	-	model1
-81	-	model1
-81	-	model1
-81	-	model1
-81	-	model1
113	-	model1
113	-	model1
-74	-	model1
-74	-	model1
-74	-	model1
-74	-	model1
-74	-	model1
-74	-	model1
96	-	model1
96	-	model1
-23	-	model1
-23	-	model1
20	-	model1
-16	-	model1
97	-	model1
97	-	model1
97	-	model1
-25	-	model1
18	-	model1
18	-	model1
-71	-	model1
94	-	model1
94	-	model1
83	-	model1
83	-	model1
-21	-	model1
-140	-	model1
-37	-	model1
53	+	model1
-29	+	model1
-191	+	model1
-21	+	model1
14	+	model1
-1	+	model1
4	+	model1
-115	+	model1
72	+	model1
-91	+	model1
-186	+	model1
-53	+	model1
-53	+	model1
-23	+	model1
-23	+	model1
-18	+	model1
-18	+	model1
-22	+	model1
-22	+	model1
16	+	model1
5	+	model1
-2	+	model1
-46	+	model1
0	+	model1
-205	+	model1
-84	+	model1
-82	+	model1
200	+	model1
-29	-	model1
39	-	model1
2	-	model1
33	-	model1
65	-	model1
-28	-	model1
-29	-	model1
-38	-	model1
-24	-	model1
-86	-	model1
-1	-	model1
-1	-	model1
-8	-	model1
-2	+	model1
-88	-	model1
-193	+	model1
-98	+	model1
-175	+	model1
-18	+	model1
7	-	model1
-2	-	model1
7	-	model1
187	-	model1
2	-	model1
152	-	model1
209	-	model1
-51	+	model1
-4	+	model1
0	+	model1
-44	+	model1
58	+	model1
5	+	model1
-84	+	model1
-256	+	model1
-113	+	model1
-311	+	model1
123	-	model1
127	-	model1
43	-	model1
3	-	model1
42	-	model1
49	-	model1
348	-	model1
26	-	model1
-1	-	model1
-1	-	model1
-104	+	model1
-6	+	model1
-58	+	model1
-56	+	model1
-108	+	model1
-2	+	model1
-78	+	model1
-229	+	model1
52	-	model1
-17	-	model1
148	-	model1
-86	-	model1
-86	-	model1
-22	-	model1
300	-	model1
-1	-	model1
-27	+	model1
83	+	model1
-72	+	model1
15	+	model1
-84	+	model1
12	+	model1
12	+	model1
-30	+	model1
-162	+	model1
-136	+	model1
-192	+	model1
54	-	model1
167	-	model1
-75	-	model1
-36	-	model1
-36	-	model1
-5	-	model1
32	-	model1
32	-	model1
-22	-	model1
55	-	model1
50	-	model1
0	-	model1
0	-	model1
4	-	model1
20	-	model1
52	-	model1
-123	+	model1
14	+	model1
-13	+	model1
2	+	model1
-39	+	model1
-3	+	model1
3	+	model1
3	+	model1
2	+	model1
0	+	model1
-10	+	model1
-84	+	model1
11	+	model1
-61	-	model1
47	-	model1
62	-	model1
62	-	model1
58	-	model1
46	-	model1
79	-	model1
84	-	model1
2	-	model1
-82	-	model1
29	-	model1
146	-	model1
0	-	model1
-8	-	model1
-123	+	model1
49	+	model1
-21	+	model1
-219	+	model1
-51	+	model1
0	+	model1
-39	+	model1
2	+	model1
-49	+	model1
5	+	model1
2	+	model1
-34	+	model1
-3	+	model1
0	+	model1
-1	-	model1
-4	+	model1
-15	+	model1
-35	+	model1
27	+	model1
-10	+	model1
-32	+	model1
-129	+	model1
-173	+	model1
-202	+	model1
-202	+	model1
-202	+	model1
-202	+	model1
-123	+	model1
-123	+	model1
-116	+	model1
-55	+	model1
-132	+	model1
11	+	model1
-151	+	model1
-48	-	model1
-8	-	model1
18	-	model1
77	-	model1
-351	-	model1
-61	-	model1
-282	-	model1
-324	-	model1
-101	-	model1
28	-	model1
47	-	model1
62	-	model1
62	-	model1
38	-	model1
58	-	model1
46	-	model1
84	-	model1
30	-	model1
-3	-	model1
-3	-	model1
-3	-	model1
-31	-	model1
2	-	model1
29	-	model1
-13	-	model1
-47	-	model1
47	-	model1
-22	-	model1
-22	-	model1
0	-	model1
23	-	model1
-8	-	model1
1	-	model1
-123	+	model1
-87	+	model1
-254	+	model1
75	-	model1
-31	+	model1
-1	-	model1
-48	+	model1
-48	+	model1
-12	+	model1
170	+	model1
-21	+	model1
-21	+	model1
26	-	model1
-51	+	model1
2	+	model1
1	+	model1
1	+	model1
5	+	model1
32	+	model1
0	+	model1
-41	+	model1
164	+	model1
164	+	model1
-16	+	model1
-16	+	model1
59	+	model1
-29	+	model1
-26	+	model1
-26	+	model1
-13	+	model1
8	+	model1
40	+	model1
107	+	model1
27	+	model1
-74	+	model1
-30	+	model1
-7	+	model1
-15	-	model1
-160	+	model1
-28	+	model1
-6	+	model1
-1	-	model1
42	-	model1
42	-	model1
42	-	model1
42	-	model1
26	-	model1
26	-	model1
26	-	model1
26	-	model1
26	-	model1
26	-	model1
26	-	model1
26	-	model1
26	-	model1
26	-	model1
137	-	model1
-12	-	model1
76	-	model1
76	-	model1
42	-	model1
-4	-	model1
41	-	model1
66	-	model1
66	-	model1
-18	-	model1
-336	-	model1
-380	-	model1
148	-	model1
133	-	model1
133	-	model1
-39	-	model1
98	-	model1
98	-	model1
7	-	model1
0	-	model1
-4	-	model1
63	-	model1
23	-	model1
150	-	model1
167	-	model1
67	-	model1
107	-	model1
107	-	model1
23	-	model1
11	-	model1
54	-	model1
146	-	model1
0	-	model1
99	-	model1
41	-	model1
-64	-	model1
-7	-	model1
57	-	model1
-3	-	model1
-2	-	model1
-3	-	model1
-3	-	model1
-327	+	model1
51	-	model1
-8	+	model1
-214	+	model1
30	-	model1
210	+	model1
-253	+	model1
-433	+	model1
-1	-	model1
-100	+	model1
-100	+	model1
82	-	model1
-1	-	model1
38	+	model1
-30	+	model1
-108	+	model1
-17	+	model1
-38	+	model1
28	+	model1
-26	+	model1
-26	+	model1
13	+	model1
-1	+	model1
-9	+	model1
-65	+	model1
12	+	model1
-1	+	model1
-9	-	model1
-86	+	model1
-11	-	model1
-5	-	model1
-49	-	model1
-162	-	model1
-15	-	model1
-9	-	model1
-32	-	model1
-99	-	model1
85	-	model1
-26	-	model1
-255	-	model1
52	-	model1
-2	-	model1
-109	+	model1
54	+	model1
171	-	model1
127	-	model1
88	-	model1
87	-	model1
-208	+	model1
-98	+	model1
2	+	model1
1	+	model1
0	+	model1
-63	+	model1
38	+	model1
-69	+	model1
-28	+	model1
88	-	model1
-54	+	model1
-15	-	model1
130	-	model1
-42	-	model1
129	-	model1
-4	-	model1
104	-	model1
-37	-	model1
-37	-	model1
166	-	model1
-54	-	model1
-61	-	model1
52	-	model1
-60	-	model1
-14	-	model1
-158	-	model1
-26	-	model1
-35	-	model1
-48	-	model1
-6	-	model1
4	-	model1
-11	-	model1
-21	-	model1
31	-	model1
252	+	model1
-46	-	model1
-63	+	model1
21	+	model1
3	+	model1
-1	+	model1
32	-	model1
-53	+	model1
5	+	model1
35	+	model1
-125	+	model1
-56	+	model1
-56	+	model1
-42	+	model1
-42	+	model1
-19	-	model1
-18	-	model1
6	-	model1
89	-	model1
25	-	model1
214	-	model1
-155	-	model1
53	-	model1
53	-	model1
69	-	model1
158	-	model1
158	-	model1
83	-	model1
-28	+	model1
-57	+	model1
1	+	model1
-69	+	model1
88	-	model1
-15	-	model1
166	-	model1
-158	-	model1
-158	-	model1
-26	-	model1
252	+	model1
-1	+	model1
36	+	model1
-24	+	model1
-18	+	model1
-65	+	model1
-65	+	model1
-2	-	model1
-3	-	model1
7	-	model1
187	-	model1
187	-	model1
187	-	model1
2	-	model1
38	-	model1
18	-	model1
17	-	model1
-5	-	model1
-65	-	model1
-65	-	model1
44	-	model1
44	-	model1
-64	-	model1
-32	-	model1
209	-	model1
-11	-	model1
18	-	model1
2	-	model1
-51	+	model1
-8	+	model1
-165	+	model1
-4	+	model1
-13	+	model1
43	+	model1
-36	+	model1
-15	+	model1
-46	+	model1
-62	+	model1
195	-	model1
46	-	model1
11	-	model1
2	-	model1
99	-	model1
99	-	model1
5	-	model1
67	-	model1
-15	-	model1
47	-	model1
-209	+	model1
-36	+	model1
-1	+	model1
4	+	model1
-33	+	model1
2	+	model1
-2	+	model1
16	+	model1
72	+	model1
28	+	model1
13	+	model1
-6	+	model1
-45	+	model1
3	+	model1
-43	+	model1
-93	+	model1
-18	-	model1
117	+	model1
117	+	model1
-293	+	model1
-25	-	model1
1	-	model1
28	-	model1
5	-	model1
0	-	model1
-9	-	model1
-121	-	model1
153	-	model1
44	-	model1
-20	-	model1
-78	-	model1
17	-	model1
17	-	model1
-5	-	model1
57	-	model1
-10	-	model1
-237	-	model1
-237	-	model1
-156	+	model1
-156	+	model1
-46	+	model1
-170	+	model1
-60	+	model1
-60	+	model1
-20	+	model1
-20	+	model1
70	-	model1
1	+	model1
5	+	model1
32	+	model1
0	+	model1
164	+	model1
-26	+	model1
-15	-	model1
26	-	model1
26	-	model1
-12	-	model1
42	-	model1
41	-	model1
-336	-	model1
133	-	model1
133	-	model1
-39	-	model1
98	-	model1
98	-	model1
7	-	model1
63	-	model1
-27	-	model1
54	-	model1
99	-	model1
-2	-	model1
-7	-	model1
-3	-	model1
51	-	model1
-100	+	model1
-100	+	model1
-1	-	model1
-108	+	model1
-38	+	model1
-1	+	model1
-65	+	model1
12	+	model1
-50	-	model1
-1	+	model1
-9	-	model1
26	+	model1
23	+	model1
22	+	model1
15	+	model1
-93	+	model1
6	+	model1
-12	+	model1
-30	+	model1
-192	+	model1
7	-	model1
167	-	model1
-11	-	model1
8	-	model1
25	-	model1
14	-	model1
4	-	model1
50	-	model1
0	-	model1
20	-	model1
52	-	model1
-69	+	model1
-85	+	model1
26	+	model1
-1	+	model1
-39	+	model1
-3	+	model1
2	+	model1
-9	+	model1
106	+	model1
-160	+	model1
-160	+	model1
-229	+	model1
-63	-	model1
123	-	model1
231	-	model1
-86	-	model1
-86	-	model1
-27	+	model1
-78	-	model1
-83	+	model1
3	+	model1
-33	+	model1
-23	-	model1
6	-	model1
-43	-	model1
12	-	model1
-19	-	model1
-32	+	model1
-103	+	model1
5	+	model1
-72	+	model1
-72	+	model1
15	+	model1
-49	+	model1
-84	+	model1
12	+	model1
12	+	model1
-13	+	model1
-68	+	model1
4	+	model1
-162	+	model1
-192	+	model1
54	-	model1
-195	+	model1
23	-	model1
32	-	model1
10	-	model1
167	-	model1
32	-	model1
-36	-	model1
-36	-	model1
-36	-	model1
1	-	model1
306	-	model1
10	-	model1
6	-	model1
25	-	model1
-5	-	model1
-6	-	model1
32	-	model1
32	-	model1
120	-	model1
4	-	model1
4	-	model1
70	-	model1
70	-	model1
70	-	model1
70	-	model1
50	-	model1
108	-	model1
0	-	model1
4	-	model1
8	-	model1
20	-	model1
-90	-	model1
52	-	model1
-2	+	model1
11	+	model1
-123	+	model1
-178	+	model1
-85	+	model1
58	+	model1
-39	+	model1
-3	+	model1
3	+	model1
3	+	model1
34	+	model1
-86	+	model1
-11	-	model1
-5	-	model1
-49	-	model1
-162	-	model1
-15	-	model1
-9	-	model1
-99	-	model1
-255	-	model1
-29	-	model1
52	-	model1
91	-	model1
91	-	model1
1	+	model1
1	+	model1
1	+	model1
1	+	model1
2	+	model1
8	+	model1
-2	+	model1
0	+	model1
-77	+	model1
-14	+	model1
-12	+	model1
-13	+	model1
-104	+	model1
-41	+	model1
-41	+	model1
377	+	model1
0	+	model1
-50	+	model1
-129	+	model1
161	+	model1
116	+	model1
-149	+	model1
-81	+	model1
74	+	model1
90	+	model1
12	+	model1
-111	+	model1
-111	+	model1
-111	+	model1
-111	+	model1
-111	+	model1
-111	+	model1
20	+	model1
-139	+	model1
79	+	model1
79	+	model1
19	+	model1
157	-	model1
65	-	model1
-11	-	model1
-45	-	model1
-24	-	model1
-112	-	model1
-3	-	model1
106	-	model1
-87	-	model1
-5	-	model1
-110	-	model1
85	-	model1
-18	-	model1
3	-	model1
-22	-	model1
142	-	model1
-38	-	model1
-38	-	model1
154	-	model1
51	-	model1
20	-	model1
107	-	model1
249	-	model1
34	-	model1
34	-	model1
120	-	model1
-13	-	model1
15	-	model1
51	-	model1
51	-	model1
41	-	model1
-59	-	model1
44	-	model1
56	-	model1
125	-	model1
112	-	model1
-16	-	model1
29	-	model1
55	-	model1
-73	-	model1
41	-	model1
41	-	model1
-38	-	model1
34	-	model1
-9	-	model1
141	-	model1
-25	+	model1
-92	+	model1
-105	+	model1
-105	+	model1
-105	+	model1
-109	+	model1
-109	+	model1
-213	+	model1
-213	+	model1
-75	+	model1
-55	+	model1
-55	+	model1
-55	+	model1
-55	+	model1
-11	+	model1
-11	+	model1
-11	+	model1
-134	+	model1
-33	-	model1
-57	+	model1
-36	+	model1
-174	+	model1
128	+	model1
128	+	model1
-132	+	model1
-80	+	model1
-183	+	model1
-21	+	model1
-33	+	model1
-33	+	model1
35	+	model1
-22	+	model1
-1	+	model1
0	+	model1
2	+	model1
5	+	model1
-75	+	model1
-44	+	model1
-69	+	model1
51	+	model1
6	+	model1
6	+	model1
123	-	model1
-1	-	model1
-104	+	model1
-311	+	model1
67	-	model1
67	-	model1
348	-	model1
-1	-	model1
-56	+	model1
-2	+	model1
0	+	model1
10	+	model1
112	+	model1
-16	+	model1
-170	+	model1
3	+	model1
-20	-	model1
-20	-	model1
42	-	model1
140	-	model1
35	-	model1
108	-	model1
-55	-	model1
-2	-	model1
170	-	model1
-78	-	model1
57	+	model1
170	+	model1
-47	+	model1
-45	+	model1
6	+	model1
1	+	model1
2	+	model1
0	+	model1
-13	+	model1
-50	+	model1
116	+	model1
-81	+	model1
74	+	model1
12	+	model1
-111	+	model1
-111	+	model1
-111	+	model1
20	+	model1
19	+	model1
-71	-	model1
-11	-	model1
-3	-	model1
159	-	model1
86	-	model1
20	-	model1
51	-	model1
125	-	model1
112	-	model1
-16	-	model1
29	-	model1
261	-	model1
41	-	model1
41	-	model1
-69	-	model1
-92	+	model1
-105	+	model1
-105	+	model1
-105	+	model1
-75	+	model1
-134	+	model1
-33	-	model1
-132	+	model1
35	+	model1
-75	+	model1
-44	+	model1
-69	+	model1
1	+	model1
29	+	model1
4	+	model1
27	-	model1
-6	+	model1
-125	+	model1
-67	+	model1
-56	+	model1
-56	+	model1
-20	+	model1
-42	+	model1
-42	+	model1
-17	+	model1
-24	+	model1
23	-	model1
-189	+	model1
98	+	model1
20	-	model1
-19	-	model1
-12	-	model1
-18	-	model1
-7	-	model1
-8	-	model1
6	-	model1
42	-	model1
42	-	model1
-32	-	model1
-21	-	model1
-155	-	model1
101	-	model1
53	-	model1
53	-	model1
69	-	model1
56	-	model1
70	-	model1
32	-	model1
158	-	model1
158	-	model1
25	-	model1
86	-	model1
83	-	model1
22	-	model1
-4	-	model1
-69	+	model1
-23	+	model1
26	+	model1
26	+	model1
-67	+	model1
-41	+	model1
-28	+	model1
-5	-	model1
87	+	model1
1	+	model1
32	+	model1
68	+	model1
-16	+	model1
-26	+	model1
8	+	model1
27	+	model1
-74	+	model1
20	+	model1
-1	-	model1
26	-	model1
26	-	model1
42	-	model1
-4	-	model1
41	-	model1
-336	-	model1
-380	-	model1
133	-	model1
133	-	model1
-39	-	model1
98	-	model1
0	-	model1
-4	-	model1
87	-	model1
146	-	model1
41	-	model1
8	-	model1
8	-	model1
-7	-	model1
-2	-	model1
-3	-	model1
85	-	model1
-327	+	model1
-253	+	model1
25	+	model1
-1	-	model1
-6	+	model1
-38	+	model1
-1	+	model1
-65	+	model1
12	+	model1
-1	+	model1
-11	+	model1
-21	+	model1
-81	+	model1
-9	-	model1
8	-	model1
41	-	model1
60	-	model1
107	-	model1
107	-	model1
107	-	model1
107	-	model1
107	-	model1
107	-	model1
45	-	model1
4	-	model1
-87	-	model1
18	-	model1
-16	-	model1
-13	-	model1
-55	-	model1
63	-	model1
72	-	model1
-22	-	model1
-22	-	model1
-22	-	model1
-1	-	model1
-1	-	model1
-1	-	model1
-1	-	model1
-1	-	model1
-1	-	model1
-1	-	model1
176	+	model1
-167	+	model1
-144	+	model1
4	+	model1
117	+	model1
117	+	model1
5	+	model1
-18	+	model1
187	-	model1
187	-	model1
2	-	model1
18	-	model1
17	-	model1
22	-	model1
-117	-	model1
-65	-	model1
-65	-	model1
53	-	model1
114	-	model1
18	-	model1
0	+	model1
93	+	model1
-32	+	model1
-13	+	model1
-185	+	model1
43	+	model1
0	+	model1
-36	+	model1
-4	+	model1
89	+	model1
-46	+	model1
-76	+	model1
-76	+	model1
-256	+	model1
-256	+	model1
-3	+	model1
8	+	model1
-62	+	model1
195	-	model1
46	-	model1
11	-	model1
27	-	model1
28	-	model1
81	-	model1
81	-	model1
51	-	model1
125	-	model1
99	-	model1
99	-	model1
30	-	model1
247	-	model1
-87	-	model1
4	-	model1
4	-	model1
18	-	model1
28	-	model1
5	-	model1
67	-	model1
60	-	model1
-15	-	model1
-4	-	model1
-42	+	model1
-6	+	model1
-18	+	model1
-18	+	model1
-36	+	model1
-1	+	model1
-70	+	model1
-110	+	model1
-57	+	model1
-43	+	model1
-1	+	model1
19	+	model1
4	+	model1
-33	+	model1
2	+	model1
-1	+	model1
-1	+	model1
-1	+	model1
37	+	model1
1	+	model1
-42	+	model1
-42	+	model1
-42	+	model1
-42	+	model1
-42	+	model1
-42	+	model1
-33	+	model1
-33	+	model1
-33	+	model1
-33	+	model1
-33	+	model1
-33	+	model1
-33	+	model1
-33	+	model1
-22	+	model1
188	+	model1
1	-	model1
-23	-	model1
52	-	model1
3	-	model1
3	-	model1
94	-	model1
-35	+	model1
-35	+	model1
-280	+	model1
-280	+	model1
-280	+	model1
-280	+	model1
4	+	model1
6	-	model1
-43	-	model1
-103	+	model1
1	+	model1
1	+	model1
1	+	model1
1	+	model1
8	+	model1
-4	+	model1
-68	+	model1
-41	+	model1
-41	+	model1
-134	+	model1
-36	+	model1
-81	+	model1
12	+	model1
20	+	model1
19	+	model1
-57	+	model1
-11	-	model1
-24	-	model1
154	-	model1
51	-	model1
20	-	model1
107	-	model1
17	-	model1
-8	-	model1
15	-	model1
51	-	model1
44	-	model1
125	-	model1
112	-	model1
-16	-	model1
29	-	model1
55	-	model1
284	-	model1
284	-	model1
141	-	model1
-92	+	model1
-4	-	model1
-45	+	model1
-25	+	model1
-21	+	model1
-33	+	model1
-33	+	model1
35	+	model1
-75	+	model1
-44	+	model1
-69	+	model1
5	+	model1
-79	+	model1
-87	+	model1
-9	+	model1
-51	+	model1
106	+	model1
-229	+	model1
52	-	model1
52	-	model1
-17	-	model1
-17	-	model1
-248	-	model1
148	-	model1
148	-	model1
-63	-	model1
-22	-	model1
123	-	model1
-95	-	model1
-95	-	model1
6	-	model1
-86	-	model1
-86	-	model1
-86	-	model1
206	-	model1
-22	-	model1
-4	-	model1
99	-	model1
48	-	model1
126	-	model1
-25	-	model1
-25	-	model1
-21	-	model1
-27	+	model1
-78	-	model1
-126	+	model1
-76	+	model1
179	+	model1
0	+	model1
0	+	model1
-17	+	model1
-17	+	model1
66	+	model1
-83	+	model1
-68	+	model1
-50	+	model1
-165	+	model1
-1	+	model1
-1	+	model1
-12	+	model1
223	-	model1
146	-	model1
182	-	model1
28	-	model1
55	-	model1
128	-	model1
82	-	model1
-27	-	model1
58	-	model1
250	-	model1
-292	+	model1
-92	+	model1
-19	+	model1
-19	+	model1
22	+	model1
-18	+	model1
-48	+	model1
2	+	model1
-2	+	model1
0	+	model1
0	+	model1
0	+	model1
7	+	model1
10	+	model1
-7	+	model1
112	+	model1
-16	+	model1
3	+	model1
-150	+	model1
-150	+	model1
-62	+	model1
-62	+	model1
-68	+	model1
42	-	model1
140	-	model1
-10	-	model1
108	-	model1
47	-	model1
147	-	model1
-55	-	model1
-29	-	model1
-2	-	model1
170	-	model1
-15	+	model1
-15	+	model1
57	+	model1
-47	+	model1
-45	+	model1
-14	+	model1
3	+	model1
6	+	model1
1	+	model1
3	+	model1
-17	+	model1
-177	+	model1
0	+	model1
-33	+	model1
-18	+	model1
-4	-	model1
19	+	model1
-2	+	model1
0	+	model1
-25	+	model1
30	+	model1
-27	+	model1
-193	+	model1
-193	+	model1
-224	+	model1
-176	+	model1
-86	+	model1
-11	-	model1
-7	-	model1
-27	-	model1
-5	-	model1
-29	-	model1
-49	-	model1
-19	-	model1
-162	-	model1
-15	-	model1
-27	-	model1
-9	-	model1
-32	-	model1
32	-	model1
120	-	model1
120	-	model1
72	-	model1
261	-	model1
-18	-	model1
9	-	model1
-99	-	model1
85	-	model1
-26	-	model1
-255	-	model1
-29	-	model1
-101	-	model1
2	-	model1
102	-	model1
142	-	model1
111	-	model1
52	-	model1
-2	-	model1
35	+	model1
124	+	model1
30	+	model1
-57	+	model1
7	+	model1
-38	+	model1
-52	+	model1
-18	+	model1
91	-	model1
91	-	model1
-187	+	model1
-21	+	model1
-81	+	model1
-81	+	model1
29	-	model1
8	-	model1
107	-	model1
107	-	model1
107	-	model1
107	-	model1
107	-	model1
107	-	model1
-25	-	model1
-16	-	model1
-22	-	model1
-22	-	model1
-22	-	model1
-1	-	model1
-1	-	model1
-1	-	model1
176	+	model1
-167	+	model1
-144	+	model1
117	+	model1
32	+	model1
32	+	model1
-98	+	model1
-98	+	model1
5	+	model1
-1	+	model1
-1	+	model1
0	+	model1
37	+	model1
1	+	model1
-34	+	model1
-42	+	model1
-42	+	model1
-42	+	model1
-42	+	model1
-42	+	model1
-42	+	model1
-33	+	model1
-33	+	model1
-33	+	model1
-33	+	model1
-33	+	model1
-33	+	model1
-33	+	model1
-33	+	model1
-22	+	model1
188	+	model1
1	-	model1
87	-	model1
56	-	model1
-23	-	model1
151	-	model1
52	-	model1
3	-	model1
3	-	model1
94	-	model1
-56	+	model1
-35	+	model1
-119	+	model1
-280	+	model1
-280	+	model1
-193	+	model1
-7	+	model1
-1	+	model1
4	+	model1
-17	+	model1
66	+	model1
-68	+	model1
-50	+	model1
-106	+	model1
146	-	model1
82	-	model1
58	-	model1
250	-	model1
133	-	model1
133	-	model1
-48	+	model1
1	+	model1
51	-	model1
-135	-	model1
17	-	model1
-26	-	model1
35	-	model1
252	+	model1
-46	-	model1
-46	-	model1
21	+	model1
-108	+	model1
1	+	model1
58	+	model1
142	+	model1
-84	+	model1
-256	+	model1
-256	+	model1
-311	+	model1
127	-	model1
43	-	model1
92	-	model1
3	-	model1
348	-	model1
26	-	model1
-1	-	model1
-1	-	model1
-222	+	model1
-58	+	model1
-56	+	model1
-85	+	model1
35	+	model1
1	+	model1
-46	+	model1
-12	+	model1
-177	+	model1
-177	+	model1
-18	+	model1
-5	-	model1
-4	-	model1
22	-	model1
17	-	model1
-1	-	model1
2	+	model1
2	+	model1
1	+	model1
5	+	model1
32	+	model1
0	+	model1
-41	+	model1
-90	+	model1
-1	+	model1
-16	+	model1
-29	+	model1
8	+	model1
40	+	model1
-303	+	model1
107	+	model1
27	+	model1
-130	+	model1
-380	+	model1
-380	+	model1
-74	+	model1
-74	+	model1
-15	-	model1
-1	-	model1
79	-	model1
-12	-	model1
76	-	model1
76	-	model1
-4	-	model1
-206	-	model1
-336	-	model1
-380	-	model1
133	-	model1
133	-	model1
-27	-	model1
-39	-	model1
98	-	model1
98	-	model1
7	-	model1
0	-	model1
-52	-	model1
117	-	model1
96	-	model1
23	-	model1
150	-	model1
167	-	model1
67	-	model1
23	-	model1
23	-	model1
11	-	model1
-10	-	model1
146	-	model1
0	-	model1
99	-	model1
70	-	model1
99	-	model1
-41	-	model1
14	-	model1
14	-	model1
-64	-	model1
140	-	model1
-7	-	model1
10	-	model1
57	-	model1
-3	-	model1
-2	-	model1
-7	-	model1
-3	-	model1
-3	-	model1
-3	-	model1
51	-	model1
-8	+	model1
-8	+	model1
-85	+	model1
-1	-	model1
-100	+	model1
82	-	model1
-1	-	model1
38	+	model1
-30	+	model1
-108	+	model1
-112	+	model1
-38	+	model1
287	+	model1
-39	+	model1
-1	+	model1
-65	+	model1
12	+	model1
-1	+	model1
-9	-	model1
28	-	model1
-18	+	model1
-2	-	model1
7	-	model1
187	-	model1
2	-	model1
18	-	model1
-51	+	model1
-147	+	model1
-4	+	model1
1	+	model1
-15	+	model1
-12	-	model1
-12	-	model1
-1	-	model1
-126	-	model1
0	+	model1
-1	+	model1
2	+	model1
0	+	model1
-62	+	model1
-62	+	model1
-17	+	model1
66	+	model1
-46	+	model1
-16	+	model1
-83	+	model1
70	+	model1
-64	+	model1
-31	-	model1
-68	+	model1
-19	+	model1
-50	+	model1
-119	+	model1
-189	+	model1
-189	+	model1
-1	+	model1
-1	+	model1
-12	+	model1
-34	+	model1
-22	-	model1
-22	-	model1
-7	-	model1
-8	-	model1
40	-	model1
26	-	model1
88	-	model1
100	-	model1
48	-	model1
-16	-	model1
-64	+	model1
-77	+	model1
-292	+	model1
112	-	model1
-64	+	model1
-11	+	model1
-11	+	model1
61	+	model1
1	+	model1
3	+	model1
37	+	model1
-46	+	model1
-17	+	model1
-12	+	model1
-7	+	model1
-7	+	model1
-177	+	model1
0	+	model1
-33	+	model1
-18	+	model1
-5	-	model1
-4	-	model1
139	-	model1
-1	-	model1
-54	+	model1
1	+	model1
-23	-	model1
6	-	model1
212	-	model1
-43	-	model1
5	+	model1
9	+	model1
-118	+	model1
35	-	model1
88	-	model1
88	-	model1
88	-	model1
88	-	model1
-19	-	model1
-19	-	model1
-19	-	model1
-19	-	model1
70	-	model1
70	-	model1
70	-	model1
70	-	model1
135	-	model1
83	-	model1
83	-	model1
83	-	model1
-37	-	model1
14	+	model1
-31	+	model1
-91	+	model1
-53	+	model1
-9	+	model1
-9	+	model1
6	+	model1
0	+	model1
-205	+	model1
-205	+	model1
2	+	model1
-11	+	model1
107	-	model1
107	-	model1
107	-	model1
-16	-	model1
-22	-	model1
-22	-	model1
-22	-	model1
-1	-	model1
-1	-	model1
-1	-	model1
-1	-	model1
-1	-	model1
-144	+	model1
4	+	model1
117	+	model1
5	+	model1
36	+	model1
-55	+	model1
-55	+	model1
-180	+	model1
-180	+	model1
-18	+	model1
7	-	model1
187	-	model1
187	-	model1
2	-	model1
-65	-	model1
-65	-	model1
-19	-	model1
-148	-	model1
209	-	model1
-67	-	model1
18	-	model1
2	-	model1
-11	-	model1
-175	+	model1
-175	+	model1
-8	+	model1
-13	+	model1
78	+	model1
1	+	model1
-15	+	model1
-12	-	model1
-12	-	model1
60	-	model1
60	-	model1
-5	-	model1
29	-	model1
86	-	model1
44	-	model1
-1	-	model1
-126	-	model1
0	+	model1
-1	+	model1
4	+	model1
5	+	model1
2	+	model1
0	+	model1
-10	+	model1
11	+	model1
-8	-	model1
77	-	model1
-351	-	model1
-61	-	model1
-282	-	model1
-324	-	model1
-101	-	model1
28	-	model1
7	-	model1
47	-	model1
38	-	model1
38	-	model1
58	-	model1
46	-	model1
-3	-	model1
-3	-	model1
-3	-	model1
-31	-	model1
2	-	model1
29	-	model1
-108	-	model1
0	-	model1
-8	-	model1
-123	+	model1
75	-	model1
-224	+	model1
49	+	model1
-21	+	model1
-219	+	model1
-184	+	model1
-51	+	model1
5	+	model1
5	+	model1
-83	+	model1
-33	+	model1
53	+	model1
-34	+	model1
-34	+	model1
-142	+	model1
-23	-	model1
6	-	model1
55	-	model1
-30	-	model1
7	-	model1
-43	-	model1
-19	-	model1
-32	+	model1
-103	+	model1
0	+	model1
-45	+	model1
2	+	model1
-10	+	model1
-84	+	model1
-27	+	model1
-9	+	model1
46	-	model1
16	-	model1
-3	-	model1
-3	-	model1
-3	-	model1
2	-	model1
-123	+	model1
-12	+	model1
-21	+	model1
-219	+	model1
37	+	model1
37	+	model1
1	+	model1
-34	+	model1
-42	+	model1
-42	+	model1
-33	+	model1
-33	+	model1
-33	+	model1
-33	+	model1
1	-	model1
233	-	model1
-27	-	model1
-23	-	model1
-17	+	model1
-17	+	model1
-128	+	model1
-128	+	model1
-2	-	model1
-35	+	model1
-119	+	model1
-280	+	model1
-280	+	model1
-19	+	model1
6	+	model1
6	+	model1
-1	+	model1
4	+	model1
-49	+	model1
-49	+	model1
-45	+	model1
2	+	model1
-10	+	model1
-84	+	model1
-84	+	model1
0	+	model1
-106	+	model1
-309	+	model1
-27	+	model1
-9	+	model1
-84	+	model1
11	+	model1
-151	+	model1
-101	-	model1
28	-	model1
46	-	model1
16	-	model1
-3	-	model1
-3	-	model1
-3	-	model1
2	-	model1
29	-	model1
-8	-	model1
-123	+	model1
-12	+	model1
-219	+	model1
-51	+	model1
1	+	model1
32	+	model1
-39	+	model1
164	+	model1
-26	+	model1
-74	+	model1
-6	+	model1
-1	-	model1
26	-	model1
26	-	model1
-12	-	model1
42	-	model1
41	-	model1
-206	-	model1
-336	-	model1
-380	-	model1
133	-	model1
133	-	model1
98	-	model1
98	-	model1
7	-	model1
0	-	model1
63	-	model1
23	-	model1
150	-	model1
167	-	model1
107	-	model1
107	-	model1
54	-	model1
-7	-	model1
-2	-	model1
-327	+	model1
-253	+	model1
-100	+	model1
-1	-	model1
-38	+	model1
28	+	model1
-1	+	model1
-65	+	model1
12	+	model1
-1	+	model1
-9	-	model1
1	+	model1
1	+	model1
1	+	model1
1	+	model1
5	+	model1
-4	+	model1
3	+	model1
-77	+	model1
-68	+	model1
-18	+	model1
-31	+	model1
-13	+	model1
-13	+	model1
-104	+	model1
-41	+	model1
-111	+	model1
-60	+	model1
17	+	model1
17	+	model1
-129	+	model1
161	+	model1
116	+	model1
7	+	model1
-36	+	model1
-149	+	model1
-81	+	model1
74	+	model1
90	+	model1
12	+	model1
-111	+	model1
-111	+	model1
-111	+	model1
20	+	model1
19	+	model1
157	-	model1
-57	+	model1
-13	-	model1
-13	-	model1
15	-	model1
15	-	model1
-71	-	model1
65	-	model1
-11	-	model1
186	-	model1
-24	-	model1
-112	-	model1
-3	-	model1
-87	-	model1
-5	-	model1
-5	-	model1
-71	-	model1
85	-	model1
-18	-	model1
3	-	model1
142	-	model1
154	-	model1
51	-	model1
184	-	model1
20	-	model1
107	-	model1
15	-	model1
51	-	model1
-59	-	model1
-75	-	model1
44	-	model1
-317	-	model1
125	-	model1
112	-	model1
-16	-	model1
29	-	model1
55	-	model1
41	-	model1
41	-	model1
150	-	model1
150	-	model1
-9	-	model1
-64	-	model1
10	-	model1
-107	+	model1
-107	+	model1
-9	-	model1
-25	+	model1
-25	+	model1
-92	+	model1
-105	+	model1
-105	+	model1
-105	+	model1
-134	+	model1
-11	+	model1
-11	+	model1
-33	-	model1
-57	+	model1
65	+	model1
65	+	model1
60	+	model1
-174	+	model1
128	+	model1
128	+	model1
4	+	model1
-25	+	model1
-80	+	model1
-183	+	model1
-33	+	model1
-33	+	model1
35	+	model1
13	+	model1
-45	+	model1
-45	+	model1
23	+	model1
-2	+	model1
18	+	model1
77	+	model1
77	+	model1
2	+	model1
5	+	model1
-75	+	model1
-44	+	model1
-69	+	model1
1	+	model1
-15	-	model1
21	+	model1
-20	+	model1
5	+	model1
9	+	model1
35	-	model1
-10	-	model1
-10	-	model1
88	-	model1
88	-	model1
88	-	model1
88	-	model1
48	-	model1
-19	-	model1
-19	-	model1
-19	-	model1
-19	-	model1
70	-	model1
70	-	model1
70	-	model1
70	-	model1
135	-	model1
-222	-	model1
83	-	model1
83	-	model1
-85	-	model1
-85	-	model1
-37	-	model1
-85	+	model1
14	+	model1
-31	+	model1
-91	+	model1
-53	+	model1
-9	+	model1
-9	+	model1
0	+	model1
-205	+	model1
-205	+	model1
3	+	model1
1	-	model1
63	-	model1
-6	+	model1
16	+	model1
-70	+	model1
-40	+	model1
16	+	model1
-21	+	model1
-81	+	model1
-81	+	model1
60	-	model1
107	-	model1
107	-	model1
107	-	model1
107	-	model1
107	-	model1
107	-	model1
4	-	model1
-87	-	model1
18	-	model1
-16	-	model1
-55	-	model1
63	-	model1
72	-	model1
-22	-	model1
-22	-	model1
-22	-	model1
-1	-	model1
-1	-	model1
-1	-	model1
-1	-	model1
-1	-	model1
-1	-	model1
-1	-	model1
-229	+	model1
-246	+	model1
-246	+	model1
176	+	model1
-167	+	model1
-144	+	model1
4	+	model1
117	+	model1
117	+	model1
-98	+	model1
5	+	model1
-17	+	model1
66	+	model1
-64	+	model1
-68	+	model1
-50	+	model1
-1	+	model1
-12	+	model1
108	-	model1
108	-	model1
205	-	model1
16	-	model1
168	-	model1
146	-	model1
182	-	model1
182	-	model1
140	-	model1
28	-	model1
88	-	model1
82	-	model1
-27	-	model1
-3	-	model1
44	-	model1
250	-	model1
-64	+	model1
-292	+	model1
13	+	model1
-2	+	model1
-19	+	model1
-19	+	model1
-30	+	model1
0	+	model1
-17	+	model1
66	+	model1
-64	+	model1
-68	+	model1
-50	+	model1
-1	+	model1
-12	+	model1
205	-	model1
146	-	model1
182	-	model1
182	-	model1
28	-	model1
88	-	model1
82	-	model1
-27	-	model1
-3	-	model1
-3	-	model1
58	-	model1
250	-	model1
-64	+	model1
13	+	model1
-76	+	model1
123	+	model1
-30	+	model1
1	+	model1
-85	+	model1
35	+	model1
84	+	model1
84	+	model1
3	+	model1
-167	+	model1
-167	+	model1
37	+	model1
-1	+	model1
195	+	model1
-48	+	model1
-48	+	model1
-96	+	model1
-12	+	model1
-177	+	model1
-18	+	model1
-147	+	model1
-94	+	model1
-83	+	model1
-131	+	model1
-20	-	model1
111	-	model1
-4	-	model1
-56	-	model1
139	-	model1
-23	-	model1
-8	-	model1
96	-	model1
-11	-	model1
-3	-	model1
-10	-	model1
55	-	model1
-9	-	model1
-27	-	model1
129	-	model1
121	-	model1
100	-	model1
-36	-	model1
-1	-	model1
-179	+	model1
-179	+	model1
-109	+	model1
127	+	model1
5	+	model1
5	+	model1
-96	+	model1
162	+	model1
-73	+	model1
-73	+	model1
131	+	model1
-96	+	model1
-96	+	model1
-58	+	model1
-58	+	model1
-54	+	model1
23	+	model1
59	+	model1
59	+	model1
15	+	model1
-82	+	model1
2	-	model1
33	-	model1
25	-	model1
-29	-	model1
-38	-	model1
-1	-	model1
-1	-	model1
-2	+	model1
-98	+	model1
-44	+	model1
-80	+	model1
-134	+	model1
1	+	model1
-61	+	model1
-69	+	model1
-14	-	model1
-46	-	model1
-146	+	model1
21	+	model1
2	+	model1
-1	+	model1
-2	+	model1
0	+	model1
0	+	model1
10	+	model1
112	+	model1
-16	+	model1
-114	+	model1
-170	+	model1
-112	+	model1
3	+	model1
-62	+	model1
-62	+	model1
-56	-	model1
-38	-	model1
42	-	model1
110	-	model1
140	-	model1
-27	-	model1
-27	-	model1
-3	-	model1
32	-	model1
-10	-	model1
108	-	model1
47	-	model1
115	-	model1
147	-	model1
110	-	model1
-29	-	model1
-2	-	model1
170	-	model1
57	+	model1
3	+	model1
-47	+	model1
-45	+	model1
0	+	model1
6	+	model1
1	+	model1
1	+	model1
2	+	model1
0	+	model1
81	-	model1
81	-	model1
-62	+	model1
-62	+	model1
-17	+	model1
66	+	model1
-46	+	model1
-46	+	model1
-83	+	model1
70	+	model1
-64	+	model1
-68	+	model1
-121	+	model1
-12	+	model1
-50	+	model1
-119	+	model1
-84	+	model1
-189	+	model1
-189	+	model1
-1	+	model1
-247	+	model1
-56	+	model1
-12	+	model1
11	+	model1
108	-	model1
108	-	model1
205	-	model1
-21	-	model1
16	-	model1
168	-	model1
-5	-	model1
-70	-	model1
223	-	model1
146	-	model1
-7	-	model1
-7	-	model1
182	-	model1
182	-	model1
40	-	model1
8	-	model1
85	-	model1
18	-	model1
28	-	model1
55	-	model1
207	-	model1
26	-	model1
88	-	model1
82	-	model1
-27	-	model1
37	-	model1
-3	-	model1
100	-	model1
59	-	model1
48	-	model1
58	-	model1
58	-	model1
250	-	model1
32	-	model1
-64	+	model1
-191	+	model1
-292	+	model1
-186	+	model1
13	+	model1
-61	+	model1
-33	+	model1
-11	+	model1
-11	+	model1
-7	+	model1
61	+	model1
22	+	model1
-6	+	model1
15	+	model1
123	+	model1
-74	+	model1
5	+	model1
-46	+	model1
-42	+	model1
54	+	model1
-10	-	model1
35	+	model1
3	+	model1
-1	+	model1
-103	+	model1
-177	+	model1
-177	+	model1
-18	+	model1
-5	-	model1
-4	-	model1
121	-	model1
100	-	model1
-36	-	model1
-1	-	model1
-1	-	model1
15	+	model1
3	+	model1
-25	-	model1
1	-	model1
28	-	model1
-66	-	model1
63	-	model1
57	-	model1
57	-	model1
-156	+	model1
-6	-	model1
-19	-	model1
69	-	model1
69	-	model1
158	-	model1
3	+	model1
1	+	model1
-15	+	model1
-15	+	model1
75	+	model1
75	+	model1
-29	+	model1
-35	+	model1
-12	-	model1
-12	-	model1
10	-	model1
-5	-	model1
29	-	model1
86	-	model1
44	-	model1
-125	+	model1
-1	-	model1
0	+	model1
-164	+	model1
4	+	model1
4	+	model1
-53	+	model1
2	+	model1
-82	+	model1
-10	-	model1
163	-	model1
2	-	model1
33	-	model1
-29	-	model1
-38	-	model1
-1	-	model1
-1	-	model1
91	-	model1
-2	+	model1
-88	-	model1
-234	+	model1
-98	+	model1
-44	+	model1
200	+	model1
-197	+	model1
-226	+	model1
-53	+	model1
-40	+	model1
-3	-	model1
127	-	model1
127	-	model1
-28	-	model1
41	-	model1
-29	-	model1
98	-	model1
66	-	model1
2	-	model1
-14	-	model1
33	-	model1
57	-	model1
89	-	model1
9	-	model1
65	-	model1
144	-	model1
-10	-	model1
-29	-	model1
-38	-	model1
80	-	model1
108	-	model1
-16	-	model1
-24	-	model1
-86	-	model1
-86	-	model1
-1	-	model1
1	-	model1
-1	-	model1
-8	-	model1
-88	-	model1
-234	+	model1
30	+	model1
-83	+	model1
-103	+	model1
-44	+	model1
-44	+	model1
27	+	model1
-13	+	model1
43	+	model1
2	-	model1
99	-	model1
99	-	model1
67	-	model1
-209	+	model1
-53	+	model1
-1	+	model1
-33	+	model1
2	+	model1
2	+	model1
41	-	model1
107	-	model1
107	-	model1
107	-	model1
107	-	model1
107	-	model1
107	-	model1
45	-	model1
-16	-	model1
8	-	model1
-55	-	model1
2	-	model1
-22	-	model1
-22	-	model1
-22	-	model1
-1	-	model1
-1	-	model1
-1	-	model1
-1	-	model1
-1	-	model1
117	+	model1
-98	+	model1
5	+	model1
2	+	model1
43	+	model1
43	+	model1
33	+	model1
33	+	model1
-84	+	model1
0	+	model1
21	+	model1
-84	+	model1
-126	+	model1
54	+	model1
54	+	model1
-24	-	model1
171	-	model1
127	-	model1
88	-	model1
87	-	model1
-82	+	model1
-20	+	model1
-59	+	model1
37	+	model1
93	+	model1
93	+	model1
-27	+	model1
6	-	model1
-63	-	model1
-3	-	model1
231	-	model1
-8	-	model1
-2	-	model1
-27	+	model1
-126	+	model1
15	+	model1
-83	+	model1
-84	+	model1
-12	+	model1
-30	+	model1
54	-	model1
167	-	model1
-36	-	model1
-36	-	model1
-5	-	model1
-5	-	model1
32	-	model1
4	-	model1
0	-	model1
20	-	model1
-26	-	model1
-20	+	model1
5	+	model1
5	+	model1
9	+	model1
-16	-	model1
12	-	model1
35	-	model1
-22	-	model1
2	-	model1
-86	-	model1
-19	-	model1
-19	-	model1
-19	-	model1
-19	-	model1
70	-	model1
70	-	model1
70	-	model1
70	-	model1
135	-	model1
-16	-	model1
83	-	model1
83	-	model1
83	-	model1
-140	-	model1
-37	-	model1
14	+	model1
-1	+	model1
-53	+	model1
-53	+	model1
16	+	model1
0	+	model1
-205	+	model1
35	+	model1
-179	+	model1
-1	+	model1
-177	+	model1
-177	+	model1
-18	+	model1
-147	+	model1
-5	-	model1
-4	-	model1
22	-	model1
-3	-	model1
121	-	model1
100	-	model1
-36	-	model1
-1	-	model1
-109	+	model1
-22	+	model1
-54	+	model1
-1	-	model1
1	+	model1
2	+	model1
0	+	model1
93	+	model1
37	+	model1
1	+	model1
-90	+	model1
-14	+	model1
-21	+	model1
-34	+	model1
-16	+	model1
-21	+	model1
15	+	model1
-42	+	model1
-42	+	model1
57	+	model1
57	+	model1
-53	+	model1
-4	+	model1
-3	+	model1
-3	+	model1
-33	+	model1
-33	+	model1
-33	+	model1
-33	+	model1
-49	+	model1
-112	+	model1
-13	+	model1
-115	+	model1
-133	+	model1
107	+	model1
188	+	model1
1	-	model1
-102	+	model1
-15	-	model1
185	-	model1
-12	-	model1
198	-	model1
36	-	model1
-27	-	model1
88	-	model1
32	-	model1
-125	-	model1
-80	-	model1
-165	-	model1
58	-	model1
77	-	model1
77	-	model1
151	-	model1
151	-	model1
151	-	model1
52	-	model1
72	-	model1
53	-	model1
53	-	model1
182	-	model1
32	-	model1
-17	+	model1
-17	+	model1
-128	+	model1
-128	+	model1
-130	+	model1
-2	-	model1
-56	+	model1
-76	+	model1
-76	+	model1
-35	+	model1
-119	+	model1
-280	+	model1
-280	+	model1
-19	+	model1
-7	+	model1
-10	+	model1
-10	+	model1
-3	+	model1
0	+	model1
-1	+	model1
-16	+	model1
4	+	model1
-86	+	model1
-5	-	model1
-49	-	model1
-15	-	model1
-9	-	model1
49	-	model1
-99	-	model1
-26	-	model1
-255	-	model1
-6	-	model1
-2	-	model1
3	+	model1
1	+	model1
-15	+	model1
-15	+	model1
75	+	model1
75	+	model1
-100	+	model1
-29	+	model1
-12	-	model1
-12	-	model1
-5	-	model1
29	-	model1
86	-	model1
-125	+	model1
255	-	model1
-1	-	model1
0	+	model1
-164	+	model1
-1	+	model1
4	+	model1
-53	+	model1
5	+	model1
-46	+	model1
-42	+	model1
-88	+	model1
-10	-	model1
26	-	model1
88	-	model1
87	-	model1
70	-	model1
-82	+	model1
5	+	model1
123	-	model1
1	-	model1
-1	-	model1
-56	+	model1
-56	+	model1
-42	+	model1
-42	+	model1
-6	-	model1
-19	-	model1
-12	-	model1
0	-	model1
-155	-	model1
53	-	model1
69	-	model1
158	-	model1
-28	+	model1
-39	+	model1
-49	+	model1
2	+	model1
-34	+	model1
-3	+	model1
0	+	model1
-10	+	model1
-173	+	model1
11	+	model1
-121	+	model1
28	-	model1
62	-	model1
58	-	model1
46	-	model1
84	-	model1
-3	-	model1
-3	-	model1
2	-	model1
29	-	model1
0	-	model1
-8	-	model1
75	-	model1
-21	+	model1
-219	+	model1
-51	+	model1
1	+	model1
32	+	model1
-336	-	model1
-336	-	model1
-380	-	model1
133	-	model1
133	-	model1
98	-	model1
1	-	model1
-4	-	model1
-3	-	model1
-38	+	model1
-1	+	model1
-65	+	model1
12	+	model1
-1	+	model1
1	+	model1
-134	+	model1
84	+	model1
-50	+	model1
-149	+	model1
-81	+	model1
12	+	model1
20	+	model1
19	+	model1
-11	-	model1
-3	-	model1
159	-	model1
86	-	model1
51	-	model1
20	-	model1
51	-	model1
-21	-	model1
125	-	model1
112	-	model1
-16	-	model1
29	-	model1
284	-	model1
141	-	model1
-92	+	model1
-75	+	model1
-11	+	model1
-134	+	model1
-33	-	model1
128	+	model1
4	+	model1
-132	+	model1
35	+	model1
-75	+	model1
-44	+	model1
-69	+	model1
-13	+	model1
43	+	model1
-26	+	model1
-26	+	model1
-3	+	model1
-62	+	model1
195	-	model1
11	-	model1
99	-	model1
99	-	model1
67	-	model1
47	-	model1
-209	+	model1
-70	+	model1
-1	+	model1
4	+	model1
-33	+	model1
2	+	model1
-2	-	model1
187	-	model1
2	-	model1
0	+	model1
1	+	model1
-16	+	model1
53	+	model1
88	-	model1
-42	-	model1
166	-	model1
-35	-	model1
-35	-	model1
31	-	model1
252	+	model1
-46	-	model1
21	+	model1
-20	+	model1
2	+	model1
0	+	model1
9	+	model1
-17	-	model1
-16	-	model1
12	-	model1
35	-	model1
-22	-	model1
2	-	model1
-86	-	model1
-19	-	model1
-19	-	model1
-19	-	model1
-19	-	model1
70	-	model1
70	-	model1
70	-	model1
70	-	model1
135	-	model1
-23	-	model1
-23	-	model1
-16	-	model1
-71	-	model1
94	-	model1
83	-	model1
83	-	model1
83	-	model1
-140	-	model1
14	+	model1
-1	+	model1
-91	+	model1
-53	+	model1
-53	+	model1
16	+	model1
0	+	model1
-205	+	model1
-46	-	model1
12	-	model1
-23	+	model1
5	+	model1
-2	+	model1
-9	+	model1
6	-	model1
52	-	model1
148	-	model1
-3	-	model1
231	-	model1
-86	-	model1
-86	-	model1
-86	-	model1
-86	-	model1
-8	-	model1
59	-	model1
59	-	model1
-2	-	model1
12	-	model1
-27	+	model1
-126	+	model1
83	+	model1
-8	-	model1
-81	+	model1
-81	+	model1
107	-	model1
107	-	model1
107	-	model1
-98	+	model1
5	+	model1
3	+	model1
-25	-	model1
63	-	model1
-5	-	model1
-10	-	model1
-162	+	model1
-156	+	model1
-49	+	model1
5	+	model1
2	+	model1
-3	+	model1
0	+	model1
-10	+	model1
-24	-	model1
-101	-	model1
28	-	model1
62	-	model1
58	-	model1
46	-	model1
79	-	model1
84	-	model1
-3	-	model1
-3	-	model1
-3	-	model1
-3	-	model1
2	-	model1
29	-	model1
-219	+	model1
-184	+	model1
-51	+	model1
1	+	model1
-151	+	model1
-86	+	model1
-11	-	model1
-5	-	model1
-49	-	model1
-15	-	model1
-32	-	model1
0	-	model1
21	-	model1
-99	-	model1
-26	-	model1
-255	-	model1
-38	-	model1
-6	-	model1
52	-	model1
-17	-	model1
-2	-	model1
124	+	model1
-190	+	model1
7	+	model1
2	+	model1
2	+	model1
-3	+	model1
-81	+	model1
12	+	model1
-11	-	model1
-110	-	model1
3	-	model1
20	-	model1
125	-	model1
112	-	model1
-16	-	model1
284	-	model1
284	-	model1
141	-	model1
-92	+	model1
-75	+	model1
-134	+	model1
-132	+	model1
-1	+	model1
-69	+	model1
1	+	model1
-16	+	model1
53	+	model1
-69	+	model1
88	-	model1
-46	-	model1
-46	-	model1
21	+	model1
0	+	model1
37	+	model1
1	+	model1
5	+	model1
5	+	model1
-34	+	model1
-16	+	model1
-42	+	model1
-42	+	model1
-42	+	model1
-42	+	model1
-42	+	model1
-42	+	model1
253	+	model1
-33	+	model1
-33	+	model1
-33	+	model1
-33	+	model1
-33	+	model1
-33	+	model1
-33	+	model1
-33	+	model1
-22	+	model1
188	+	model1
1	-	model1
-27	-	model1
58	-	model1
11	-	model1
-11	-	model1
53	-	model1
-1	+	model1
-56	+	model1
-95	+	model1
-35	+	model1
-119	+	model1
-280	+	model1
-280	+	model1
-7	+	model1
5	+	model1
-1	+	model1
4	+	model1
6	+	model1
6	+	model1
5	+	model1
-93	+	model1
-93	+	model1
123	-	model1
-1	-	model1
-92	+	model1
-92	+	model1
2	+	model1
-11	+	model1
88	-	model1
87	-	model1
1	+	model1
32	+	model1
-26	+	model1
8	+	model1
-74	+	model1
42	-	model1
41	-	model1
-336	-	model1
-336	-	model1
-336	-	model1
-336	-	model1
-380	-	model1
-380	-	model1
133	-	model1
133	-	model1
98	-	model1
1	-	model1
-5	-	model1
-7	-	model1
-3	-	model1
-327	+	model1
30	-	model1
-253	+	model1
-38	+	model1
-65	+	model1
12	+	model1
-1	+	model1
15	+	model1
-12	+	model1
-30	+	model1
167	-	model1
-36	-	model1
32	-	model1
0	-	model1
0	-	model1
20	-	model1
-3	+	model1
-26	-	model1
3	+	model1
-25	-	model1
63	-	model1
-17	-	model1
-156	+	model1
-170	+	model1
-62	+	model1
-13	+	model1
43	+	model1
-26	+	model1
-26	+	model1
-62	+	model1
195	-	model1
46	-	model1
11	-	model1
2	-	model1
99	-	model1
99	-	model1
5	-	model1
67	-	model1
-15	-	model1
-1	+	model1
19	+	model1
4	+	model1
-33	+	model1
2	+	model1
2	+	model1
6	+	model1
-2	+	model1
0	+	model1
7	+	model1
10	+	model1
-7	+	model1
132	+	model1
-16	+	model1
-60	+	model1
-54	+	model1
-16	+	model1
-18	-	model1
-62	+	model1
-62	+	model1
-156	+	model1
-156	+	model1
-69	+	model1
-69	+	model1
-20	-	model1
-20	-	model1
-56	-	model1
90	-	model1
-35	-	model1
1	-	model1
1	-	model1
66	-	model1
123	-	model1
37	-	model1
68	-	model1
47	-	model1
4	-	model1
-29	-	model1
-2	-	model1
170	-	model1
-30	+	model1
-30	+	model1
5	+	model1
-8	-	model1
57	+	model1
170	+	model1
-47	+	model1
-47	+	model1
-45	+	model1
3	+	model1
3	+	model1
6	+	model1
0	+	model1
-18	+	model1
-2	-	model1
187	-	model1
2	-	model1
18	-	model1
0	+	model1
32	+	model1
0	+	model1
37	+	model1
37	+	model1
1	+	model1
-63	+	model1
-63	+	model1
-34	+	model1
-25	+	model1
-42	+	model1
-42	+	model1
-4	+	model1
253	+	model1
-49	+	model1
-33	+	model1
-33	+	model1
-33	+	model1
-73	+	model1
1	-	model1
-12	-	model1
10	-	model1
198	-	model1
-27	-	model1
86	-	model1
59	-	model1
32	-	model1
-23	-	model1
22	-	model1
77	-	model1
151	-	model1
151	-	model1
-11	-	model1
72	-	model1
40	-	model1
53	-	model1
53	-	model1
32	-	model1
-42	+	model1
-17	+	model1
-128	+	model1
-5	-	model1
-95	+	model1
-35	+	model1
-119	+	model1
-280	+	model1
115	+	model1
-7	+	model1
6	+	model1
6	+	model1
-1	+	model1
4	+	model1
4	+	model1
6	+	model1
6	+	model1
-44	+	model1
-311	+	model1
123	-	model1
43	-	model1
-1	-	model1
-104	+	model1
-56	+	model1
-46	-	model1
6	-	model1
27	-	model1
-82	+	model1
-140	+	model1
25	-	model1
-29	-	model1
2	-	model1
33	-	model1
-29	-	model1
-1	-	model1
-1	-	model1
-2	+	model1
-88	-	model1
-98	+	model1
3	+	model1
-81	+	model1
-81	+	model1
-4	-	model1
3	-	model1
3	-	model1
8	-	model1
107	-	model1
107	-	model1
107	-	model1
107	-	model1
107	-	model1
107	-	model1
-16	-	model1
-6	-	model1
31	-	model1
31	-	model1
-2	-	model1
-22	-	model1
-22	-	model1
-22	-	model1
-1	-	model1
-1	-	model1
-1	-	model1
-1	-	model1
-1	-	model1
-1	-	model1
-1	-	model1
-1	-	model1
-1	-	model1
32	+	model1
32	+	model1
-98	+	model1
-98	+	model1
5	+	model1
0	+	model1
15	+	model1
-84	+	model1
-30	+	model1
-192	+	model1
7	-	model1
167	-	model1
-36	-	model1
-36	-	model1
-5	-	model1
32	-	model1
4	-	model1
72	-	model1
50	-	model1
0	-	model1
0	-	model1
20	-	model1
-123	+	model1
-85	+	model1
-3	+	model1
-3	+	model1
3	+	model1
2	+	model1
1	+	model1
1	+	model1
1	+	model1
1	+	model1
2	+	model1
2	+	model1
-77	+	model1
-3	+	model1
-104	+	model1
-50	+	model1
-81	+	model1
12	+	model1
20	+	model1
-11	-	model1
-110	-	model1
80	-	model1
51	-	model1
20	-	model1
125	-	model1
112	-	model1
-16	-	model1
288	-	model1
288	-	model1
284	-	model1
284	-	model1
284	-	model1
141	-	model1
-92	+	model1
-4	-	model1
-75	+	model1
-134	+	model1
-132	+	model1
-1	+	model1
-44	+	model1
-69	+	model1
1	+	model1
1	+	model1
2	+	model1
-32	+	model1
6	+	model1
5	+	model1
-2	+	model1
0	+	model1
10	+	model1
112	+	model1
-2	+	model1
-16	+	model1
-16	+	model1
-60	+	model1
-24	+	model1
-143	+	model1
-65	+	model1
-203	+	model1
-41	+	model1
-163	+	model1
-163	+	model1
3	+	model1
-38	+	model1
-296	+	model1
88	+	model1
-62	+	model1
-62	+	model1
-62	+	model1
-20	-	model1
-20	-	model1
42	-	model1
-6	-	model1
110	-	model1
-266	-	model1
140	-	model1
-10	-	model1
187	-	model1
-274	-	model1
-274	-	model1
-2	-	model1
170	-	model1
-25	-	model1
-140	+	model1
-282	+	model1
-282	+	model1
-62	+	model1
-40	+	model1
-5	+	model1
-68	+	model1
-24	+	model1
-8	+	model1
57	+	model1
3	+	model1
3	+	model1
-47	+	model1
-45	+	model1
71	+	model1
0	+	model1
6	+	model1
1	+	model1
35	+	model1
3	+	model1
37	+	model1
37	+	model1
-1	+	model1
-46	+	model1
14	+	model1
14	+	model1
-67	+	model1
-12	+	model1
-177	+	model1
-177	+	model1
-18	+	model1
0	+	model1
0	+	model1
88	+	model1
139	-	model1
17	-	model1
92	-	model1
78	-	model1
44	-	model1
100	-	model1
9	+	model1
9	+	model1
-54	+	model1
-54	+	model1
-18	+	model1
5	+	model1
-125	+	model1
-56	+	model1
-56	+	model1
-19	-	model1
-12	-	model1
6	-	model1
89	-	model1
69	-	model1
185	-	model1
158	-	model1
158	-	model1
158	-	model1
-28	+	model1
-87	+	model1
-2	+	model1
106	+	model1
-229	+	model1
-11	-	model1
52	-	model1
-17	-	model1
148	-	model1
231	-	model1
20	-	model1
-22	-	model1
300	-	model1
-1	-	model1
-27	+	model1
-78	-	model1
83	+	model1
0	+	model1
46	+	model1
-62	+	model1
-62	+	model1
-17	+	model1
-17	+	model1
66	+	model1
-47	+	model1
3	+	model1
-83	+	model1
-68	+	model1
-50	+	model1
-164	+	model1
-189	+	model1
-189	+	model1
-1	+	model1
-1	+	model1
-12	+	model1
-14	-	model1
205	-	model1
-21	-	model1
-16	-	model1
146	-	model1
40	-	model1
-15	-	model1
-15	-	model1
1	-	model1
88	-	model1
82	-	model1
-27	-	model1
-3	-	model1
100	-	model1
48	-	model1
250	-	model1
-67	+	model1
-55	+	model1
-41	+	model1
-19	+	model1
-19	+	model1
-18	+	model1
-48	+	model1
1	+	model1
1	+	model1
2	+	model1
6	+	model1
-2	+	model1
0	+	model1
0	+	model1
10	+	model1
112	+	model1
-16	+	model1
-170	+	model1
3	+	model1
-62	+	model1
-20	-	model1
-20	-	model1
42	-	model1
-18	-	model1
140	-	model1
108	-	model1
-55	-	model1
-2	-	model1
170	-	model1
-62	+	model1
-249	+	model1
-40	+	model1
57	+	model1
-47	+	model1
-47	+	model1
-45	+	model1
6	+	model1
-86	+	model1
-11	-	model1
-7	-	model1
-49	-	model1
-162	-	model1
-15	-	model1
-9	-	model1
-99	-	model1
85	-	model1
-255	-	model1
52	-	model1
-52	+	model1
91	-	model1
91	-	model1
0	+	model1
-2	-	model1
7	-	model1
7	-	model1
187	-	model1
2	-	model1
18	-	model1
18	-	model1
0	+	model1
-13	+	model1
-4	+	model1
-24	+	model1
-53	+	model1
-53	+	model1
66	+	model1
29	+	model1
-46	+	model1
-103	+	model1
-68	+	model1
-50	+	model1
-10	+	model1
-1	+	model1
-12	+	model1
-14	-	model1
19	-	model1
-24	-	model1
205	-	model1
2	-	model1
146	-	model1
50	-	model1
40	-	model1
85	-	model1
18	-	model1
28	-	model1
93	-	model1
-22	-	model1
82	-	model1
-27	-	model1
250	-	model1
-159	+	model1
-292	+	model1
-186	+	model1
-41	+	model1
-72	+	model1
-137	+	model1
123	+	model1
-1	-	model1
2	+	model1
1	+	model1
12	+	model1
-14	+	model1
-14	+	model1
-15	+	model1
-15	+	model1
-100	+	model1
-88	+	model1
18	-	model1
-12	-	model1
-12	-	model1
-11	-	model1
-17	-	model1
-12	-	model1
10	-	model1
-5	-	model1
29	-	model1
86	-	model1
-103	-	model1
-1	-	model1
-13	-	model1
-50	+	model1
-126	-	model1
0	+	model1
-131	+	model1
44	+	model1
44	+	model1
-171	+	model1
26	+	model1
4	+	model1
2	+	model1
-23	-	model1
6	-	model1
-43	-	model1
0	+	model1
37	+	model1
37	+	model1
1	+	model1
-34	+	model1
-42	+	model1
-42	+	model1
-71	+	model1
-33	+	model1
-33	+	model1
-33	+	model1
-33	+	model1
-22	+	model1
-112	+	model1
1	-	model1
7	-	model1
233	-	model1
-27	-	model1
11	-	model1
84	-	model1
-2	-	model1
-35	+	model1
-119	+	model1
-280	+	model1
-280	+	model1
-2	-	model1
-7	+	model1
-27	+	model1
6	+	model1
6	+	model1
-22	+	model1
-1	+	model1
4	+	model1
1	+	model1
35	+	model1
6	+	model1
1	+	model1
-179	+	model1
-177	+	model1
-177	+	model1
-18	+	model1
52	+	model1
-27	-	model1
54	-	model1
126	-	model1
34	-	model1
34	-	model1
34	-	model1
-4	-	model1
-23	-	model1
27	-	model1
-8	-	model1
96	-	model1
41	-	model1
41	-	model1
113	-	model1
14	-	model1
42	-	model1
55	-	model1
-37	-	model1
100	-	model1
-1	-	model1
60	+	model1
-22	+	model1
162	+	model1
-1	+	model1
-22	+	model1
-69	+	model1
1	+	model1
0	+	model1
37	+	model1
1	+	model1
-21	+	model1
-34	+	model1
-16	+	model1
-19	+	model1
-42	+	model1
-42	+	model1
-42	+	model1
-42	+	model1
-3	+	model1
-33	+	model1
-33	+	model1
-33	+	model1
-33	+	model1
-33	+	model1
-33	+	model1
-22	+	model1
-49	+	model1
-115	+	model1
-176	+	model1
-41	+	model1
107	+	model1
-96	+	model1
188	+	model1
1	-	model1
-15	-	model1
7	-	model1
-26	-	model1
185	-	model1
233	-	model1
198	-	model1
36	-	model1
-27	-	model1
32	-	model1
-125	-	model1
58	-	model1
-23	-	model1
151	-	model1
151	-	model1
151	-	model1
-5	-	model1
72	-	model1
76	-	model1
182	-	model1
32	-	model1
-17	+	model1
-17	+	model1
-128	+	model1
-128	+	model1
-132	+	model1
-130	+	model1
-2	-	model1
-95	+	model1
-76	+	model1
-76	+	model1
-35	+	model1
-119	+	model1
-280	+	model1
-280	+	model1
-19	+	model1
-2	-	model1
-27	+	model1
-27	+	model1
-7	+	model1
-1	+	model1
4	+	model1
2	+	model1
-20	+	model1
5	+	model1
9	+	model1
-39	+	model1
-363	+	model1
-17	-	model1
118	-	model1
118	-	model1
84	-	model1
84	-	model1
7	-	model1
157	-	model1
157	-	model1
35	-	model1
-86	-	model1
-10	-	model1
-10	-	model1
48	-	model1
-19	-	model1
-19	-	model1
135	-	model1
-6	-	model1
40	-	model1
94	-	model1
83	-	model1
83	-	model1
83	-	model1
-85	-	model1
-85	-	model1
-37	-	model1
-23	+	model1
-191	+	model1
-85	+	model1
-1	+	model1
-115	+	model1
-31	+	model1
-62	+	model1
-76	+	model1
-91	+	model1
-53	+	model1
-53	+	model1
0	+	model1
-205	+	model1
-205	+	model1
-36	+	model1
0	+	model1
3	+	model1
1	+	model1
4	+	model1
221	+	model1
-54	+	model1
-54	+	model1
-15	+	model1
-15	+	model1
17	+	model1
-29	+	model1
6	+	model1
-163	+	model1
-6	+	model1
-112	+	model1
-97	-	model1
136	-	model1
-11	-	model1
-12	-	model1
-12	-	model1
0	-	model1
15	-	model1
-11	-	model1
-17	-	model1
35	-	model1
29	-	model1
86	-	model1
-15	-	model1
44	-	model1
-11	-	model1
273	-	model1
-44	-	model1
-29	-	model1
-125	+	model1
-19	+	model1
0	+	model1
-164	+	model1
-51	+	model1
-75	+	model1
4	+	model1
-53	+	model1
-52	+	model1
5	+	model1
-39	+	model1
-49	+	model1
-49	+	model1
-2	+	model1
2	+	model1
0	+	model1
-10	+	model1
-32	+	model1
-84	+	model1
-84	+	model1
-27	+	model1
-92	+	model1
-84	+	model1
-151	+	model1
31	+	model1
-61	-	model1
-61	-	model1
84	-	model1
0	-	model1
47	-	model1
38	-	model1
-265	-	model1
58	-	model1
46	-	model1
79	-	model1
79	-	model1
16	-	model1
16	-	model1
-3	-	model1
-3	-	model1
-3	-	model1
-17	-	model1
2	-	model1
-82	-	model1
-254	-	model1
29	-	model1
146	-	model1
-8	-	model1
-123	+	model1
-39	+	model1
3	+	model1
-46	+	model1
-21	+	model1
-219	+	model1
38	+	model1
-40	+	model1
26	-	model1
-51	+	model1
-20	+	model1
-20	+	model1
2	+	model1
-118	+	model1
-56	+	model1
-56	+	model1
10	-	model1
12	-	model1
-134	-	model1
35	-	model1
228	-	model1
228	-	model1
228	-	model1
228	-	model1
39	-	model1
-22	-	model1
2	-	model1
1	-	model1
0	-	model1
-86	-	model1
-10	-	model1
-10	-	model1
96	-	model1
48	-	model1
-19	-	model1
-19	-	model1
-19	-	model1
-19	-	model1
70	-	model1
70	-	model1
70	-	model1
70	-	model1
135	-	model1
134	-	model1
96	-	model1
96	-	model1
96	-	model1
96	-	model1
70	-	model1
-16	-	model1
102	-	model1
5	-	model1
18	-	model1
94	-	model1
94	-	model1
83	-	model1
83	-	model1
83	-	model1
-21	-	model1
-37	-	model1
-1	+	model1
-1	+	model1
-192	+	model1
-119	+	model1
-115	+	model1
16	+	model1
-12	+	model1
-12	+	model1
-64	+	model1
0	+	model1
0	+	model1
-1	+	model1
1	+	model1
2	+	model1
-1	+	model1
69	+	model1
-1	+	model1
6	+	model1
6	+	model1
-26	+	model1
-2	+	model1
0	+	model1
0	+	model1
0	+	model1
0	+	model1
7	+	model1
7	+	model1
10	+	model1
-7	+	model1
132	+	model1
112	+	model1
-16	+	model1
-170	+	model1
-148	+	model1
-148	+	model1
-9	+	model1
-12	+	model1
-190	+	model1
-190	+	model1
-108	+	model1
-41	+	model1
-25	+	model1
-82	+	model1
3	+	model1
-38	+	model1
-72	+	model1
254	+	model1
-62	+	model1
-62	+	model1
-4	+	model1
-34	+	model1
-68	+	model1
-56	-	model1
42	-	model1
-15	-	model1
12	-	model1
-13	-	model1
47	-	model1
24	-	model1
3	-	model1
110	-	model1
142	-	model1
140	-	model1
-27	-	model1
-27	-	model1
-21	-	model1
32	-	model1
-10	-	model1
108	-	model1
99	-	model1
-10	-	model1
-10	-	model1
26	-	model1
47	-	model1
203	-	model1
4	-	model1
115	-	model1
147	-	model1
-55	-	model1
-29	-	model1
-2	-	model1
170	-	model1
-153	+	model1
-31	-	model1
-79	+	model1
-43	+	model1
117	+	model1
-62	+	model1
-52	+	model1
-40	+	model1
-74	+	model1
18	+	model1
246	+	model1
-24	+	model1
57	+	model1
170	+	model1
-25	+	model1
3	+	model1
3	+	model1
-47	+	model1
-45	+	model1
74	-	model1
-14	+	model1
43	-	model1
0	+	model1
6	+	model1
1	+	model1
5	+	model1
-16	+	model1
-61	+	model1
-69	+	model1
-106	+	model1
-88	+	model1
-92	+	model1
88	-	model1
-15	-	model1
-8	-	model1
159	-	model1
-14	-	model1
-158	-	model1
-9	-	model1
-6	-	model1
-46	-	model1
-46	-	model1
-146	+	model1
-24	-	model1
21	+	model1
-12	+	model1
-12	+	model1
-1	+	model1
2	+	model1
0	+	model1
2	+	model1
0	+	model1
-4	+	model1
-10	+	model1
-173	+	model1
-202	+	model1
-54	+	model1
-116	+	model1
-55	+	model1
-55	+	model1
-151	+	model1
-8	-	model1
-101	-	model1
62	-	model1
62	-	model1
58	-	model1
46	-	model1
79	-	model1
84	-	model1
21	-	model1
172	-	model1
-3	-	model1
-3	-	model1
-3	-	model1
-3	-	model1
-82	-	model1
29	-	model1
146	-	model1
0	-	model1
23	-	model1
-8	-	model1
-123	+	model1
-87	+	model1
-48	+	model1
-48	+	model1
-12	+	model1
-21	+	model1
-40	+	model1
-51	+	model1
72	+	model1
-50	+	model1
-20	+	model1
3	+	model1
-32	+	model1
-25	-	model1
1	-	model1
87	-	model1
-66	-	model1
63	-	model1
62	-	model1
-17	-	model1
17	-	model1
-27	-	model1
-156	+	model1
-170	+	model1
-4	+	model1
1	+	model1
-85	+	model1
35	+	model1
1	+	model1
1	+	model1
-1	+	model1
-46	+	model1
-12	+	model1
-7	+	model1
-7	+	model1
-177	+	model1
-177	+	model1
-18	+	model1
-147	+	model1
5	+	model1
12	-	model1
12	-	model1
-20	-	model1
111	-	model1
-5	-	model1
-4	-	model1
-56	-	model1
139	-	model1
-23	-	model1
-8	-	model1
96	-	model1
92	-	model1
78	-	model1
-3	-	model1
44	-	model1
55	-	model1
-33	-	model1
27	-	model1
100	-	model1
-1	-	model1
5	+	model1
5	+	model1
9	+	model1
162	+	model1
-18	+	model1
-1	-	model1
1	+	model1
94	+	model1
-69	+	model1
88	-	model1
-15	-	model1
39	-	model1
166	-	model1
252	+	model1
-24	-	model1
-63	+	model1
-63	+	model1
-17	+	model1
16	+	model1
-6	+	model1
21	+	model1
-82	+	model1
-140	+	model1
-34	+	model1
-10	-	model1
-4	-	model1
-29	-	model1
-29	-	model1
66	-	model1
2	-	model1
33	-	model1
-28	-	model1
-19	-	model1
-29	-	model1
-38	-	model1
-38	-	model1
-24	-	model1
-1	-	model1
-1	-	model1
91	-	model1
-2	+	model1
-88	-	model1
30	+	model1
-98	+	model1
44	+	model1
-166	+	model1
-25	+	model1
1	+	model1
1	+	model1
2	+	model1
0	+	model1
-62	+	model1
-62	+	model1
-17	+	model1
66	+	model1
-46	+	model1
-46	+	model1
-47	+	model1
-46	+	model1
-83	+	model1
70	+	model1
-64	+	model1
-68	+	model1
-121	+	model1
-12	+	model1
-50	+	model1
-84	+	model1
-189	+	model1
-189	+	model1
-1	+	model1
-247	+	model1
-56	+	model1
-12	+	model1
-14	-	model1
108	-	model1
108	-	model1
122	-	model1
205	-	model1
-21	-	model1
-21	-	model1
-28	-	model1
168	-	model1
-70	-	model1
223	-	model1
146	-	model1
-7	-	model1
-8	-	model1
182	-	model1
182	-	model1
50	-	model1
100	-	model1
40	-	model1
66	-	model1
18	-	model1
28	-	model1
28	-	model1
55	-	model1
26	-	model1
88	-	model1
3	-	model1
82	-	model1
-27	-	model1
-3	-	model1
100	-	model1
48	-	model1
58	-	model1
250	-	model1
-64	+	model1
-191	+	model1
-292	+	model1
13	+	model1
-55	+	model1
-61	+	model1
-11	+	model1
-11	+	model1
-19	+	model1
-19	+	model1
22	+	model1
24	+	model1
123	+	model1
-30	+	model1
-74	+	model1
1	+	model1
-6	+	model1
-6	+	model1
-94	+	model1
3	+	model1
-93	+	model1
-43	+	model1
-293	+	model1
-25	-	model1
1	-	model1
63	-	model1
-18	-	model1
-156	+	model1
-156	+	model1
-204	+	model1
-170	+	model1
15	+	model1
-83	+	model1
-83	+	model1
-49	+	model1
-30	+	model1
-66	+	model1
-66	+	model1
-66	+	model1
-66	+	model1
-192	+	model1
167	-	model1
75	-	model1
-36	-	model1
-36	-	model1
306	-	model1
32	-	model1
4	-	model1
50	-	model1
0	-	model1
20	-	model1
147	-	model1
-2	+	model1
-123	+	model1
-85	+	model1
-13	+	model1
-82	+	model1
200	+	model1
200	+	model1
-53	+	model1
8	+	model1
41	-	model1
-29	-	model1
98	-	model1
66	-	model1
-29	-	model1
-38	-	model1
-16	-	model1
-24	-	model1
-1	-	model1
-1	-	model1
-8	-	model1
-2	+	model1
-146	+	model1
-98	+	model1
-80	+	model1
-166	+	model1
1	+	model1
0	+	model1
5	+	model1
3	+	model1
1	+	model1
-15	+	model1
-15	+	model1
-55	+	model1
75	+	model1
75	+	model1
17	+	model1
-29	+	model1
-117	+	model1
-6	+	model1
26	-	model1
-12	-	model1
-12	-	model1
0	-	model1
154	-	model1
-11	-	model1
-7	-	model1
174	-	model1
22	-	model1
-17	-	model1
33	-	model1
-5	-	model1
29	-	model1
86	-	model1
-11	-	model1
-18	-	model1
94	-	model1
44	-	model1
-11	-	model1
1	-	model1
-44	-	model1
-125	+	model1
-1	-	model1
-100	+	model1
0	+	model1
-25	+	model1
-25	+	model1
-164	+	model1
-51	+	model1
-85	+	model1
-158	+	model1
21	+	model1
-1	+	model1
4	+	model1
-73	+	model1
-53	+	model1
15	+	model1
6	+	model1
-9	+	model1
12	+	model1
-30	+	model1
-192	+	model1
-195	+	model1
7	-	model1
167	-	model1
-36	-	model1
-36	-	model1
1	-	model1
1	-	model1
-11	-	model1
8	-	model1
32	-	model1
81	-	model1
72	-	model1
0	-	model1
0	-	model1
4	-	model1
20	-	model1
147	-	model1
-42	-	model1
-39	+	model1
-182	+	model1
-39	+	model1
-39	+	model1
-3	+	model1
3	+	model1
-75	+	model1
-75	+	model1
22	+	model1
5	+	model1
5	+	model1
-19	-	model1
-12	-	model1
89	-	model1
53	-	model1
53	-	model1
69	-	model1
158	-	model1
81	-	model1
-49	-	model1
-49	-	model1
-33	-	model1
-101	+	model1
-68	+	model1
-136	+	model1
-59	+	model1
-28	+	model1
-159	+	model1
-7	+	model1
-39	+	model1
2	+	model1
-49	+	model1
-49	+	model1
5	+	model1
2	+	model1
-34	+	model1
-3	+	model1
-18	+	model1
0	+	model1
0	+	model1
0	+	model1
-1	-	model1
-4	+	model1
-35	+	model1
-10	+	model1
-32	+	model1
-129	+	model1
-173	+	model1
-55	+	model1
-55	+	model1
11	+	model1
-151	+	model1
-121	+	model1
-48	-	model1
-24	-	model1
77	-	model1
-351	-	model1
-61	-	model1
-282	-	model1
-324	-	model1
-101	-	model1
28	-	model1
47	-	model1
62	-	model1
62	-	model1
58	-	model1
46	-	model1
79	-	model1
274	-	model1
84	-	model1
-3	-	model1
-3	-	model1
-3	-	model1
-3	-	model1
-3	-	model1
-3	-	model1
-3	-	model1
-3	-	model1
-31	-	model1
2	-	model1
-82	-	model1
53	-	model1
29	-	model1
-13	-	model1
-47	-	model1
146	-	model1
47	-	model1
0	-	model1
-8	-	model1
1	-	model1
-123	+	model1
-87	+	model1
75	-	model1
-31	+	model1
-1	-	model1
-48	+	model1
-121	+	model1
-21	+	model1
-219	+	model1
11	+	model1
26	-	model1
-51	+	model1
-56	+	model1
-56	+	model1
-42	+	model1
-42	+	model1
-169	+	model1
-216	+	model1
-216	+	model1
-189	+	model1
-19	-	model1
-12	-	model1
-7	-	model1
108	-	model1
6	-	model1
38	-	model1
38	-	model1
68	-	model1
63	-	model1
101	-	model1
162	-	model1
164	-	model1
69	-	model1
-142	-	model1
-24	-	model1
-49	-	model1
-49	-	model1
80	-	model1
40	-	model1
-75	+	model1
-28	+	model1
54	+	model1
54	+	model1
-17	-	model1
-5	-	model1
-10	-	model1
88	-	model1
87	-	model1
70	-	model1
93	+	model1
1	+	model1
-63	+	model1
-41	+	model1
53	+	model1
-69	+	model1
-106	+	model1
88	-	model1
-15	-	model1
39	-	model1
-4	-	model1
-54	-	model1
-61	-	model1
-60	-	model1
-26	-	model1
40	-	model1
-6	-	model1
4	-	model1
-11	-	model1
252	+	model1
-46	-	model1
21	+	model1
0	+	model1
-112	+	model1
-112	+	model1
-160	+	model1
-87	+	model1
-2	+	model1
-9	+	model1
-34	+	model1
-107	+	model1
-27	+	model1
106	+	model1
52	-	model1
148	-	model1
-63	-	model1
123	-	model1
-3	-	model1
13	-	model1
231	-	model1
-175	-	model1
-8	-	model1
-2	-	model1
-104	+	model1
-129	+	model1
-27	+	model1
-78	-	model1
-126	+	model1
83	+	model1
-128	+	model1
0	+	model1
-83	+	model1
-83	+	model1
-2	+	model1
54	+	model1
54	+	model1
15	-	model1
-19	+	model1
-56	+	model1
-33	+	model1
-82	+	model1
-197	+	model1
-53	+	model1
-140	+	model1
-31	+	model1
25	-	model1
-28	-	model1
41	-	model1
-29	-	model1
66	-	model1
2	-	model1
-14	-	model1
33	-	model1
9	-	model1
65	-	model1
-29	-	model1
-38	-	model1
-16	-	model1
-24	-	model1
-86	-	model1
-1	-	model1
1	-	model1
-1	-	model1
-8	-	model1
-2	+	model1
-88	-	model1
-116	+	model1
-152	+	model1
-233	+	model1
30	+	model1
-98	+	model1
-166	+	model1
-30	+	model1
-13	+	model1
62	+	model1
43	+	model1
-26	+	model1
-26	+	model1
-36	+	model1
13	+	model1
-46	+	model1
-46	+	model1
-3	+	model1
-62	+	model1
195	-	model1
37	-	model1
99	-	model1
99	-	model1
5	-	model1
23	-	model1
67	-	model1
60	-	model1
47	-	model1
72	-	model1
-6	+	model1
-36	+	model1
-1	+	model1
-1	+	model1
4	+	model1
-33	+	model1
2	+	model1
137	+	model1
27	+	model1
-229	+	model1
52	-	model1
-17	-	model1
148	-	model1
37	-	model1
70	-	model1
-86	-	model1
-86	-	model1
20	-	model1
-15	-	model1
-4	-	model1
76	-	model1
300	-	model1
-20	+	model1
-27	+	model1
-78	-	model1
-49	+	model1
-51	+	model1
-48	+	model1
6	+	model1
6	+	model1
-44	+	model1
-93	+	model1
-93	+	model1
-168	+	model1
-168	+	model1
-311	+	model1
123	-	model1
127	-	model1
29	-	model1
-1	-	model1
-56	+	model1
-92	+	model1
-92	+	model1
-72	+	model1
15	+	model1
-72	+	model1
-32	+	model1
-84	+	model1
-9	+	model1
12	+	model1
12	+	model1
-12	+	model1
4	+	model1
-48	+	model1
-136	+	model1
-192	+	model1
54	-	model1
-195	+	model1
-374	-	model1
167	-	model1
18	-	model1
32	-	model1
-75	-	model1
-36	-	model1
-36	-	model1
-36	-	model1
-36	-	model1
1	-	model1
-91	-	model1
14	-	model1
156	-	model1
-5	-	model1
32	-	model1
32	-	model1
4	-	model1
72	-	model1
80	-	model1
-22	-	model1
55	-	model1
50	-	model1
0	-	model1
0	-	model1
4	-	model1
96	-	model1
20	-	model1
-123	+	model1
-85	+	model1
-13	+	model1
75	+	model1
75	+	model1
-5	+	model1
-39	+	model1
-3	+	model1
3	+	model1
2	+	model1
-13	+	model1
43	+	model1
93	+	model1
-36	+	model1
-46	+	model1
54	+	model1
8	+	model1
-62	+	model1
-5	-	model1
11	-	model1
88	-	model1
2	-	model1
71	-	model1
27	-	model1
28	-	model1
51	-	model1
125	-	model1
99	-	model1
5	-	model1
67	-	model1
-15	-	model1
47	-	model1
-40	+	model1
-40	+	model1
-40	+	model1
-40	+	model1
-40	+	model1
-40	+	model1
-40	+	model1
-40	+	model1
-40	+	model1
-40	+	model1
-40	+	model1
-40	+	model1
-40	+	model1
-40	+	model1
-40	+	model1
-40	+	model1
-40	+	model1
-40	+	model1
-40	+	model1
-40	+	model1
-40	+	model1
-40	+	model1
-40	+	model1
-40	+	model1
-40	+	model1
-36	+	model1
-1	+	model1
4	+	model1
-33	+	model1
2	+	model1
1	+	model1
32	+	model1
-26	+	model1
8	+	model1
6	+	model1
27	+	model1
-74	+	model1
45	+	model1
-15	-	model1
-16	-	model1
-1	-	model1
-12	-	model1
42	-	model1
41	-	model1
-206	-	model1
3	-	model1
-22	-	model1
-336	-	model1
-336	-	model1
-336	-	model1
-336	-	model1
-380	-	model1
-380	-	model1
-380	-	model1
-380	-	model1
72	-	model1
-119	-	model1
133	-	model1
133	-	model1
133	-	model1
98	-	model1
1	-	model1
1	-	model1
88	-	model1
-4	-	model1
-52	-	model1
95	-	model1
30	-	model1
107	-	model1
107	-	model1
146	-	model1
70	-	model1
-25	-	model1
-41	-	model1
-64	-	model1
-7	-	model1
-2	-	model1
-3	-	model1
-3	-	model1
-327	+	model1
-327	+	model1
-8	+	model1
-8	+	model1
-8	+	model1
-2	-	model1
-59	+	model1
-253	+	model1
-253	+	model1
-1	-	model1
-1	-	model1
193	+	model1
-67	+	model1
-67	+	model1
-2	+	model1
-1	+	model1
4	+	model1
-65	+	model1
12	+	model1
-1	+	model1
-9	-	model1
-4	+	model1
-224	+	model1
-86	+	model1
-11	-	model1
-7	-	model1
-29	-	model1
-49	-	model1
0	-	model1
-15	-	model1
-27	-	model1
-9	-	model1
-32	-	model1
-99	-	model1
-255	-	model1
-29	-	model1
-18	-	model1
-6	-	model1
52	-	model1
205	+	model1
205	+	model1
-38	+	model1
-11	+	model1
1	+	model1
19	+	model1
-6	+	model1
5	+	model1
-125	+	model1
-56	+	model1
-56	+	model1
-42	+	model1
-42	+	model1
23	-	model1
-189	+	model1
98	+	model1
-19	-	model1
-12	-	model1
-7	-	model1
6	-	model1
38	-	model1
89	-	model1
-155	-	model1
101	-	model1
-14	-	model1
-17	-	model1
53	-	model1
53	-	model1
69	-	model1
158	-	model1
158	-	model1
158	-	model1
86	-	model1
83	-	model1
22	-	model1
-69	+	model1
-68	+	model1
-3	+	model1
-28	+	model1
-16	+	model1
-35	+	model1
1	+	model1
1	+	model1
1	+	model1
1	+	model1
2	+	model1
-25	+	model1
-4	+	model1
109	+	model1
62	+	model1
24	+	model1
-109	+	model1
-3	+	model1
-13	+	model1
-41	+	model1
-41	+	model1
-134	+	model1
84	+	model1
-50	+	model1
-36	+	model1
-81	+	model1
12	+	model1
-124	+	model1
20	+	model1
-139	+	model1
19	+	model1
-11	-	model1
-3	-	model1
-3	-	model1
-5	-	model1
-5	-	model1
-18	-	model1
50	-	model1
70	-	model1
26	-	model1
51	-	model1
20	-	model1
107	-	model1
-16	-	model1
-21	-	model1
56	-	model1
112	-	model1
-16	-	model1
29	-	model1
288	-	model1
288	-	model1
284	-	model1
284	-	model1
-3	+	model1
141	-	model1
-92	+	model1
-4	-	model1
-75	+	model1
269	+	model1
-134	+	model1
4	+	model1
-132	+	model1
-25	+	model1
23	+	model1
-25	-	model1
5	+	model1
5	+	model1
-69	+	model1
6	+	model1
1	+	model1
32	+	model1
164	+	model1
164	+	model1
-16	+	model1
-26	+	model1
-13	+	model1
8	+	model1
159	+	model1
67	-	model1
-57	+	model1
-1	-	model1
-336	-	model1
-380	-	model1
133	-	model1
133	-	model1
63	-	model1
98	-	model1
0	-	model1
73	-	model1
23	-	model1
186	-	model1
150	-	model1
167	-	model1
109	-	model1
109	-	model1
107	-	model1
107	-	model1
23	-	model1
-342	-	model1
-342	-	model1
146	-	model1
-3	-	model1
-2	-	model1
-3	-	model1
-3	-	model1
-327	+	model1
51	-	model1
-253	+	model1
-106	+	model1
-1	-	model1
35	+	model1
-38	+	model1
287	+	model1
-65	+	model1
12	+	model1
-1	+	model1
2	+	model1
2	+	model1
-51	+	model1
-11	+	model1
-84	+	model1
21	+	model1
54	+	model1
54	+	model1
171	-	model1
127	-	model1
88	-	model1
87	-	model1
-6	-	model1
70	-	model1
-208	+	model1
-208	+	model1
-82	+	model1
-98	+	model1
-98	+	model1
37	+	model1
93	+	model1
-13	+	model1
62	+	model1
43	+	model1
-36	+	model1
-15	+	model1
-4	+	model1
89	+	model1
-76	+	model1
-76	+	model1
-62	+	model1
195	-	model1
46	-	model1
11	-	model1
2	-	model1
27	-	model1
28	-	model1
81	-	model1
81	-	model1
51	-	model1
125	-	model1
99	-	model1
99	-	model1
4	-	model1
4	-	model1
5	-	model1
17	-	model1
67	-	model1
-15	-	model1
-42	+	model1
-6	+	model1
-36	+	model1
-70	+	model1
-110	+	model1
-1	+	model1
4	+	model1
-33	+	model1
2	+	model1
-44	+	model1
5	+	model1
168	-	model1
43	-	model1
348	-	model1
-1	-	model1
-58	+	model1
0	+	model1
-24	+	model1
-18	+	model1
-2	-	model1
7	-	model1
187	-	model1
2	-	model1
18	-	model1
174	-	model1
174	-	model1
44	-	model1
-2	+	model1
-8	+	model1
-87	+	model1
-9	+	model1
-2	+	model1
-9	+	model1
106	+	model1
-229	+	model1
52	-	model1
52	-	model1
-17	-	model1
-17	-	model1
148	-	model1
148	-	model1
82	-	model1
-95	-	model1
-95	-	model1
-86	-	model1
-86	-	model1
-86	-	model1
-86	-	model1
-86	-	model1
-86	-	model1
206	-	model1
-22	-	model1
-4	-	model1
-25	-	model1
99	-	model1
48	-	model1
34	-	model1
126	-	model1
-104	+	model1
-1	-	model1
-148	+	model1
-27	+	model1
-78	-	model1
-198	+	model1
83	+	model1
36	+	model1
-60	+	model1
-18	+	model1
-2	-	model1
7	-	model1
7	-	model1
187	-	model1
2	-	model1
-65	-	model1
-65	-	model1
209	-	model1
-11	-	model1
18	-	model1
-147	+	model1
0	+	model1
-32	+	model1
-4	+	model1
6	-	model1
-19	-	model1
1	-	model1
76	-	model1
5	+	model1
5	+	model1
-83	+	model1
6	-	model1
-43	-	model1
-19	-	model1
118	+	model1
-103	+	model1
121	+	model1
34	+	model1
-27	+	model1
-224	+	model1
125	+	model1
-86	+	model1
-11	-	model1
-7	-	model1
-5	-	model1
-49	-	model1
-162	-	model1
-15	-	model1
-27	-	model1
-27	-	model1
-9	-	model1
-32	-	model1
32	-	model1
50	-	model1
50	-	model1
-99	-	model1
85	-	model1
-26	-	model1
-255	-	model1
-29	-	model1
-101	-	model1
142	-	model1
111	-	model1
52	-	model1
-2	-	model1
35	+	model1
30	+	model1
205	+	model1
7	+	model1
-7	+	model1
91	-	model1
91	-	model1
16	+	model1
16	+	model1
-81	+	model1
-81	+	model1
-9	-	model1
159	-	model1
20	-	model1
-4	-	model1
3	-	model1
3	-	model1
8	-	model1
107	-	model1
107	-	model1
107	-	model1
107	-	model1
107	-	model1
107	-	model1
1	-	model1
-16	-	model1
-6	-	model1
-6	-	model1
31	-	model1
31	-	model1
8	-	model1
-55	-	model1
2	-	model1
-2	-	model1
-2	-	model1
-22	-	model1
-22	-	model1
-22	-	model1
-1	-	model1
-1	-	model1
-1	-	model1
-1	-	model1
-1	-	model1
-1	-	model1
-1	-	model1
-1	-	model1
-1	-	model1
-82	+	model1
6	+	model1
32	+	model1
32	+	model1
-98	+	model1
-98	+	model1
-10	+	model1
-21	+	model1
-81	+	model1
41	-	model1
45	-	model1
4	-	model1
-16	-	model1
72	-	model1
-22	-	model1
-22	-	model1
-22	-	model1
-1	-	model1
-1	-	model1
-1	-	model1
176	+	model1
-144	+	model1
-3	+	model1
4	+	model1
117	+	model1
5	+	model1
39	+	model1
34	+	model1
-103	+	model1
-151	+	model1
-27	+	model1
-86	+	model1
-11	-	model1
-16	-	model1
-5	-	model1
-49	-	model1
-19	-	model1
-15	-	model1
-9	-	model1
-32	-	model1
32	-	model1
0	-	model1
-17	-	model1
21	-	model1
-99	-	model1
-255	-	model1
2	-	model1
-18	-	model1
-38	-	model1
-191	-	model1
-6	-	model1
52	-	model1
-17	-	model1
15	-	model1
-2	-	model1
-85	+	model1
-191	+	model1
40	+	model1
-1	+	model1
-56	+	model1
91	-	model1
91	-	model1
3	+	model1
-6	+	model1
-44	+	model1
58	+	model1
142	+	model1
-84	+	model1
-256	+	model1
-311	+	model1
43	-	model1
42	-	model1
348	-	model1
-1	-	model1
-1	-	model1
-104	+	model1
-58	+	model1
-56	+	model1
1	+	model1
1	+	model1
1	+	model1
1	+	model1
1	+	model1
1	+	model1
5	+	model1
-2	+	model1
-4	+	model1
61	+	model1
-41	+	model1
-41	+	model1
-111	+	model1
-158	+	model1
377	+	model1
84	+	model1
84	+	model1
-36	+	model1
-36	+	model1
-132	+	model1
-81	+	model1
12	+	model1
-111	+	model1
-111	+	model1
20	+	model1
-139	+	model1
3	-	model1
19	+	model1
-160	+	model1
65	-	model1
-11	-	model1
-3	-	model1
-30	-	model1
106	-	model1
3	-	model1
56	-	model1
56	-	model1
20	-	model1
249	-	model1
120	-	model1
-9	-	model1
51	-	model1
112	-	model1
-16	-	model1
29	-	model1
41	-	model1
41	-	model1
-41	-	model1
-41	-	model1
-22	-	model1
-22	-	model1
-92	+	model1
-105	+	model1
-105	+	model1
-75	+	model1
-130	+	model1
-134	+	model1
-33	-	model1
128	+	model1
-132	+	model1
-80	+	model1
-2	-	model1
-2	-	model1
-22	+	model1
117	-	model1
-137	+	model1
-141	+	model1
-22	+	model1
5	+	model1
-44	+	model1
-84	+	model1
-69	+	model1
1	+	model1
5	+	model1
32	+	model1
-39	+	model1
0	+	model1
164	+	model1
-90	+	model1
-26	+	model1
8	+	model1
40	+	model1
107	+	model1
27	+	model1
-74	+	model1
-39	+	model1
-39	+	model1
-15	-	model1
-6	+	model1
-1	-	model1
42	-	model1
42	-	model1
26	-	model1
26	-	model1
26	-	model1
26	-	model1
-12	-	model1
42	-	model1
-4	-	model1
41	-	model1
-336	-	model1
-380	-	model1
133	-	model1
133	-	model1
-39	-	model1
98	-	model1
98	-	model1
0	-	model1
-4	-	model1
63	-	model1
23	-	model1
150	-	model1
167	-	model1
67	-	model1
109	-	model1
109	-	model1
107	-	model1
107	-	model1
23	-	model1
11	-	model1
-342	-	model1
-342	-	model1
-10	-	model1
54	-	model1
146	-	model1
99	-	model1
-64	-	model1
-7	-	model1
57	-	model1
-3	-	model1
-2	-	model1
-3	-	model1
-3	-	model1
-3	-	model1
-327	+	model1
51	-	model1
-8	+	model1
-8	+	model1
-253	+	model1
-1	-	model1
-100	+	model1
-100	+	model1
82	-	model1
-155	+	model1
-155	+	model1
-1	-	model1
38	+	model1
-112	+	model1
-38	+	model1
-1	+	model1
-65	+	model1
12	+	model1
-1	+	model1
-9	-	model1
-1	+	model1
0	+	model1
37	+	model1
1	+	model1
-34	+	model1
-16	+	model1
-42	+	model1
-42	+	model1
-42	+	model1
-42	+	model1
-42	+	model1
-42	+	model1
-33	+	model1
-33	+	model1
-33	+	model1
-33	+	model1
-33	+	model1
-33	+	model1
-33	+	model1
-33	+	model1
-22	+	model1
-26	+	model1
188	+	model1
1	-	model1
-27	-	model1
32	-	model1
56	-	model1
58	-	model1
-23	-	model1
66	-	model1
52	-	model1
94	-	model1
-56	+	model1
-35	+	model1
-119	+	model1
-280	+	model1
-280	+	model1
-7	+	model1
6	+	model1
-1	+	model1
4	+	model1
-23	-	model1
6	-	model1
212	-	model1
-43	-	model1
-19	-	model1
-103	+	model1
0	+	model1
36	+	model1
-55	+	model1
-18	+	model1
-2	-	model1
7	-	model1
187	-	model1
187	-	model1
2	-	model1
18	-	model1
17	-	model1
-65	-	model1
-65	-	model1
209	-	model1
18	-	model1
2	-	model1
-175	+	model1
0	+	model1
-8	+	model1
-13	+	model1
-4	+	model1
9	+	model1
-11	+	model1
-70	+	model1
-21	+	model1
-81	+	model1
107	-	model1
107	-	model1
107	-	model1
107	-	model1
107	-	model1
107	-	model1
4	-	model1
18	-	model1
-16	-	model1
-13	-	model1
-55	-	model1
2	-	model1
63	-	model1
72	-	model1
-22	-	model1
-22	-	model1
-22	-	model1
-1	-	model1
-1	-	model1
-1	-	model1
-1	-	model1
-1	-	model1
-1	-	model1
-1	-	model1
-229	+	model1
176	+	model1
-167	+	model1
-144	+	model1
4	+	model1
117	+	model1
117	+	model1
5	+	model1
1	+	model1
2	+	model1
-31	+	model1
6	+	model1
6	+	model1
-2	+	model1
0	+	model1
0	+	model1
38	+	model1
10	+	model1
132	+	model1
-16	+	model1
-170	+	model1
3	+	model1
-62	+	model1
-20	-	model1
-20	-	model1
42	-	model1
24	-	model1
-18	-	model1
140	-	model1
126	-	model1
108	-	model1
37	-	model1
2	-	model1
-55	-	model1
-2	-	model1
170	-	model1
-78	-	model1
-161	+	model1
5	+	model1
-74	+	model1
57	+	model1
170	+	model1
-9	+	model1
-47	+	model1
-47	+	model1
-45	+	model1
-14	+	model1
6	+	model1
2	+	model1
2	+	model1
0	+	model1
0	+	model1
-20	+	model1
2	+	model1
5	+	model1
-25	+	model1
-25	+	model1
-118	+	model1
-118	+	model1
-216	+	model1
-87	-	model1
-17	-	model1
-18	-	model1
-16	-	model1
12	-	model1
35	-	model1
228	-	model1
228	-	model1
228	-	model1
228	-	model1
-22	-	model1
2	-	model1
-13	-	model1
1	-	model1
-86	-	model1
-10	-	model1
-10	-	model1
59	-	model1
88	-	model1
88	-	model1
88	-	model1
88	-	model1
48	-	model1
-19	-	model1
-19	-	model1
-19	-	model1
-19	-	model1
70	-	model1
70	-	model1
70	-	model1
70	-	model1
-7	-	model1
135	-	model1
96	-	model1
96	-	model1
96	-	model1
96	-	model1
-23	-	model1
-16	-	model1
97	-	model1
97	-	model1
97	-	model1
97	-	model1
-25	-	model1
18	-	model1
-71	-	model1
94	-	model1
83	-	model1
83	-	model1
83	-	model1
-140	-	model1
-7	-	model1
-7	-	model1
-37	-	model1
91	-	model1
9	+	model1
9	+	model1
-191	+	model1
14	+	model1
-1	+	model1
-115	+	model1
-91	+	model1
-53	+	model1
-53	+	model1
16	+	model1
5	+	model1
-2	+	model1
-46	+	model1
0	+	model1
-205	+	model1
1	+	model1
1	+	model1
0	+	model1
-17	+	model1
-17	+	model1
66	+	model1
-83	+	model1
-68	+	model1
-50	+	model1
-179	+	model1
-165	+	model1
-1	+	model1
-1	+	model1
-14	-	model1
108	-	model1
108	-	model1
-21	-	model1
16	-	model1
146	-	model1
182	-	model1
182	-	model1
50	-	model1
140	-	model1
40	-	model1
55	-	model1
26	-	model1
82	-	model1
-27	-	model1
58	-	model1
250	-	model1
-50	+	model1
-292	+	model1
-72	+	model1
-18	+	model1
-3	+	model1
-48	+	model1
1	+	model1
1	+	model1
1	+	model1
1	+	model1
5	+	model1
8	+	model1
2	+	model1
-2	+	model1
-4	+	model1
-77	+	model1
-1	+	model1
-68	+	model1
-18	+	model1
-3	+	model1
-13	+	model1
-104	+	model1
-41	+	model1
-41	+	model1
-111	+	model1
-50	+	model1
161	+	model1
116	+	model1
-36	+	model1
-149	+	model1
-81	+	model1
74	+	model1
12	+	model1
-111	+	model1
-111	+	model1
-111	+	model1
-111	+	model1
-111	+	model1
-111	+	model1
-111	+	model1
-111	+	model1
-111	+	model1
20	+	model1
19	+	model1
157	-	model1
-71	-	model1
-11	-	model1
-45	-	model1
-24	-	model1
-112	-	model1
-3	-	model1
-5	-	model1
-5	-	model1
-18	-	model1
3	-	model1
26	-	model1
142	-	model1
154	-	model1
51	-	model1
184	-	model1
20	-	model1
107	-	model1
249	-	model1
-13	-	model1
15	-	model1
51	-	model1
44	-	model1
125	-	model1
112	-	model1
-16	-	model1
29	-	model1
55	-	model1
-38	-	model1
-64	-	model1
-107	+	model1
-107	+	model1
-9	-	model1
141	-	model1
-25	+	model1
-92	+	model1
-105	+	model1
-105	+	model1
-105	+	model1
-105	+	model1
-105	+	model1
-105	+	model1
-105	+	model1
-105	+	model1
-105	+	model1
-75	+	model1
-55	+	model1
-55	+	model1
-55	+	model1
-55	+	model1
-134	+	model1
-33	-	model1
-57	+	model1
-57	+	model1
-36	+	model1
128	+	model1
128	+	model1
-132	+	model1
-80	+	model1
-33	+	model1
-33	+	model1
35	+	model1
-22	+	model1
18	+	model1
5	+	model1
5	+	model1
0	+	model1
-75	+	model1
-44	+	model1
-69	+	model1
1	+	model1
-12	-	model1
-12	-	model1
-11	-	model1
60	-	model1
-46	-	model1
44	-	model1
44	-	model1
22	-	model1
-126	-	model1
-126	-	model1
0	+	model1
-16	+	model1
-1	+	model1
4	+	model1
2	+	model1
-20	+	model1
2	+	model1
5	+	model1
-27	+	model1
-83	+	model1
9	+	model1
-118	+	model1
-39	+	model1
35	-	model1
7	-	model1
-86	-	model1
-10	-	model1
-10	-	model1
88	-	model1
88	-	model1
48	-	model1
-19	-	model1
-19	-	model1
70	-	model1
70	-	model1
135	-	model1
-6	-	model1
-222	-	model1
-222	-	model1
-50	-	model1
83	-	model1
83	-	model1
83	-	model1
-85	-	model1
-85	-	model1
-37	-	model1
-74	+	model1
-85	+	model1
14	+	model1
-1	+	model1
-31	+	model1
-76	+	model1
-91	+	model1
-53	+	model1
-9	+	model1
-9	+	model1
-64	+	model1
0	+	model1
-205	+	model1
-205	+	model1
-49	+	model1
-49	+	model1
-49	+	model1
0	+	model1
-45	+	model1
2	+	model1
0	+	model1
0	+	model1
0	+	model1
-10	+	model1
-84	+	model1
-84	+	model1
-309	+	model1
-27	+	model1
-116	+	model1
-55	+	model1
-9	+	model1
11	+	model1
-151	+	model1
-351	-	model1
-351	-	model1
-61	-	model1
-282	-	model1
-282	-	model1
-324	-	model1
-324	-	model1
47	-	model1
38	-	model1
46	-	model1
79	-	model1
16	-	model1
-3	-	model1
-3	-	model1
-3	-	model1
-31	-	model1
-31	-	model1
2	-	model1
0	-	model1
-8	-	model1
-123	+	model1
75	-	model1
-12	+	model1
-21	+	model1
-219	+	model1
3	+	model1
3	+	model1
-51	+	model1
1	+	model1
-61	+	model1
38	+	model1
-69	+	model1
-88	+	model1
-92	+	model1
88	-	model1
-15	-	model1
-14	-	model1
-26	-	model1
-6	-	model1
-243	+	model1
-46	-	model1
-46	-	model1
-146	+	model1
-24	-	model1
-27	-	model1
21	+	model1
-40	+	model1
9	+	model1
72	+	model1
3	+	model1
-25	-	model1
1	-	model1
63	-	model1
57	-	model1
57	-	model1
-156	+	model1
-170	+	model1
-82	+	model1
-10	-	model1
-11	-	model1
2	-	model1
33	-	model1
25	-	model1
-29	-	model1
-38	-	model1
-1	-	model1
-1	-	model1
-8	-	model1
91	-	model1
-2	+	model1
-88	-	model1
-234	+	model1
-98	+	model1
-175	+	model1
-44	+	model1
21	+	model1
15	+	model1
-83	+	model1
-83	+	model1
-12	+	model1
-30	+	model1
-192	+	model1
-95	+	model1
54	-	model1
167	-	model1
-36	-	model1
-36	-	model1
116	-	model1
-5	-	model1
-5	-	model1
32	-	model1
4	-	model1
50	-	model1
0	-	model1
0	-	model1
103	-	model1
4	-	model1
20	-	model1
-2	+	model1
-184	+	model1
-184	+	model1
-39	+	model1
-26	-	model1
2	+	model1
-84	+	model1
-193	+	model1
54	+	model1
-88	+	model1
-13	-	model1
-5	-	model1
-10	-	model1
26	-	model1
88	-	model1
87	-	model1
70	-	model1
-56	+	model1
-56	+	model1
-42	+	model1
-42	+	model1
-6	-	model1
-19	-	model1
-12	-	model1
6	-	model1
69	-	model1
69	-	model1
158	-	model1
158	-	model1
-68	+	model1
-28	+	model1
-13	+	model1
62	+	model1
43	+	model1
-36	+	model1
-46	+	model1
-46	+	model1
-3	+	model1
195	-	model1
2	-	model1
99	-	model1
99	-	model1
67	-	model1
47	-	model1
-209	+	model1
-36	+	model1
-1	+	model1
4	+	model1
-33	+	model1
2	+	model1
5	+	model1
5	+	model1
-83	+	model1
-33	+	model1
-23	-	model1
6	-	model1
55	-	model1
58	-	model1
7	-	model1
-43	-	model1
12	-	model1
-19	-	model1
5	-	model1
-32	+	model1
-103	+	model1
-22	+	model1
2	+	model1
5	+	model1
-2	+	model1
-9	+	model1
106	+	model1
-160	+	model1
-160	+	model1
6	-	model1
52	-	model1
148	-	model1
-3	-	model1
231	-	model1
231	-	model1
-86	-	model1
-86	-	model1
-8	-	model1
-2	-	model1
-1	-	model1
-143	+	model1
-27	+	model1
-126	+	model1
83	+	model1
-151	+	model1
-12	-	model1
-12	-	model1
32	-	model1
32	-	model1
-86	+	model1
-11	-	model1
51	-	model1
51	-	model1
-5	-	model1
-49	-	model1
-15	-	model1
-9	-	model1
-32	-	model1
0	-	model1
21	-	model1
-99	-	model1
-26	-	model1
-255	-	model1
-38	-	model1
-6	-	model1
52	-	model1
-17	-	model1
-2	-	model1
-30	+	model1
91	-	model1
6	+	model1
6	+	model1
58	+	model1
-256	+	model1
123	-	model1
-1	-	model1
-92	+	model1
-92	+	model1
2	+	model1
1	+	model1
32	+	model1
6	+	model1
-26	+	model1
-26	+	model1
8	+	model1
-74	+	model1
20	+	model1
-9	-	model1
3	-	model1
-336	-	model1
-336	-	model1
-380	-	model1
-380	-	model1
46	-	model1
46	-	model1
46	-	model1
133	-	model1
133	-	model1
-39	-	model1
98	-	model1
1	-	model1
88	-	model1
-4	-	model1
30	-	model1
-5	-	model1
99	-	model1
-7	-	model1
-3	-	model1
-8	+	model1
-8	+	model1
-1	-	model1
-100	+	model1
-38	+	model1
-1	+	model1
-65	+	model1
12	+	model1
-1	+	model1
0	+	model1
0	+	model1
-65	+	model1
-65	+	model1
-2	-	model1
187	-	model1
187	-	model1
2	-	model1
18	-	model1
0	+	model1
32	+	model1
-46	-	model1
6	-	model1
27	-	model1
5	-	model1
-103	+	model1
-22	+	model1
1	+	model1
1	+	model1
1	+	model1
1	+	model1
2	+	model1
-4	+	model1
-77	+	model1
24	+	model1
-104	+	model1
-41	+	model1
-36	+	model1
-81	+	model1
12	+	model1
20	+	model1
19	+	model1
-11	-	model1
9	-	model1
9	-	model1
-5	-	model1
-5	-	model1
-71	-	model1
-110	-	model1
80	-	model1
118	-	model1
51	-	model1
20	-	model1
125	-	model1
112	-	model1
-16	-	model1
29	-	model1
288	-	model1
288	-	model1
-12	-	model1
-12	-	model1
284	-	model1
284	-	model1
284	-	model1
141	-	model1
-92	+	model1
-75	+	model1
-130	+	model1
-134	+	model1
-132	+	model1
-69	+	model1
-81	+	model1
-81	+	model1
-4	-	model1
3	-	model1
3	-	model1
8	-	model1
107	-	model1
107	-	model1
107	-	model1
107	-	model1
107	-	model1
107	-	model1
-16	-	model1
-6	-	model1
31	-	model1
31	-	model1
2	-	model1
-2	-	model1
-22	-	model1
-22	-	model1
-22	-	model1
-1	-	model1
-1	-	model1
-1	-	model1
-1	-	model1
-1	-	model1
-1	-	model1
-1	-	model1
-1	-	model1
-1	-	model1
-246	+	model1
-246	+	model1
-82	+	model1
3	+	model1
32	+	model1
-98	+	model1
5	+	model1
1	+	model1
35	+	model1
3	+	model1
37	+	model1
-46	+	model1
-96	+	model1
-12	+	model1
-7	+	model1
-7	+	model1
-177	+	model1
-177	+	model1
-33	+	model1
-18	+	model1
-68	-	model1
-16	-	model1
139	-	model1
10	+	model1
-54	+	model1
15	+	model1
0	+	model1
36	+	model1
-24	+	model1
-18	+	model1
-62	+	model1
-169	+	model1
-2	-	model1
-3	-	model1
7	-	model1
187	-	model1
187	-	model1
2	-	model1
18	-	model1
17	-	model1
-65	-	model1
-65	-	model1
9	-	model1
209	-	model1
-84	-	model1
18	-	model1
2	-	model1
-51	+	model1
-8	+	model1
-13	+	model1
-4	+	model1
9	+	model1
1	+	model1
1	+	model1
8	+	model1
-4	+	model1
-77	+	model1
-1	+	model1
-12	+	model1
-34	+	model1
-18	+	model1
-13	+	model1
-7	+	model1
-104	+	model1
-41	+	model1
-41	+	model1
-41	+	model1
-41	+	model1
-225	+	model1
-24	+	model1
0	+	model1
84	+	model1
84	+	model1
0	+	model1
-50	+	model1
-78	+	model1
116	+	model1
-36	+	model1
-149	+	model1
-81	+	model1
74	+	model1
-171	+	model1
-171	+	model1
12	+	model1
-111	+	model1
-111	+	model1
-111	+	model1
-111	+	model1
-111	+	model1
-111	+	model1
-111	+	model1
-111	+	model1
-111	+	model1
20	+	model1
3	-	model1
-151	+	model1
19	+	model1
157	-	model1
-57	+	model1
65	-	model1
-11	-	model1
-45	-	model1
-45	-	model1
-112	-	model1
-3	-	model1
-87	-	model1
-5	-	model1
-5	-	model1
-33	-	model1
63	-	model1
-110	-	model1
-18	-	model1
3	-	model1
138	-	model1
138	-	model1
150	-	model1
154	-	model1
51	-	model1
184	-	model1
20	-	model1
107	-	model1
215	-	model1
4	-	model1
17	-	model1
249	-	model1
-53	-	model1
-13	-	model1
-8	-	model1
15	-	model1
51	-	model1
51	-	model1
7	-	model1
44	-	model1
56	-	model1
56	-	model1
125	-	model1
112	-	model1
-16	-	model1
29	-	model1
55	-	model1
41	-	model1
41	-	model1
-38	-	model1
-64	-	model1
-64	-	model1
10	-	model1
-12	-	model1
-12	-	model1
284	-	model1
284	-	model1
-107	+	model1
-107	+	model1
-9	-	model1
141	-	model1
-25	+	model1
-25	+	model1
-92	+	model1
-141	+	model1
-105	+	model1
-105	+	model1
-105	+	model1
-105	+	model1
-105	+	model1
-105	+	model1
-105	+	model1
-105	+	model1
-105	+	model1
-75	+	model1
-211	+	model1
-55	+	model1
-55	+	model1
-55	+	model1
-55	+	model1
-178	+	model1
-178	+	model1
-11	+	model1
-11	+	model1
-134	+	model1
-33	-	model1
-57	+	model1
-57	+	model1
33	+	model1
128	+	model1
128	+	model1
128	+	model1
4	+	model1
-132	+	model1
-25	+	model1
-80	+	model1
-21	+	model1
-43	+	model1
-33	+	model1
-33	+	model1
35	+	model1
-25	-	model1
18	+	model1
-18	+	model1
5	+	model1
8	+	model1
-75	+	model1
-44	+	model1
-69	+	model1
1	+	model1
1	+	model1
-1	+	model1
0	+	model1
37	+	model1
37	+	model1
1	+	model1
5	+	model1
1	+	model1
-34	+	model1
90	+	model1
-42	+	model1
-42	+	model1
-42	+	model1
-42	+	model1
-3	+	model1
-33	+	model1
-33	+	model1
-33	+	model1
-33	+	model1
-33	+	model1
-33	+	model1
-33	+	model1
-33	+	model1
-22	+	model1
-49	+	model1
-112	+	model1
-115	+	model1
-176	+	model1
-176	+	model1
-41	+	model1
188	+	model1
-37	+	model1
1	-	model1
54	-	model1
7	-	model1
233	-	model1
-15	-	model1
-27	-	model1
64	-	model1
6	-	model1
32	-	model1
-125	-	model1
56	-	model1
56	-	model1
58	-	model1
-23	-	model1
122	-	model1
77	-	model1
80	-	model1
151	-	model1
151	-	model1
52	-	model1
-11	-	model1
91	-	model1
72	-	model1
4	-	model1
76	-	model1
156	-	model1
233	-	model1
-3	-	model1
32	-	model1
-17	+	model1
-17	+	model1
-128	+	model1
-128	+	model1
-130	+	model1
-1	+	model1
-56	+	model1
-56	+	model1
-270	+	model1
-12	+	model1
-12	+	model1
-76	+	model1
-35	+	model1
-224	+	model1
-119	+	model1
6	+	model1
-280	+	model1
-280	+	model1
-193	+	model1
-19	+	model1
-2	-	model1
-90	+	model1
-27	+	model1
-27	+	model1
-7	+	model1
-28	+	model1
-28	+	model1
-28	+	model1
-28	+	model1
-27	+	model1
6	+	model1
6	+	model1
-3	+	model1
-1	+	model1
4	+	model1
-19	+	model1
-33	+	model1
-19	+	model1
-82	+	model1
200	+	model1
200	+	model1
-197	+	model1
-53	+	model1
-140	+	model1
-31	+	model1
75	-	model1
141	-	model1
-76	-	model1
-76	-	model1
-81	-	model1
25	-	model1
-28	-	model1
41	-	model1
146	-	model1
47	-	model1
66	-	model1
2	-	model1
-14	-	model1
33	-	model1
9	-	model1
65	-	model1
144	-	model1
25	-	model1
-10	-	model1
-29	-	model1
-38	-	model1
-7	-	model1
0	-	model1
108	-	model1
-24	-	model1
-86	-	model1
-86	-	model1
35	-	model1
-1	-	model1
1	-	model1
-1	-	model1
-8	-	model1
-2	+	model1
-88	-	model1
-116	+	model1
-42	-	model1
-11	+	model1
-365	+	model1
-152	+	model1
-233	+	model1
30	+	model1
-98	+	model1
-83	+	model1
-44	+	model1
44	+	model1
-80	+	model1
-166	+	model1
27	+	model1
3	+	model1
-30	+	model1
2	+	model1
-51	+	model1
-11	+	model1
0	+	model1
21	+	model1
-14	+	model1
54	+	model1
54	+	model1
17	-	model1
92	-	model1
171	-	model1
62	-	model1
80	-	model1
127	-	model1
54	-	model1
88	-	model1
87	-	model1
70	-	model1
70	-	model1
-82	+	model1
37	+	model1
93	+	model1
93	+	model1
-38	+	model1
1	+	model1
-72	+	model1
15	+	model1
-32	+	model1
-49	+	model1
-84	+	model1
12	+	model1
12	+	model1
-30	+	model1
-108	+	model1
-142	+	model1
-48	+	model1
-192	+	model1
54	-	model1
-195	+	model1
-374	-	model1
167	-	model1
18	-	model1
-36	-	model1
-36	-	model1
-36	-	model1
-11	-	model1
55	-	model1
306	-	model1
8	-	model1
25	-	model1
14	-	model1
-5	-	model1
-37	-	model1
32	-	model1
32	-	model1
4	-	model1
2	-	model1
-319	-	model1
167	-	model1
-110	-	model1
-22	-	model1
55	-	model1
173	-	model1
50	-	model1
0	-	model1
0	-	model1
49	-	model1
-24	-	model1
4	-	model1
96	-	model1
20	-	model1
52	-	model1
5	-	model1
99	-	model1
-123	+	model1
-178	+	model1
-39	+	model1
14	+	model1
-2	-	model1
-182	+	model1
137	+	model1
137	+	model1
-85	+	model1
-47	+	model1
-13	+	model1
-39	+	model1
-5	+	model1
36	+	model1
2	+	model1
-39	+	model1
-3	+	model1
3	+	model1
17	+	model1
19	+	model1
2	+	model1
6	+	model1
6	+	model1
-44	+	model1
58	+	model1
-84	+	model1
-256	+	model1
-256	+	model1
-311	+	model1
127	-	model1
43	-	model1
348	-	model1
348	-	model1
-22	-	model1
-1	-	model1
37	-	model1
-1	-	model1
-104	+	model1
-6	+	model1
-58	+	model1
88	+	model1
-56	+	model1
-92	+	model1
-92	+	model1
1	+	model1
1	+	model1
1	+	model1
1	+	model1
5	+	model1
32	+	model1
0	+	model1
164	+	model1
164	+	model1
164	+	model1
164	+	model1
164	+	model1
-72	+	model1
-16	+	model1
-16	+	model1
59	+	model1
-29	+	model1
-26	+	model1
-26	+	model1
-26	+	model1
8	+	model1
40	+	model1
159	+	model1
107	+	model1
27	+	model1
-74	+	model1
-74	+	model1
-7	+	model1
45	+	model1
-15	-	model1
-57	+	model1
-6	+	model1
-6	+	model1
116	-	model1
116	-	model1
-1	-	model1
42	-	model1
42	-	model1
26	-	model1
26	-	model1
26	-	model1
26	-	model1
137	-	model1
-12	-	model1
42	-	model1
-4	-	model1
41	-	model1
-206	-	model1
-138	-	model1
-100	-	model1
-336	-	model1
-380	-	model1
133	-	model1
133	-	model1
63	-	model1
-39	-	model1
98	-	model1
98	-	model1
7	-	model1
0	-	model1
1	-	model1
1	-	model1
1	-	model1
-4	-	model1
96	-	model1
63	-	model1
95	-	model1
23	-	model1
150	-	model1
167	-	model1
67	-	model1
107	-	model1
107	-	model1
23	-	model1
11	-	model1
54	-	model1
146	-	model1
0	-	model1
99	-	model1
41	-	model1
-64	-	model1
-4	-	model1
-4	-	model1
-7	-	model1
10	-	model1
57	-	model1
-3	-	model1
-2	-	model1
-7	-	model1
-3	-	model1
-3	-	model1
-3	-	model1
-327	+	model1
51	-	model1
-8	+	model1
-8	+	model1
-8	+	model1
-59	+	model1
-253	+	model1
-1	-	model1
132	+	model1
-100	+	model1
-100	+	model1
82	-	model1
-1	-	model1
35	+	model1
38	+	model1
-30	+	model1
-19	+	model1
-17	+	model1
-38	+	model1
28	+	model1
-39	+	model1
13	+	model1
-1	+	model1
4	+	model1
-65	+	model1
36	+	model1
12	+	model1
-1	+	model1
-9	-	model1
1	+	model1
-22	+	model1
-74	+	model1
-75	+	model1
19	+	model1
-6	+	model1
-125	+	model1
-56	+	model1
-56	+	model1
-42	+	model1
-42	+	model1
-189	+	model1
-19	-	model1
-12	-	model1
43	-	model1
-7	-	model1
6	-	model1
38	-	model1
89	-	model1
25	-	model1
-20	-	model1
-155	-	model1
-5	-	model1
53	-	model1
53	-	model1
53	-	model1
69	-	model1
56	-	model1
70	-	model1
158	-	model1
158	-	model1
158	-	model1
-9	-	model1
0	-	model1
86	-	model1
83	-	model1
-49	-	model1
-49	-	model1
0	-	model1
-69	+	model1
-160	+	model1
-146	+	model1
-101	+	model1
-44	+	model1
-94	+	model1
-28	+	model1
-35	+	model1
0	+	model1
6	+	model1
-13	+	model1
62	+	model1
-185	+	model1
43	+	model1
0	+	model1
-26	+	model1
-36	+	model1
-4	+	model1
-46	+	model1
-46	+	model1
-76	+	model1
-76	+	model1
8	+	model1
151	-	model1
-62	+	model1
195	-	model1
133	-	model1
159	-	model1
181	-	model1
46	-	model1
11	-	model1
2	-	model1
2	-	model1
27	-	model1
27	-	model1
28	-	model1
28	-	model1
81	-	model1
81	-	model1
51	-	model1
125	-	model1
125	-	model1
99	-	model1
99	-	model1
30	-	model1
247	-	model1
-87	-	model1
4	-	model1
4	-	model1
5	-	model1
67	-	model1
-15	-	model1
47	-	model1
72	-	model1
72	-	model1
-42	+	model1
-6	+	model1
-20	+	model1
94	-	model1
-36	+	model1
-15	+	model1
-15	+	model1
-173	+	model1
-57	+	model1
-1	+	model1
-44	+	model1
4	+	model1
-33	+	model1
2	+	model1
2	+	model1
5	+	model1
-87	+	model1
-9	+	model1
-9	+	model1
-2	+	model1
-60	+	model1
27	+	model1
-9	+	model1
-17	+	model1
106	+	model1
-229	+	model1
52	-	model1
52	-	model1
-17	-	model1
-17	-	model1
148	-	model1
148	-	model1
-51	-	model1
82	-	model1
82	-	model1
123	-	model1
-95	-	model1
-95	-	model1
6	-	model1
-86	-	model1
-86	-	model1
-86	-	model1
206	-	model1
-22	-	model1
-15	-	model1
99	-	model1
48	-	model1
-8	-	model1
126	-	model1
-89	+	model1
-1	-	model1
-27	+	model1
-139	+	model1
-78	-	model1
-126	+	model1
83	+	model1
-49	+	model1
39	+	model1
-7	+	model1
-82	+	model1
121	+	model1
34	+	model1
30	+	model1
-27	+	model1
125	+	model1
-86	+	model1
-11	-	model1
-7	-	model1
-64	-	model1
-5	-	model1
-49	-	model1
-12	-	model1
-19	-	model1
-59	-	model1
-162	-	model1
-15	-	model1
-27	-	model1
-9	-	model1
-32	-	model1
5	-	model1
32	-	model1
0	-	model1
21	-	model1
21	-	model1
50	-	model1
50	-	model1
55	-	model1
9	-	model1
-99	-	model1
85	-	model1
-26	-	model1
-255	-	model1
-29	-	model1
-101	-	model1
-18	-	model1
-38	-	model1
-10	-	model1
142	-	model1
111	-	model1
52	-	model1
-17	-	model1
-2	-	model1
-1	-	model1
-177	+	model1
-56	+	model1
-56	+	model1
35	+	model1
-124	+	model1
30	+	model1
-57	+	model1
205	+	model1
-274	+	model1
-170	+	model1
7	+	model1
-7	+	model1
-23	+	model1
-1	+	model1
-52	+	model1
91	-	model1
91	-	model1
-3	+	model1
-3	-	model1
2	+	model1
-87	+	model1
69	+	model1
-1	+	model1
-32	+	model1
6	+	model1
6	+	model1
-3	+	model1
6	+	model1
-2	+	model1
0	+	model1
0	+	model1
0	+	model1
0	+	model1
7	+	model1
38	+	model1
7	+	model1
10	+	model1
-7	+	model1
132	+	model1
112	+	model1
-16	+	model1
58	+	model1
58	+	model1
-114	+	model1
-170	+	model1
-9	+	model1
-12	+	model1
20	+	model1
-190	+	model1
-190	+	model1
-41	+	model1
-85	+	model1
-25	+	model1
-112	+	model1
-82	+	model1
-70	+	model1
3	+	model1
-38	+	model1
-72	+	model1
254	+	model1
-62	+	model1
-4	+	model1
-34	+	model1
-109	+	model1
-20	-	model1
-20	-	model1
-112	-	model1
-56	-	model1
42	-	model1
100	-	model1
-13	-	model1
47	-	model1
24	-	model1
3	-	model1
110	-	model1
67	-	model1
-11	-	model1
140	-	model1
-13	-	model1
37	-	model1
-10	-	model1
108	-	model1
68	-	model1
-10	-	model1
-10	-	model1
-10	-	model1
26	-	model1
-66	-	model1
72	-	model1
47	-	model1
44	-	model1
4	-	model1
-55	-	model1
110	-	model1
-29	-	model1
-2	-	model1
-19	-	model1
170	-	model1
-11	-	model1
-25	-	model1
-153	+	model1
-31	-	model1
-43	+	model1
-58	+	model1
-24	+	model1
-62	+	model1
-249	+	model1
-52	+	model1
-40	+	model1
-8	+	model1
-74	+	model1
-74	+	model1
-74	+	model1
-48	+	model1
18	+	model1
246	+	model1
-107	+	model1
-8	+	model1
57	+	model1
34	+	model1
170	+	model1
-14	+	model1
3	+	model1
3	+	model1
-47	+	model1
-47	+	model1
-45	+	model1
74	-	model1
-14	+	model1
0	+	model1
6	+	model1
-1	+	model1
2	+	model1
0	+	model1
-34	+	model1
-70	+	model1
-21	+	model1
-81	+	model1
-81	+	model1
-27	+	model1
-27	+	model1
-9	-	model1
-172	-	model1
8	-	model1
41	-	model1
-27	-	model1
60	-	model1
107	-	model1
107	-	model1
107	-	model1
107	-	model1
107	-	model1
107	-	model1
-25	-	model1
45	-	model1
4	-	model1
-87	-	model1
18	-	model1
-16	-	model1
-55	-	model1
-55	-	model1
2	-	model1
63	-	model1
72	-	model1
-22	-	model1
-22	-	model1
-22	-	model1
-1	-	model1
-1	-	model1
-1	-	model1
-1	-	model1
-1	-	model1
-1	-	model1
-1	-	model1
0	-	model1
-229	+	model1
-246	+	model1
176	+	model1
-167	+	model1
-144	+	model1
-82	+	model1
4	+	model1
117	+	model1
117	+	model1
6	+	model1
-78	+	model1
5	+	model1
-8	+	model1
1	+	model1
1	+	model1
2	+	model1
0	+	model1
-2	+	model1
46	+	model1
-62	+	model1
-62	+	model1
-17	+	model1
66	+	model1
-46	+	model1
-46	+	model1
-47	+	model1
-46	+	model1
-16	+	model1
-83	+	model1
70	+	model1
-64	+	model1
120	+	model1
-68	+	model1
-19	+	model1
-121	+	model1
-12	+	model1
-50	+	model1
-10	+	model1
-84	+	model1
-164	+	model1
-189	+	model1
-189	+	model1
-1	+	model1
-56	+	model1
-12	+	model1
-14	-	model1
108	-	model1
108	-	model1
-34	+	model1
168	-	model1
-70	-	model1
223	-	model1
146	-	model1
-7	-	model1
-7	-	model1
-8	-	model1
182	-	model1
182	-	model1
100	-	model1
107	-	model1
40	-	model1
18	-	model1
28	-	model1
28	-	model1
78	-	model1
-22	-	model1
26	-	model1
88	-	model1
82	-	model1
169	-	model1
169	-	model1
-27	-	model1
71	-	model1
71	-	model1
71	-	model1
69	-	model1
-3	-	model1
-3	-	model1
100	-	model1
60	-	model1
48	-	model1
58	-	model1
58	-	model1
250	-	model1
-62	-	model1
32	-	model1
-64	+	model1
-77	+	model1
-292	+	model1
13	+	model1
-55	+	model1
-91	+	model1
-41	+	model1
-33	+	model1
-11	+	model1
-11	+	model1
-7	+	model1
61	+	model1
22	+	model1
24	+	model1
15	+	model1
123	+	model1
-30	+	model1
1	+	model1
-85	+	model1
35	+	model1
1	+	model1
1	+	model1
-3	+	model1
1	+	model1
37	+	model1
-179	+	model1
-1	+	model1
195	+	model1
-117	+	model1
14	+	model1
14	+	model1
-12	+	model1
-7	+	model1
-7	+	model1
-177	+	model1
-177	+	model1
-130	+	model1
-18	+	model1
-72	+	model1
5	+	model1
12	-	model1
12	-	model1
-20	-	model1
111	-	model1
-5	-	model1
-4	-	model1
139	-	model1
27	-	model1
92	-	model1
43	-	model1
43	-	model1
39	-	model1
39	-	model1
78	-	model1
-3	-	model1
-86	-	model1
-86	-	model1
43	-	model1
100	-	model1
-1	-	model1
10	+	model1
5	+	model1
5	+	model1
-109	+	model1
-80	+	model1
-114	+	model1
49	+	model1
-85	+	model1
131	+	model1
-22	+	model1
-54	+	model1
-1	-	model1
1	+	model1
3	+	model1
1	+	model1
-14	+	model1
-14	+	model1
4	+	model1
-97	+	model1
-15	+	model1
-15	+	model1
-55	+	model1
75	+	model1
75	+	model1
17	+	model1
-29	+	model1
-88	+	model1
-346	+	model1
-163	+	model1
-6	+	model1
-11	-	model1
-12	-	model1
-12	-	model1
0	-	model1
154	-	model1
-11	-	model1
174	-	model1
-17	-	model1
10	-	model1
-5	-	model1
29	-	model1
29	-	model1
86	-	model1
86	-	model1
-11	-	model1
-18	-	model1
24	-	model1
24	-	model1
-32	-	model1
44	-	model1
44	-	model1
-11	-	model1
86	-	model1
-125	+	model1
-1	-	model1
0	+	model1
-25	+	model1
-164	+	model1
-51	+	model1
44	+	model1
44	+	model1
-62	+	model1
-39	+	model1
21	+	model1
-26	+	model1
4	+	model1
4	+	model1
-53	+	model1
-52	+	model1
2	+	model1
1	+	model1
2	+	model1
2	+	model1
0	+	model1
0	+	model1
-20	+	model1
2	+	model1
5	+	model1
3	+	model1
154	+	model1
37	+	model1
37	+	model1
0	+	model1
-3	+	model1
29	+	model1
-118	+	model1
-56	+	model1
-56	+	model1
-15	+	model1
-163	+	model1
-39	+	model1
-87	+	model1
-107	+	model1
-87	-	model1
12	-	model1
-17	-	model1
118	-	model1
118	-	model1
-16	-	model1
84	-	model1
84	-	model1
13	-	model1
12	-	model1
35	-	model1
228	-	model1
228	-	model1
37	-	model1
-22	-	model1
2	-	model1
-14	-	model1
73	-	model1
-13	-	model1
1	-	model1
-86	-	model1
370	-	model1
88	-	model1
88	-	model1
88	-	model1
88	-	model1
48	-	model1
-19	-	model1
-19	-	model1
-19	-	model1
-19	-	model1
70	-	model1
70	-	model1
70	-	model1
70	-	model1
134	-	model1
135	-	model1
255	-	model1
113	-	model1
113	-	model1
-4	-	model1
52	-	model1
96	-	model1
96	-	model1
-30	-	model1
-3	-	model1
-23	-	model1
-23	-	model1
-16	-	model1
36	-	model1
97	-	model1
97	-	model1
97	-	model1
-25	-	model1
105	-	model1
105	-	model1
18	-	model1
-71	-	model1
94	-	model1
94	-	model1
83	-	model1
83	-	model1
83	-	model1
-85	-	model1
-85	-	model1
-140	-	model1
70	-	model1
-7	-	model1
-51	+	model1
-137	+	model1
21	-	model1
-37	-	model1
91	-	model1
-66	+	model1
-73	+	model1
-48	-	model1
-48	-	model1
-191	+	model1
14	+	model1
-1	+	model1
-192	+	model1
-116	+	model1
-115	+	model1
-2	-	model1
-91	+	model1
-53	+	model1
-53	+	model1
-87	+	model1
16	+	model1
5	+	model1
-2	+	model1
-46	+	model1
0	+	model1
0	+	model1
-205	+	model1
-205	+	model1
0	+	model1
-39	+	model1
2	+	model1
-49	+	model1
-49	+	model1
-45	+	model1
5	+	model1
2	+	model1
-3	+	model1
0	+	model1
0	+	model1
-4	+	model1
27	+	model1
-10	+	model1
215	+	model1
-47	+	model1
-106	+	model1
-173	+	model1
-54	+	model1
-116	+	model1
-55	+	model1
-55	+	model1
-55	+	model1
-116	+	model1
-132	+	model1
11	+	model1
-151	+	model1
-48	-	model1
-24	-	model1
77	-	model1
-351	-	model1
-61	-	model1
-61	-	model1
-282	-	model1
-324	-	model1
-101	-	model1
28	-	model1
79	-	model1
47	-	model1
62	-	model1
62	-	model1
38	-	model1
38	-	model1
58	-	model1
46	-	model1
79	-	model1
79	-	model1
274	-	model1
84	-	model1
101	-	model1
45	-	model1
30	-	model1
235	-	model1
-3	-	model1
-3	-	model1
-3	-	model1
9	-	model1
-31	-	model1
10	-	model1
2	-	model1
53	-	model1
29	-	model1
-13	-	model1
71	-	model1
-47	-	model1
47	-	model1
-22	-	model1
-22	-	model1
-129	-	model1
0	-	model1
-8	-	model1
1	-	model1
-22	-	model1
-123	+	model1
75	-	model1
-31	+	model1
-58	+	model1
-1	-	model1
-48	+	model1
14	+	model1
49	+	model1
-21	+	model1
55	+	model1
-219	+	model1
-184	+	model1
-40	+	model1
11	+	model1
0	+	model1
26	-	model1
-51	+	model1
1	+	model1
1	+	model1
-63	+	model1
-63	+	model1
-91	+	model1
38	+	model1
-4	+	model1
-106	+	model1
-88	+	model1
-133	+	model1
-15	-	model1
39	-	model1
-4	-	model1
46	-	model1
52	-	model1
-158	-	model1
-158	-	model1
-26	-	model1
40	-	model1
-6	-	model1
-11	-	model1
252	+	model1
-46	-	model1
-1	-	model1
62	-	model1
-146	+	model1
-63	+	model1
-63	+	model1
-92	+	model1
-135	+	model1
-10	+	model1
-32	+	model1
-32	+	model1
21	+	model1
-1	+	model1
-7	+	model1
-53	+	model1
-73	+	model1
1	+	model1
15	+	model1
-19	+	model1
22	+	model1
72	+	model1
28	+	model1
-6	+	model1
3	+	model1
-52	+	model1
-18	-	model1
-28	+	model1
-25	-	model1
1	-	model1
-20	-	model1
8	-	model1
-66	-	model1
7	-	model1
29	-	model1
32	-	model1
32	-	model1
32	-	model1
0	-	model1
0	-	model1
0	-	model1
0	-	model1
63	-	model1
161	-	model1
96	-	model1
3	-	model1
-9	-	model1
43	-	model1
30	-	model1
-121	-	model1
-17	-	model1
-103	-	model1
44	-	model1
44	-	model1
44	-	model1
44	-	model1
-18	-	model1
-78	-	model1
-14	-	model1
-95	-	model1
-95	-	model1
-95	-	model1
17	-	model1
59	-	model1
-5	-	model1
-78	-	model1
-156	+	model1
-46	+	model1
-170	+	model1
-4	+	model1
6	+	model1
98	-	model2only
-43	-	model2only
22	+	model2only
-19	+	model2only
72	+	model2only
-51	-	model2only
-182	-	model2only
95	-	model2only
-124	+	model2only
-124	+	model2only
-2	+	model2only
14	-	model2only
-4	-	model2only
-74	-	model2only
-124	+	model2only
102	-	model2only
182	+	model2only
-89	-	model2only
-9	+	model2only
59	+	model2only
115	+	model2only
-49	-	model2only
67	-	model2only
10	-	model2only
10	-	model2only
64	-	model2only
-122	+	model2only
32	+	model2only
-9	+	model2only
59	+	model2only
67	-	model2only
-122	+	model2only
5	+	model2only
154	-	model2only
93	+	model2only
-185	+	model2only
-46	-	model2only
-40	-	model2only
120	+	model2only
1	+	model2only
-82	+	model2only
159	-	model2only
-84	-	model2only
50	+	model2only
-62	-	model2only
-13	-	model2only
-111	-	model2only
43	-	model2only
-130	+	model2only
-14	-	model2only
-14	-	model2only
-24	+	model2only
170	+	model2only
170	+	model2only
67	-	model2only
71	-	model2only
71	-	model2only
139	-	model2only
-154	+	model2only
46	-	model2only
-104	+	model2only
-15	+	model2only
74	+	model2only
-84	-	model2only
70	+	model2only
11	+	model2only
11	+	model2only
11	+	model2only
11	+	model2only
51	+	model2only
51	+	model2only
-76	+	model2only
63	+	model2only
-84	-	model2only
3	-	model2only
-15	+	model2only
74	+	model2only
-84	-	model2only
70	+	model2only
-88	+	model2only
-17	-	model2only
-49	-	model2only
-88	+	model2only
28	+	model2only
-104	+	model2only
-55	+	model2only
-72	+	model2only
-54	-	model2only
-54	-	model2only
103	-	model2only
103	-	model2only
-6	+	model2only
-39	-	model2only
-21	-	model2only
-62	-	model2only
-125	-	model2only
-125	-	model2only
-60	+	model2only
-60	+	model2only
-138	-	model2only
-39	-	model2only
80	-	model2only
80	-	model2only
80	-	model2only
62	-	model2only
65	-	model2only
-122	-	model2only
-62	+	model2only
-62	+	model2only
-77	-	model2only
-238	-	model2only
62	-	model2only
-163	+	model2only
-238	-	model2only
-6	+	model2only
-60	+	model2only
80	+	model2only
-44	+	model2only
-44	+	model2only
90	+	model2only
176	+	model2only
176	+	model2only
2	+	model2only
-25	-	model2only
-87	+	model2only
-25	-	model2only
-42	-	model2only
13	+	model2only
-40	+	model2only
-60	+	model2only
-44	+	model2only
90	+	model2only
-7	-	model2only
176	+	model2only
2	+	model2only
-60	+	model2only
-35	-	model2only
-35	-	model2only
-25	-	model2only
-60	+	model2only
80	+	model2only
-44	+	model2only
-44	+	model2only
90	+	model2only
176	+	model2only
5	+	model2only
-2	-	model2only
-62	+	model2only
-62	+	model2only
-77	-	model2only
-158	+	model2only
-25	-	model2only
-62	+	model2only
-62	+	model2only
-158	+	model2only
-87	+	model2only
-138	+	model2only
-25	-	model2only
40	+	model2only
-74	-	model2only
103	+	model2only
-35	-	model2only
-35	-	model2only
-35	-	model2only
-37	-	model2only
-62	+	model2only
-62	+	model2only
79	-	model2only
-35	-	model2only
-35	-	model2only
-35	-	model2only
-134	-	model2only
-110	-	model2only
-37	-	model2only
42	-	model2only
-35	-	model2only
-35	-	model2only
-35	-	model2only
49	+	model2only
10	-	model2only
-50	-	model2only
-95	-	model2only
-95	-	model2only
10	-	model2only
-11	-	model2only
-50	-	model2only
-138	-	model2only
-54	+	model2only
-89	+	model2only
71	+	model2only
30	+	model2only
185	+	model2only
-105	-	model2only
-138	-	model2only
76	-	model2only
97	-	model2only
-41	-	model2only
167	-	model2only
-54	-	model2only
72	+	model2only
72	+	model2only
44	+	model2only
-35	-	model2only
-109	+	model2only
-50	+	model2only
-151	+	model2only
-71	-	model2only
-109	+	model2only
-114	+	model2only
-138	-	model2only
-49	+	model2only
-19	-	model2only
-59	-	model2only
-59	-	model2only
-26	+	model2only
19	+	model2only
-74	-	model2only
-15	-	model2only
121	+	model2only
74	+	model2only
-89	+	model2only
30	+	model2only
174	+	model2only
185	+	model2only
185	+	model2only
210	+	model2only
210	+	model2only
-135	-	model2only
-135	-	model2only
-138	-	model2only
76	-	model2only
-165	-	model2only
97	-	model2only
-106	+	model2only
-35	-	model2only
47	+	model2only
-50	+	model2only
-151	+	model2only
89	-	model2only
-71	-	model2only
-109	+	model2only
-115	+	model2only
-151	+	model2only
5	+	model2only
12	-	model2only
89	-	model2only
59	+	model2only
139	+	model2only
92	+	model2only
81	-	model2only
85	+	model2only
-35	-	model2only
-9	-	model2only
-89	+	model2only
71	+	model2only
20	+	model2only
185	+	model2only
210	+	model2only
210	+	model2only
-59	-	model2only
-138	-	model2only
76	-	model2only
122	-	model2only
-165	-	model2only
-27	+	model2only
-27	+	model2only
-49	+	model2only
-19	-	model2only
-59	-	model2only
-59	-	model2only
16	+	model2only
-71	-	model2only
-109	+	model2only
1	+	model2only
-106	+	model2only
-228	+	model2only
-35	-	model2only
-9	-	model2only
-66	-	model2only
83	+	model2only
83	+	model2only
109	+	model2only
50	+	model2only
47	+	model2only
82	+	model2only
104	+	model2only
37	+	model2only
-71	-	model2only
-151	+	model2only
5	+	model2only
5	+	model2only
89	-	model2only
59	+	model2only
74	+	model2only
111	-	model2only
111	-	model2only
67	-	model2only
-59	-	model2only
-59	-	model2only
8	-	model2only
8	-	model2only
-81	+	model2only
5	+	model2only
-27	+	model2only
-27	+	model2only
-121	-	model2only
-12	-	model2only
74	+	model2only
-151	+	model2only
5	+	model2only
5	+	model2only
89	-	model2only
-106	+	model2only
-35	-	model2only
121	-	model2only
56	-	model2only
56	-	model2only
-65	-	model2only
-152	-	model2only
-152	-	model2only
-43	-	model2only
83	+	model2only
62	-	model2only
-7	-	model2only
148	+	model2only
81	+	model2only
81	+	model2only
-27	-	model2only
-92	-	model2only
-15	+	model2only
-12	-	model2only
-124	+	model2only
-108	+	model2only
35	+	model2only
55	-	model2only
74	+	model2only
-84	-	model2only
70	+	model2only
-27	+	model2only
-27	+	model2only
98	+	model2only
98	+	model2only
98	+	model2only
98	+	model2only
17	+	model2only
-27	-	model2only
62	-	model2only
-9	+	model2only
67	-	model2only
64	-	model2only
-122	+	model2only
127	-	model2only
120	+	model2only
-19	+	model2only
55	-	model2only
-68	-	model2only
-14	-	model2only
-2	+	model2only
-19	+	model2only
60	+	model2only
67	-	model2only
-26	+	model2only
-89	+	model2only
1	+	model2only
-114	+	model2only
-114	+	model2only
176	+	model2only
-18	-	model2only
87	+	model2only
87	+	model2only
87	+	model2only
-15	-	model2only
39	+	model2only
-70	-	model2only
-92	-	model2only
-13	-	model2only
-111	-	model2only
-111	-	model2only
-111	-	model2only
43	-	model2only
41	-	model2only
-112	-	model2only
-95	-	model2only
50	-	model2only
29	-	model2only
-113	-	model2only
-113	-	model2only
120	+	model2only
42	+	model2only
-130	+	model2only
116	+	model2only
-17	-	model2only
-85	+	model2only
-85	+	model2only
-104	+	model2only
-49	+	model2only
-21	-	model2only
-8	-	model2only
-125	-	model2only
-125	-	model2only
108	+	model2only
108	+	model2only
150	+	model2only
-19	+	model2only
10	-	model2only
10	-	model2only
95	-	model2only
54	-	model2only
100	+	model2only
100	+	model2only
-124	+	model2only
-5	-	model2only
46	-	model2only
62	-	model2only
-86	-	model2only
-35	+	model2only
-131	+	model2only
-131	+	model2only
-238	-	model2only
-31	-	model2only
-236	-	model2only
-6	+	model2only
2	+	model2only
3	+	model2only
26	+	model2only
15	+	model2only
-29	-	model2only
-240	+	model2only
-111	+	model2only
27	-	model2only
-207	-	model2only
2	-	model2only
14	-	model2only
4	-	model2only
4	-	model2only
-4	-	model2only
-12	-	model2only
-128	+	model2only
-124	+	model2only
71	+	model2only
-41	+	model2only
34	+	model2only
30	+	model2only
30	+	model2only
-39	+	model2only
130	+	model2only
130	+	model2only
121	-	model2only
62	-	model2only
-7	-	model2only
-70	+	model2only
0	+	model2only
-60	+	model2only
-60	+	model2only
-60	+	model2only
-44	+	model2only
111	+	model2only
-138	-	model2only
176	+	model2only
-13	-	model2only
-111	-	model2only
-111	-	model2only
-192	-	model2only
-19	+	model2only
-19	+	model2only
-19	+	model2only
-7	-	model2only
-25	-	model2only
-25	-	model2only
-95	-	model2only
45	+	model2only
45	+	model2only
-13	+	model2only
-53	+	model2only
-158	+	model2only
-25	+	model2only
55	-	model2only
29	-	model2only
150	-	model2only
-15	+	model2only
74	+	model2only
89	+	model2only
-46	-	model2only
-84	-	model2only
70	+	model2only
5	+	model2only
74	+	model2only
-84	-	model2only
70	+	model2only
-76	+	model2only
-128	+	model2only
-62	+	model2only
-62	+	model2only
-77	-	model2only
87	+	model2only
87	+	model2only
-159	+	model2only
169	+	model2only
169	+	model2only
169	+	model2only
169	+	model2only
-21	-	model2only
16	+	model2only
-49	+	model2only
-13	-	model2only
-81	+	model2only
18	+	model2only
-81	+	model2only
-81	+	model2only
-81	+	model2only
-81	+	model2only
-81	+	model2only
-81	+	model2only
-81	+	model2only
-81	+	model2only
-100	+	model2only
96	+	model2only
14	+	model2only
-35	-	model2only
-35	-	model2only
-35	-	model2only
41	+	model2only
19	-	model2only
19	-	model2only
127	-	model2only
-156	+	model2only
-17	-	model2only
-23	-	model2only
-49	-	model2only
69	+	model2only
69	+	model2only
-293	+	model2only
-72	+	model2only
-62	-	model2only
-125	-	model2only
-11	-	model2only
-3	+	model2only
-21	-	model2only
103	+	model2only
103	+	model2only
-3	+	model2only
-15	-	model2only
4	-	model2only
-13	-	model2only
171	+	model2only
149	-	model2only
-39	-	model2only
6	+	model2only
-51	+	model2only
-19	+	model2only
-136	+	model2only
114	+	model2only
74	+	model2only
97	+	model2only
-67	+	model2only
25	-	model2only
-84	-	model2only
-59	-	model2only
-55	-	model2only
138	-	model2only
14	-	model2only
20	-	model2only
-24	-	model2only
2	-	model2only
-199	-	model2only
70	+	model2only
55	-	model2only
24	+	model2only
51	+	model2only
62	+	model2only
-76	+	model2only
109	+	model2only
-15	+	model2only
-15	+	model2only
24	+	model2only
-84	-	model2only
-64	-	model2only
-47	+	model2only
-114	+	model2only
-59	-	model2only
-174	-	model2only
-138	-	model2only
-9	+	model2only
62	-	model2only
-31	-	model2only
-46	+	model2only
-1	-	model2only
0	+	model2only
-109	+	model2only
-60	+	model2only
80	+	model2only
-44	+	model2only
-44	+	model2only
90	+	model2only
-17	-	model2only
-6	+	model2only
-50	+	model2only
-151	+	model2only
-87	-	model2only
-79	+	model2only
0	+	model2only
127	+	model2only
-50	+	model2only
-50	+	model2only
51	+	model2only
-74	-	model2only
-74	-	model2only
-77	-	model2only
-77	-	model2only
-94	-	model2only
-94	-	model2only
-94	-	model2only
-94	-	model2only
-94	-	model2only
-94	-	model2only
-146	-	model2only
19	-	model2only
-158	+	model2only
-143	+	model2only
-60	+	model2only
-44	+	model2only
90	+	model2only
-73	-	model2only
176	+	model2only
-41	-	model2only
-41	-	model2only
-62	+	model2only
-62	+	model2only
-158	+	model2only
13	+	model2only
-39	-	model2only
-83	-	model2only
-13	-	model2only
30	-	model2only
8	-	model2only
19	+	model2only
-155	+	model2only
98	+	model2only
-62	+	model2only
-62	+	model2only
-25	-	model2only
104	+	model2only
14	+	model2only
-45	+	model2only
-7	-	model2only
-35	-	model2only
-35	-	model2only
-110	-	model2only
42	-	model2only
15	+	model2only
7	+	model2only
7	+	model2only
-25	-	model2only
-42	-	model2only
-1	+	model2only
-1	+	model2only
98	-	model2only
-11	-	model2only
144	-	model2only
-97	+	model2only
22	+	model2only
125	+	model2only
3	+	model2only
24	+	model2only
-40	+	model2only
-60	+	model2only
-60	+	model2only
-44	+	model2only
90	+	model2only
-27	-	model2only
-138	-	model2only
176	+	model2only
-50	-	model2only
-93	-	model2only
-93	-	model2only
-95	-	model2only
-95	-	model2only
-18	-	model2only
-232	+	model2only
-35	-	model2only
-35	-	model2only
-21	-	model2only
42	-	model2only
42	-	model2only
-56	+	model2only
21	+	model2only
58	-	model2only
117	+	model2only
-117	+	model2only
-25	-	model2only
17	-	model2only
175	+	model2only
15	+	model2only
53	+	model2only
-22	-	model2only
-226	-	model2only
5	-	model2only
5	-	model2only
-16	-	model2only
121	+	model2only
51	+	model2only
51	+	model2only
-86	+	model2only
-86	+	model2only
91	+	model2only
16	+	model2only
-1	-	model2only
-35	-	model2only
-35	-	model2only
-35	-	model2only
-37	-	model2only
-103	+	model2only
-193	-	model2only
10	-	model2only
16	+	model2only
0	+	model2only
-109	+	model2only
-73	+	model2only
-129	-	model2only
-129	-	model2only
-84	-	model2only
19	-	model2only
19	-	model2only
19	-	model2only
51	+	model2only
21	+	model2only
52	+	model2only
-79	+	model2only
-89	+	model2only
-108	+	model2only
30	+	model2only
185	+	model2only
185	+	model2only
-59	-	model2only
-135	-	model2only
-135	-	model2only
-138	-	model2only
76	-	model2only
97	-	model2only
-35	-	model2only
-35	-	model2only
-35	-	model2only
18	-	model2only
-134	-	model2only
98	+	model2only
-56	+	model2only
0	+	model2only
-72	-	model2only
-109	+	model2only
-217	+	model2only
1	+	model2only
-76	-	model2only
-76	-	model2only
-15	-	model2only
-73	-	model2only
-11	-	model2only
-50	-	model2only
57	-	model2only
-2	-	model2only
-95	-	model2only
-95	-	model2only
-3	-	model2only
-4	+	model2only
-114	+	model2only
185	+	model2only
-163	+	model2only
3	-	model2only
-138	-	model2only
23	+	model2only
-106	+	model2only
-35	-	model2only
-79	-	model2only
83	+	model2only
83	+	model2only
104	+	model2only
-109	+	model2only
72	+	model2only
-51	-	model2only
-56	-	model2only
-56	-	model2only
-182	-	model2only
-21	-	model2only
95	-	model2only
39	+	model2only
87	+	model2only
71	+	model2only
-89	+	model2only
-114	+	model2only
71	+	model2only
-123	+	model2only
-62	+	model2only
-40	+	model2only
185	+	model2only
185	+	model2only
-263	+	model2only
-213	+	model2only
210	+	model2only
210	+	model2only
210	+	model2only
210	+	model2only
-92	-	model2only
-105	-	model2only
-105	-	model2only
-174	-	model2only
-138	-	model2only
76	-	model2only
-165	-	model2only
-3	-	model2only
-21	-	model2only
-27	+	model2only
-232	+	model2only
-28	+	model2only
-1	+	model2only
-73	+	model2only
-1	-	model2only
160	+	model2only
-59	-	model2only
-59	-	model2only
-141	+	model2only
-141	+	model2only
-151	+	model2only
89	-	model2only
-47	-	model2only
-155	+	model2only
5	+	model2only
31	+	model2only
50	+	model2only
13	-	model2only
-13	-	model2only
-111	-	model2only
-111	-	model2only
43	-	model2only
-82	-	model2only
125	+	model2only
-130	+	model2only
43	+	model2only
-151	+	model2only
89	-	model2only
-33	-	model2only
23	+	model2only
23	+	model2only
59	+	model2only
120	+	model2only
98	+	model2only
-9	+	model2only
-9	+	model2only
179	+	model2only
183	+	model2only
-35	-	model2only
-21	-	model2only
42	+	model2only
42	+	model2only
83	+	model2only
104	+	model2only
28	+	model2only
-49	+	model2only
-59	-	model2only
-59	-	model2only
16	+	model2only
-15	+	model2only
-15	+	model2only
74	+	model2only
-46	-	model2only
-46	-	model2only
-84	-	model2only
70	+	model2only
11	+	model2only
11	+	model2only
11	+	model2only
51	+	model2only
-76	+	model2only
2	+	model2only
-24	+	model2only
-24	+	model2only
13	+	model2only
-2	-	model2only
-50	+	model2only
-71	-	model2only
-40	+	model2only
-151	+	model2only
5	+	model2only
5	+	model2only
140	-	model2only
-20	-	model2only
-24	-	model2only
-24	-	model2only
101	-	model2only
101	-	model2only
12	-	model2only
-28	-	model2only
46	-	model2only
-47	-	model2only
-27	+	model2only
-106	+	model2only
19	+	model2only
19	+	model2only
98	-	model2only
51	-	model2only
-35	-	model2only
179	-	model2only
-152	-	model2only
-152	-	model2only
-189	+	model2only
-12	-	model2only
72	+	model2only
115	+	model2only
64	-	model2only
-122	+	model2only
94	+	model2only
-17	-	model2only
103	-	model2only
-49	-	model2only
-38	+	model2only
-2	-	model2only
54	+	model2only
-34	+	model2only
-67	+	model2only
-134	+	model2only
21	+	model2only
113	-	model2only
-28	-	model2only
-75	-	model2only
-238	-	model2only
-32	-	model2only
-27	-	model2only
217	-	model2only
9	-	model2only
-151	+	model2only
-186	+	model2only
-163	+	model2only
-46	+	model2only
-6	+	model2only
-11	+	model2only
72	+	model2only
18	+	model2only
-1	-	model2only
-94	-	model2only
81	+	model2only
-14	-	model2only
-14	-	model2only
-92	-	model2only
-24	+	model2only
-62	-	model2only
-125	-	model2only
-125	-	model2only
-50	+	model2only
-151	+	model2only
5	+	model2only
65	-	model2only
-44	-	model2only
-83	-	model2only
-21	-	model2only
-21	-	model2only
-24	+	model2only
37	+	model2only
-9	+	model2only
-33	+	model2only
-75	+	model2only
26	+	model2only
-63	-	model2only
-49	-	model2only
22	-	model2only
-174	-	model2only
-27	-	model2only
137	+	model2only
13	+	model2only
13	+	model2only
-164	+	model2only
-13	+	model2only
-60	+	model2only
80	+	model2only
176	+	model2only
176	+	model2only
96	+	model2only
96	+	model2only
-131	+	model2only
-121	+	model2only
-148	+	model2only
-48	+	model2only
-95	+	model2only
-44	+	model2only
-112	+	model2only
-69	+	model2only
90	+	model2only
129	-	model2only
-66	-	model2only
-66	-	model2only
28	-	model2only
16	-	model2only
-162	-	model2only
-162	-	model2only
196	-	model2only
-138	-	model2only
168	+	model2only
168	+	model2only
-39	+	model2only
89	+	model2only
-122	+	model2only
176	+	model2only
203	+	model2only
-13	-	model2only
38	+	model2only
-19	+	model2only
-60	+	model2only
80	+	model2only
-44	+	model2only
-44	+	model2only
90	+	model2only
152	+	model2only
176	+	model2only
176	+	model2only
-89	+	model2only
179	+	model2only
-67	-	model2only
210	+	model2only
210	+	model2only
-59	-	model2only
-59	-	model2only
-174	-	model2only
-174	-	model2only
-174	-	model2only
-138	-	model2only
-112	+	model2only
4	+	model2only
64	-	model2only
32	+	model2only
7	+	model2only
-152	+	model2only
93	+	model2only
-25	-	model2only
-25	-	model2only
13	+	model2only
4	+	model2only
4	+	model2only
35	+	model2only
9	+	model2only
-14	+	model2only
-14	+	model2only
56	+	model2only
50	-	model2only
50	-	model2only
55	-	model2only
-52	-	model2only
-52	-	model2only
-14	-	model2only
-14	-	model2only
-14	-	model2only
-40	-	model2only
162	+	model2only
-14	+	model2only
-14	+	model2only
17	+	model2only
3	+	model2only
55	+	model2only
-62	+	model2only
-62	+	model2only
-158	+	model2only
-2	+	model2only
203	-	model2only
15	-	model2only
-22	-	model2only
-25	-	model2only
142	-	model2only
142	-	model2only
78	-	model2only
78	-	model2only
130	-	model2only
130	-	model2only
-111	-	model2only
8	-	model2only
40	+	model2only
45	+	model2only
45	+	model2only
1	+	model2only
50	+	model2only
62	+	model2only
-45	-	model2only
-45	-	model2only
65	-	model2only
65	-	model2only
-123	-	model2only
-111	-	model2only
-111	-	model2only
-11	-	model2only
149	+	model2only
-19	+	model2only
-19	+	model2only
-19	+	model2only
115	+	model2only
-122	+	model2only
-3	+	model2only
-3	+	model2only
-71	-	model2only
-109	+	model2only
-34	+	model2only
79	-	model2only
79	-	model2only
-35	-	model2only
-35	-	model2only
-35	-	model2only
-76	-	model2only
42	-	model2only
84	+	model2only
-16	+	model2only
-16	+	model2only
-16	+	model2only
-16	+	model2only
74	+	model2only
-23	+	model2only
28	-	model2only
28	-	model2only
28	-	model2only
-129	-	model2only
-129	-	model2only
-84	-	model2only
19	-	model2only
19	-	model2only
19	-	model2only
-13	-	model2only
76	-	model2only
70	+	model2only
160	+	model2only
14	+	model2only
14	+	model2only
51	+	model2only
143	+	model2only
104	+	model2only
63	+	model2only
-8	+	model2only
5	+	model2only
-49	+	model2only
-59	-	model2only
-73	+	model2only
16	+	model2only
43	+	model2only
-115	+	model2only
-151	+	model2only
101	-	model2only
12	-	model2only
89	-	model2only
59	+	model2only
50	+	model2only
-111	-	model2only
0	+	model2only
-21	-	model2only
5	-	model2only
-3	-	model2only
-147	-	model2only
-5	-	model2only
-72	+	model2only
-125	-	model2only
-125	-	model2only
18	+	model2only
5	+	model2only
-37	+	model2only
6	+	model2only
-41	+	model2only
-11	-	model2only
-50	-	model2only
57	-	model2only
78	-	model2only
78	-	model2only
18	-	model2only
-18	-	model2only
-18	-	model2only
10	-	model2only
-3	-	model2only
-31	+	model2only
-31	+	model2only
1	+	model2only
5	+	model2only
5	+	model2only
-27	+	model2only
-12	-	model2only
74	+	model2only
-39	-	model2only
58	-	model2only
-29	-	model2only
5	-	model2only
-182	-	model2only
95	-	model2only
-124	+	model2only
62	-	model2only
-23	-	model2only
-2	-	model2only
59	+	model2only
115	+	model2only
-49	-	model2only
67	-	model2only
-122	+	model2only
-137	+	model2only
-31	-	model2only
-115	-	model2only
-27	-	model2only
78	-	model2only
14	-	model2only
14	-	model2only
-1	-	model2only
-62	+	model2only
-62	+	model2only
-62	+	model2only
-62	+	model2only
-56	+	model2only
80	+	model2only
-102	+	model2only
43	+	model2only
1	+	model2only
11	+	model2only
-61	-	model2only
-27	+	model2only
-27	+	model2only
-27	+	model2only
-27	+	model2only
-144	+	model2only
-55	+	model2only
139	+	model2only
-119	+	model2only
19	+	model2only
19	+	model2only
-17	-	model2only
-74	-	model2only
-74	-	model2only
-35	-	model2only
55	-	model2only
55	-	model2only
-11	-	model2only
-167	-	model2only
-46	-	model2only
-115	-	model2only
56	-	model2only
56	-	model2only
-65	-	model2only
185	-	model2only
185	-	model2only
16	-	model2only
31	+	model2only
-32	+	model2only
-32	+	model2only
-188	+	model2only
83	+	model2only
-139	+	model2only
-63	+	model2only
28	+	model2only
-160	+	model2only
-123	+	model2only
100	-	model2only
-25	-	model2only
37	-	model2only
-111	-	model2only
113	-	model2only
-69	-	model2only
-69	-	model2only
8	-	model2only
75	-	model2only
66	-	model2only
-95	-	model2only
-95	-	model2only
59	+	model2only
59	+	model2only
-3	+	model2only
-79	+	model2only
167	-	model2only
-53	-	model2only
-54	-	model2only
44	+	model2only
-71	-	model2only
-71	-	model2only
14	+	model2only
-35	-	model2only
-35	-	model2only
-81	-	model2only
6	-	model2only
-50	-	model2only
-95	-	model2only
-95	-	model2only
-18	-	model2only
10	-	model2only
-3	+	model2only
-103	+	model2only
-141	+	model2only
-141	+	model2only
-13	+	model2only
-50	-	model2only
126	-	model2only
16	+	model2only
-9	+	model2only
183	-	model2only
-49	+	model2only
-36	+	model2only
213	-	model2only
213	-	model2only
-6	+	model2only
-52	+	model2only
-199	+	model2only
-35	-	model2only
-35	-	model2only
-35	-	model2only
42	-	model2only
-82	+	model2only
-53	+	model2only
148	+	model2only
-68	-	model2only
-14	-	model2only
-14	-	model2only
-14	-	model2only
-15	+	model2only
-107	+	model2only
-5	+	model2only
-79	+	model2only
96	+	model2only
39	-	model2only
62	-	model2only
4	-	model2only
4	-	model2only
-13	-	model2only
171	+	model2only
171	+	model2only
-19	+	model2only
62	-	model2only
-46	+	model2only
-50	+	model2only
-12	-	model2only
99	+	model2only
-21	+	model2only
134	+	model2only
-9	+	model2only
-33	+	model2only
-129	+	model2only
-129	+	model2only
-129	+	model2only
-21	-	model2only
-16	+	model2only
143	+	model2only
-16	-	model2only
-8	-	model2only
-92	-	model2only
-92	-	model2only
-34	-	model2only
-34	-	model2only
-101	-	model2only
-101	-	model2only
-24	-	model2only
169	-	model2only
169	-	model2only
-132	-	model2only
-132	-	model2only
67	-	model2only
89	-	model2only
-86	-	model2only
121	+	model2only
121	+	model2only
-122	+	model2only
-80	-	model2only
-80	-	model2only
188	+	model2only
-28	+	model2only
214	+	model2only
214	+	model2only
-155	+	model2only
-121	-	model2only
74	+	model2only
98	+	model2only
98	+	model2only
98	+	model2only
-1	-	model2only
-109	+	model2only
-60	+	model2only
-44	+	model2only
90	+	model2only
-89	+	model2only
174	+	model2only
210	+	model2only
-135	-	model2only
-135	-	model2only
-138	-	model2only
76	-	model2only
-165	-	model2only
97	-	model2only
-60	+	model2only
33	+	model2only
-44	+	model2only
23	+	model2only
23	+	model2only
-61	+	model2only
-61	+	model2only
90	+	model2only
27	-	model2only
-28	-	model2only
-73	-	model2only
255	-	model2only
-138	-	model2only
109	-	model2only
121	+	model2only
176	+	model2only
-152	+	model2only
-25	-	model2only
-25	-	model2only
13	+	model2only
1	+	model2only
-106	+	model2only
-106	+	model2only
-55	+	model2only
-228	+	model2only
-21	-	model2only
-21	-	model2only
-9	-	model2only
-11	-	model2only
-65	-	model2only
-205	-	model2only
83	+	model2only
83	+	model2only
109	+	model2only
-2	+	model2only
31	+	model2only
65	+	model2only
-19	+	model2only
-19	+	model2only
-50	-	model2only
-90	-	model2only
13	-	model2only
-9	+	model2only
100	+	model2only
100	+	model2only
-140	+	model2only
30	+	model2only
-124	+	model2only
85	+	model2only
-59	-	model2only
-59	-	model2only
-62	+	model2only
-62	+	model2only
-35	-	model2only
-35	-	model2only
-35	-	model2only
42	-	model2only
17	+	model2only
104	-	model2only
-27	-	model2only
-27	-	model2only
62	-	model2only
-46	+	model2only
-139	+	model2only
179	+	model2only
-114	+	model2only
43	+	model2only
46	+	model2only
3	-	model2only
188	-	model2only
-138	-	model2only
45	-	model2only
97	-	model2only
47	-	model2only
24	+	model2only
124	+	model2only
-28	+	model2only
17	+	model2only
5	+	model2only
-43	+	model2only
116	-	model2only
-41	-	model2only
-41	-	model2only
-59	-	model2only
-59	-	model2only
-32	-	model2only
-191	+	model2only
-73	+	model2only
146	+	model2only
4	+	model2only
24	+	model2only
-25	+	model2only
-25	+	model2only
-35	-	model2only
-54	-	model2only
83	+	model2only
0	+	model2only
0	+	model2only
-232	+	model2only
0	+	model2only
0	+	model2only
-109	+	model2only
-109	+	model2only
-88	+	model2only
2	+	model2only
4	+	model2only
4	+	model2only
89	+	model2only
89	+	model2only
104	-	model2only
-131	-	model2only
-49	-	model2only
-94	-	model2only
74	+	model2only
137	+	model2only
137	+	model2only
31	+	model2only
-24	+	model2only
-113	+	model2only
98	+	model2only
98	+	model2only
98	+	model2only
98	+	model2only
11	+	model2only
11	+	model2only
-124	+	model2only
-109	+	model2only
-146	+	model2only
-42	-	model2only
-42	-	model2only
-8	-	model2only
108	-	model2only
-136	-	model2only
-89	+	model2only
185	+	model2only
-135	-	model2only
-135	-	model2only
-138	-	model2only
76	-	model2only
-151	+	model2only
101	-	model2only
101	-	model2only
89	-	model2only
89	-	model2only
76	+	model2only
129	+	model2only
-217	+	model2only
-22	+	model2only
-22	+	model2only
-22	+	model2only
-22	+	model2only
-22	+	model2only
-22	+	model2only
187	+	model2only
-23	-	model2only
-56	-	model2only
-26	-	model2only
-104	+	model2only
-48	+	model2only
-11	+	model2only
-28	+	model2only
188	+	model2only
-19	+	model2only
-25	+	model2only
61	+	model2only
150	+	model2only
-15	+	model2only
-14	+	model2only
-157	+	model2only
-157	+	model2only
-191	+	model2only
-191	+	model2only
-191	+	model2only
-99	+	model2only
-99	+	model2only
-99	+	model2only
51	-	model2only
55	-	model2only
-13	-	model2only
-113	-	model2only
-78	-	model2only
-14	-	model2only
79	-	model2only
150	-	model2only
-89	-	model2only
88	+	model2only
-24	+	model2only
-103	+	model2only
-62	+	model2only
12	+	model2only
134	+	model2only
134	+	model2only
134	+	model2only
134	+	model2only
48	+	model2only
-146	+	model2only
-120	+	model2only
-120	+	model2only
74	+	model2only
-84	-	model2only
70	+	model2only
221	+	model2only
-76	+	model2only
-2	+	model2only
-61	+	model2only
179	+	model2only
215	+	model2only
-36	+	model2only
-11	-	model2only
-21	-	model2only
113	-	model2only
113	-	model2only
-1	+	model2only
109	+	model2only
-92	+	model2only
43	+	model2only
-151	+	model2only
5	+	model2only
5	+	model2only
135	+	model2only
135	+	model2only
12	-	model2only
89	-	model2only
-49	+	model2only
-41	-	model2only
-134	+	model2only
14	+	model2only
-50	+	model2only
-71	-	model2only
-151	+	model2only
89	-	model2only
-3	-	model2only
-3	-	model2only
29	-	model2only
29	-	model2only
-32	+	model2only
-1	-	model2only
-55	+	model2only
-35	-	model2only
-9	-	model2only
-32	+	model2only
-32	+	model2only
83	+	model2only
-164	+	model2only
80	+	model2only
-44	+	model2only
90	+	model2only
176	+	model2only
2	+	model2only
-237	-	model2only
119	-	model2only
65	-	model2only
92	+	model2only
81	-	model2only
8	-	model2only
120	+	model2only
1	+	model2only
-106	+	model2only
130	+	model2only
130	+	model2only
-35	+	model2only
-185	-	model2only
166	-	model2only
62	-	model2only
62	-	model2only
-160	-	model2only
-7	-	model2only
-7	-	model2only
-28	-	model2only
-26	-	model2only
-8	-	model2only
-41	+	model2only
67	+	model2only
-5	+	model2only
-5	+	model2only
5	+	model2only
-27	+	model2only
74	+	model2only
0	+	model2only
-124	+	model2only
33	+	model2only
33	+	model2only
-19	+	model2only
-146	+	model2only
-34	+	model2only
121	-	model2only
-7	-	model2only
-15	-	model2only
170	+	model2only
170	+	model2only
-88	+	model2only
-73	+	model2only
-84	-	model2only
51	+	model2only
-39	-	model2only
-39	+	model2only
94	+	model2only
212	+	model2only
142	+	model2only
142	+	model2only
67	-	model2only
67	-	model2only
-5	-	model2only
-5	-	model2only
-11	-	model2only
-9	-	model2only
-52	-	model2only
-1	-	model2only
-1	-	model2only
-32	-	model2only
-32	-	model2only
-16	-	model2only
37	-	model2only
-104	+	model2only
45	+	model2only
45	+	model2only
45	+	model2only
6	+	model2only
-53	+	model2only
-89	+	model2only
52	+	model2only
-108	+	model2only
71	+	model2only
185	+	model2only
185	+	model2only
-135	-	model2only
-135	-	model2only
-138	-	model2only
76	-	model2only
97	-	model2only
111	-	model2only
111	-	model2only
67	-	model2only
7	+	model2only
148	+	model2only
-14	-	model2only
-205	-	model2only
62	-	model2only
144	+	model2only
144	+	model2only
144	+	model2only
-60	+	model2only
-227	+	model2only
-44	+	model2only
227	+	model2only
202	+	model2only
176	+	model2only
-52	-	model2only
-52	-	model2only
-1	+	model2only
92	+	model2only
-25	+	model2only
-4	+	model2only
112	+	model2only
-57	+	model2only
-27	+	model2only
-205	+	model2only
65	-	model2only
-137	-	model2only
-87	-	model2only
80	-	model2only
-29	-	model2only
-189	+	model2only
-189	+	model2only
-84	-	model2only
-47	+	model2only
51	+	model2only
51	+	model2only
-76	+	model2only
35	+	model2only
55	-	model2only
-4	-	model2only
-62	+	model2only
-62	+	model2only
92	+	model2only
-19	+	model2only
81	-	model2only
129	+	model2only
116	+	model2only
-85	+	model2only
-85	+	model2only
-104	+	model2only
-34	+	model2only
-49	+	model2only
-35	-	model2only
-35	-	model2only
-35	-	model2only
-82	+	model2only
19	+	model2only
19	+	model2only
19	+	model2only
111	-	model2only
111	-	model2only
-49	+	model2only
43	-	model2only
-19	+	model2only
-89	+	model2only
71	+	model2only
76	+	model2only
-105	-	model2only
97	-	model2only
58	-	model2only
-146	+	model2only
187	-	model2only
-50	+	model2only
-151	+	model2only
89	-	model2only
-68	+	model2only
-84	-	model2only
47	+	model2only
47	+	model2only
165	+	model2only
165	+	model2only
49	+	model2only
49	+	model2only
7	+	model2only
-59	-	model2only
-59	-	model2only
-82	-	model2only
7	+	model2only
7	+	model2only
19	-	model2only
-31	-	model2only
14	-	model2only
-6	+	model2only
-191	-	model2only
74	+	model2only
98	+	model2only
98	+	model2only
98	+	model2only
-108	+	model2only
35	+	model2only
55	-	model2only
3	+	model2only
-104	+	model2only
-60	+	model2only
-44	+	model2only
-138	-	model2only
176	+	model2only
34	-	model2only
-14	-	model2only
-43	-	model2only
47	+	model2only
47	+	model2only
120	+	model2only
-47	+	model2only
80	-	model2only
-25	-	model2only
50	+	model2only
-136	-	model2only
-130	+	model2only
-130	+	model2only
-73	+	model2only
-84	-	model2only
19	-	model2only
19	-	model2only
19	-	model2only
51	+	model2only
2	+	model2only
-62	+	model2only
-62	+	model2only
-77	-	model2only
-34	+	model2only
-238	-	model2only
-236	-	model2only
-6	+	model2only
-204	+	model2only
-35	-	model2only
-35	-	model2only
169	+	model2only
116	+	model2only
-27	-	model2only
-85	+	model2only
-85	+	model2only
-104	+	model2only
-60	+	model2only
-60	+	model2only
-60	+	model2only
-44	+	model2only
-73	-	model2only
-138	-	model2only
176	+	model2only
67	-	model2only
32	+	model2only
-15	+	model2only
-49	+	model2only
-8	-	model2only
103	+	model2only
-15	-	model2only
-13	-	model2only
62	-	model2only
-25	-	model2only
-62	+	model2only
58	-	model2only
4	-	model2only
117	+	model2only
-44	+	model2only
-44	+	model2only
19	-	model2only
-138	-	model2only
5	+	model2only
-62	+	model2only
-62	+	model2only
-35	-	model2only
-35	-	model2only
-35	-	model2only
-238	-	model2only
19	-	model2only
-31	-	model2only
14	-	model2only
-236	-	model2only
-6	+	model2only
-2	-	model2only
-95	-	model2only
-95	-	model2only
-50	+	model2only
-151	+	model2only
0	+	model2only
-60	+	model2only
-60	+	model2only
-44	+	model2only
-138	-	model2only
176	+	model2only
-222	+	model2only
-158	+	model2only
-41	-	model2only
-109	+	model2only
-37	-	model2only
4	-	model2only
4	-	model2only
-25	-	model2only
-25	-	model2only
45	+	model2only
45	+	model2only
-74	-	model2only
-50	-	model2only
-93	-	model2only
-93	-	model2only
-95	-	model2only
-95	-	model2only
-18	-	model2only
98	-	model2only
22	+	model2only
125	+	model2only
-50	+	model2only
-151	+	model2only
-89	+	model2only
-62	+	model2only
-62	+	model2only
5	+	model2only
98	-	model2only
-35	-	model2only
-35	-	model2only
-35	-	model2only
-155	+	model2only
74	+	model2only
98	+	model2only
98	+	model2only
-151	+	model2only
89	-	model2only
154	-	model2only
-27	-	model2only
62	-	model2only
-31	-	model2only
-21	+	model2only
-11	-	model2only
-89	+	model2only
-32	+	model2only
71	+	model2only
90	+	model2only
185	+	model2only
-165	-	model2only
218	+	model2only
80	+	model2only
-227	+	model2only
-44	+	model2only
176	+	model2only
-5	+	model2only
103	+	model2only
37	+	model2only
-15	-	model2only
-13	-	model2only
37	-	model2only
78	-	model2only
-50	+	model2only
-151	+	model2only
-28	-	model2only
59	+	model2only
-91	+	model2only
-91	+	model2only
0	+	model2only
-109	+	model2only
-49	+	model2only
55	+	model2only
-62	+	model2only
-62	+	model2only
-21	-	model2only
3	-	model2only
-25	-	model2only
170	+	model2only
3	-	model2only
-138	-	model2only
47	-	model2only
-28	+	model2only
-35	-	model2only
-35	-	model2only
83	+	model2only
83	+	model2only
47	+	model2only
47	+	model2only
-12	-	model2only
-108	+	model2only
-14	-	model2only
-15	+	model2only
17	+	model2only
-50	+	model2only
-151	+	model2only
-93	-	model2only
-93	-	model2only
-95	-	model2only
-95	-	model2only
168	-	model2only
-121	-	model2only
60	-	model2only
74	+	model2only
96	+	model2only
98	+	model2only
91	+	model2only
22	+	model2only
-2	+	model2only
52	+	model2only
-108	+	model2only
-92	+	model2only
-128	-	model2only
185	+	model2only
185	+	model2only
185	+	model2only
-138	-	model2only
-165	-	model2only
97	-	model2only
-21	-	model2only
-12	-	model2only
8	+	model2only
-124	+	model2only
-1	+	model2only
-1	+	model2only
98	-	model2only
-11	-	model2only
144	-	model2only
-34	+	model2only
-114	+	model2only
-138	-	model2only
-54	+	model2only
-109	+	model2only
1	+	model2only
-9	+	model2only
-9	+	model2only
25	+	model2only
213	+	model2only
24	+	model2only
24	+	model2only
37	+	model2only
37	+	model2only
1	-	model2only
83	+	model2only
83	+	model2only
104	+	model2only
81	+	model2only
-68	-	model2only
-14	-	model2only
-89	-	model2only
74	+	model2only
-84	-	model2only
-19	+	model2only
-124	+	model2only
2	+	model2only
-12	-	model2only
-124	+	model2only
-76	-	model2only
-7	-	model2only
-63	+	model2only
188	+	model2only
32	+	model2only
74	+	model2only
-107	-	model2only
-84	-	model2only
-8	-	model2only
70	+	model2only
0	+	model2only
-49	+	model2only
-62	-	model2only
-125	-	model2only
-81	+	model2only
64	-	model2only
-86	-	model2only
-50	+	model2only
-50	+	model2only
-50	+	model2only
-151	+	model2only
-151	+	model2only
-151	+	model2only
-1	+	model2only
-39	-	model2only
22	+	model2only
-24	+	model2only
7	+	model2only
-51	-	model2only
-51	-	model2only
-32	-	model2only
12	+	model2only
-125	-	model2only
-125	-	model2only
-12	-	model2only
93	-	model2only
74	+	model2only
31	+	model2only
98	+	model2only
-6	+	model2only
-47	-	model2only
-35	+	model2only
-182	-	model2only
80	+	model2only
-227	+	model2only
-44	+	model2only
-44	+	model2only
90	+	model2only
176	+	model2only
2	+	model2only
124	+	model2only
-19	+	model2only
-51	-	model2only
-56	-	model2only
-56	-	model2only
39	+	model2only
-124	+	model2only
71	+	model2only
49	+	model2only
42	+	model2only
-134	+	model2only
-6	-	model2only
50	+	model2only
-25	-	model2only
40	+	model2only
-86	+	model2only
166	-	model2only
166	-	model2only
121	-	model2only
-7	-	model2only
108	-	model2only
86	+	model2only
86	+	model2only
-35	-	model2only
-35	-	model2only
-35	-	model2only
-46	-	model2only
-40	-	model2only
-111	-	model2only
-111	-	model2only
120	+	model2only
57	+	model2only
-82	+	model2only
-53	+	model2only
148	+	model2only
-27	-	model2only
-68	-	model2only
-14	-	model2only
-14	-	model2only
-14	-	model2only
-14	-	model2only
-15	+	model2only
-24	+	model2only
0	+	model2only
-20	+	model2only
-20	+	model2only
74	+	model2only
89	+	model2only
89	+	model2only
-46	-	model2only
-46	-	model2only
87	-	model2only
70	+	model2only
11	+	model2only
11	+	model2only
11	+	model2only
-47	+	model2only
51	+	model2only
221	+	model2only
-134	+	model2only
-2	+	model2only
-202	+	model2only
-109	+	model2only
5	-	model2only
130	+	model2only
130	+	model2only
-76	-	model2only
-57	-	model2only
-55	+	model2only
-18	+	model2only
-214	+	model2only
-1	+	model2only
-104	+	model2only
89	+	model2only
74	+	model2only
125	+	model2only
70	+	model2only
-47	+	model2only
56	+	model2only
-76	+	model2only
-28	+	model2only
-50	+	model2only
-151	+	model2only
101	-	model2only
89	-	model2only
-39	-	model2only
30	-	model2only
62	+	model2only
62	+	model2only
-100	-	model2only
-111	-	model2only
43	-	model2only
-59	-	model2only
-59	-	model2only
-55	+	model2only
-125	-	model2only
-125	-	model2only
18	+	model2only
157	+	model2only
-35	-	model2only
56	-	model2only
83	+	model2only
47	+	model2only
47	+	model2only
-23	-	model2only
-26	-	model2only
-154	+	model2only
-88	+	model2only
-3	+	model2only
-293	+	model2only
-72	+	model2only
62	-	model2only
108	+	model2only
28	+	model2only
82	-	model2only
19	+	model2only
74	+	model2only
-39	-	model2only
139	+	model2only
139	+	model2only
-182	-	model2only
95	-	model2only
-124	+	model2only
14	-	model2only
-15	+	model2only
74	+	model2only
238	+	model2only
-84	-	model2only
-9	-	model2only
-9	-	model2only
93	-	model2only
70	+	model2only
-47	+	model2only
51	+	model2only
62	-	model2only
-89	+	model2only
71	+	model2only
-138	-	model2only
-62	+	model2only
-62	+	model2only
37	+	model2only
-62	-	model2only
-125	-	model2only
-125	-	model2only
-9	+	model2only
115	+	model2only
-49	-	model2only
67	-	model2only
64	-	model2only
-86	-	model2only
-122	+	model2only
7	+	model2only
-25	-	model2only
-164	+	model2only
-60	+	model2only
80	+	model2only
-44	+	model2only
90	+	model2only
2	+	model2only
-39	-	model2only
19	+	model2only
-68	+	model2only
99	+	model2only
-9	+	model2only
67	-	model2only
220	+	model2only
17	+	model2only
62	-	model2only
-11	-	model2only
-18	-	model2only
10	-	model2only
-232	+	model2only
-25	-	model2only
37	-	model2only
-111	-	model2only
-34	+	model2only
130	+	model2only
130	+	model2only
-35	-	model2only
-35	-	model2only
-35	-	model2only
-164	+	model2only
-60	+	model2only
-60	+	model2only
80	+	model2only
28	+	model2only
-44	+	model2only
90	+	model2only
29	-	model2only
-17	-	model2only
-17	-	model2only
176	+	model2only
124	+	model2only
-4	-	model2only
-10	-	model2only
-124	+	model2only
71	+	model2only
56	+	model2only
-82	+	model2only
-68	-	model2only
-92	-	model2only
-15	-	model2only
-69	+	model2only
-87	+	model2only
-25	-	model2only
-25	-	model2only
1	+	model2only
1	+	model2only
-34	+	model2only
121	-	model2only
-7	-	model2only
108	-	model2only
-36	+	model2only
-71	-	model2only
50	+	model2only
-111	-	model2only
-36	-	model2only
-35	-	model2only
-35	-	model2only
-35	-	model2only
-35	-	model2only
-35	-	model2only
-35	-	model2only
42	-	model2only
-108	+	model2only
81	+	model2only
-68	-	model2only
-14	-	model2only
-14	-	model2only
141	-	model2only
-92	-	model2only
17	+	model2only
-89	+	model2only
-15	+	model2only
-135	-	model2only
-138	-	model2only
76	-	model2only
76	-	model2only
-17	-	model2only
-154	+	model2only
-88	+	model2only
154	+	model2only
-50	-	model2only
-95	-	model2only
-95	-	model2only
-18	-	model2only
10	-	model2only
-232	+	model2only
50	+	model2only
88	+	model2only
19	-	model2only
13	-	model2only
-150	+	model2only
57	+	model2only
103	+	model2only
75	+	model2only
-15	-	model2only
-13	-	model2only
-81	+	model2only
103	+	model2only
-151	+	model2only
89	-	model2only
-71	-	model2only
-71	-	model2only
94	+	model2only
-23	-	model2only
154	+	model2only
-41	-	model2only
-59	-	model2only
24	+	model2only
-109	+	model2only
235	+	model2only
0	+	model2only
-109	+	model2only
0	+	model2only
-125	-	model2only
-125	-	model2only
-81	+	model2only
-89	+	model2only
71	+	model2only
186	+	model2only
59	+	model2only
185	+	model2only
185	+	model2only
210	+	model2only
210	+	model2only
-135	-	model2only
-135	-	model2only
-138	-	model2only
76	-	model2only
-165	-	model2only
97	-	model2only
-89	+	model2only
-108	+	model2only
71	+	model2only
185	+	model2only
-59	-	model2only
-135	-	model2only
-138	-	model2only
76	-	model2only
97	-	model2only
-62	+	model2only
-62	+	model2only
-94	-	model2only
-94	-	model2only
-106	+	model2only
-35	-	model2only
-152	-	model2only
-152	-	model2only
-32	+	model2only
-32	+	model2only
-164	+	model2only
24	+	model2only
80	+	model2only
-44	+	model2only
90	+	model2only
-17	-	model2only
176	+	model2only
-60	+	model2only
80	+	model2only
-44	+	model2only
-44	+	model2only
90	+	model2only
176	+	model2only
-28	+	model2only
-71	-	model2only
-151	+	model2only
5	+	model2only
101	-	model2only
89	-	model2only
15	-	model2only
-47	-	model2only
129	+	model2only
129	+	model2only
-1	+	model2only
-49	+	model2only
-19	-	model2only
-59	-	model2only
-59	-	model2only
73	+	model2only
-25	-	model2only
-77	+	model2only
-151	+	model2only
89	-	model2only
1	+	model2only
121	+	model2only
-55	+	model2only
19	+	model2only
19	+	model2only
-35	-	model2only
-11	-	model2only
-32	-	model2only
-32	-	model2only
-65	-	model2only
83	+	model2only
83	+	model2only
-35	-	model2only
-35	-	model2only
-35	-	model2only
42	-	model2only
21	+	model2only
-24	+	model2only
55	+	model2only
55	+	model2only
-158	+	model2only
-50	-	model2only
-95	-	model2only
-95	-	model2only
10	-	model2only
-232	+	model2only
-35	-	model2only
-35	-	model2only
-35	-	model2only
-76	-	model2only
5	+	model2only
5	+	model2only
-27	+	model2only
-27	+	model2only
74	+	model2only
-113	+	model2only
-71	-	model2only
-109	+	model2only
64	-	model2only
-93	-	model2only
-93	-	model2only
-95	-	model2only
-95	-	model2only
-18	-	model2only
-167	+	model2only
-15	+	model2only
51	+	model2only
51	+	model2only
-76	+	model2only
24	+	model2only
24	+	model2only
-35	-	model2only
-62	+	model2only
-62	+	model2only
-151	+	model2only
-158	+	model2only
-89	+	model2only
30	+	model2only
174	+	model2only
185	+	model2only
3	-	model2only
210	+	model2only
210	+	model2only
-135	-	model2only
-135	-	model2only
-138	-	model2only
76	-	model2only
97	-	model2only
-109	+	model2only
235	+	model2only
-68	+	model2only
-9	+	model2only
59	+	model2only
59	+	model2only
32	+	model2only
39	+	model2only
19	+	model2only
7	+	model2only
-71	-	model2only
-109	+	model2only
-151	+	model2only
135	+	model2only
135	+	model2only
101	-	model2only
12	-	model2only
89	-	model2only
15	-	model2only
59	+	model2only
-89	+	model2only
174	+	model2only
185	+	model2only
3	-	model2only
-135	-	model2only
-135	-	model2only
-138	-	model2only
76	-	model2only
-165	-	model2only
-151	+	model2only
5	+	model2only
5	+	model2only
89	-	model2only
-1	+	model2only
59	+	model2only
67	-	model2only
116	-	model2only
-41	-	model2only
-59	-	model2only
-59	-	model2only
-106	+	model2only
-35	-	model2only
83	+	model2only
109	+	model2only
47	+	model2only
-15	+	model2only
-24	+	model2only
1	+	model2only
-106	+	model2only
-106	+	model2only
-66	-	model2only
-66	-	model2only
83	+	model2only
83	+	model2only
47	+	model2only
47	+	model2only
-117	-	model2only
-56	-	model2only
-182	-	model2only
95	-	model2only
-41	-	model2only
-59	-	model2only
-59	-	model2only
16	+	model2only
-29	-	model2only
60	-	model2only
74	+	model2only
67	-	model2only
64	-	model2only
-122	+	model2only
-53	+	model2only
182	+	model2only
-14	-	model2only
-14	-	model2only
74	+	model2only
91	+	model2only
-111	-	model2only
115	+	model2only
-49	-	model2only
67	-	model2only
62	-	model2only
-46	+	model2only
-1	+	model2only
-7	-	model2only
-89	+	model2only
-32	+	model2only
71	+	model2only
59	+	model2only
30	+	model2only
-138	-	model2only
76	-	model2only
-165	-	model2only
-9	+	model2only
115	+	model2only
-7	-	model2only
-122	+	model2only
-25	-	model2only
-25	-	model2only
167	-	model2only
13	+	model2only
40	+	model2only
-49	+	model2only
-41	-	model2only
-41	-	model2only
-59	-	model2only
7	+	model2only
7	+	model2only
22	+	model2only
-76	-	model2only
-70	+	model2only
74	+	model2only
125	+	model2only
-84	-	model2only
70	+	model2only
-47	+	model2only
51	+	model2only
51	+	model2only
56	+	model2only
-76	+	model2only
-15	+	model2only
74	+	model2only
238	+	model2only
-84	-	model2only
70	+	model2only
51	+	model2only
51	+	model2only
-76	+	model2only
124	+	model2only
-4	-	model2only
-124	+	model2only
71	+	model2only
8	+	model2only
8	+	model2only
74	+	model2only
125	+	model2only
70	+	model2only
-47	+	model2only
56	+	model2only
-4	+	model2only
-151	+	model2only
5	+	model2only
5	+	model2only
101	-	model2only
12	-	model2only
89	-	model2only
59	+	model2only
-11	-	model2only
-9	-	model2only
71	-	model2only
-88	+	model2only
-82	+	model2only
-14	-	model2only
-14	-	model2only
-15	+	model2only
44	+	model2only
-111	-	model2only
121	+	model2only
37	+	model2only
-62	-	model2only
50	+	model2only
-111	-	model2only
-82	-	model2only
-82	-	model2only
-130	+	model2only
130	+	model2only
-76	-	model2only
119	-	model2only
-39	-	model2only
-106	+	model2only
-55	+	model2only
-35	-	model2only
-21	-	model2only
-9	-	model2only
83	+	model2only
83	+	model2only
47	+	model2only
-17	-	model2only
-154	+	model2only
62	-	model2only
-122	+	model2only
-94	-	model2only
-94	-	model2only
-25	-	model2only
-15	+	model2only
74	+	model2only
-46	-	model2only
-84	-	model2only
70	+	model2only
11	+	model2only
11	+	model2only
11	+	model2only
11	+	model2only
-47	+	model2only
51	+	model2only
51	+	model2only
-134	+	model2only
-76	+	model2only
-15	+	model2only
-84	-	model2only
11	+	model2only
11	+	model2only
11	+	model2only
11	+	model2only
-47	+	model2only
51	+	model2only
51	+	model2only
221	+	model2only
130	+	model2only
-35	-	model2only
-35	-	model2only
-35	-	model2only
-37	-	model2only
42	-	model2only
74	+	model2only
-17	-	model2only
-88	+	model2only
154	+	model2only
105	+	model2only
-50	-	model2only
-18	-	model2only
-62	-	model2only
-125	-	model2only
-125	-	model2only
0	+	model2only
-71	-	model2only
-109	+	model2only
-71	-	model2only
-71	-	model2only
-125	-	model2only
-28	+	model2only
-151	+	model2only
101	-	model2only
101	-	model2only
89	-	model2only
59	+	model2only
-68	+	model2only
-84	-	model2only
-123	-	model2only
65	-	model2only
-122	-	model2only
-122	-	model2only
-83	-	model2only
-89	+	model2only
71	+	model2only
185	+	model2only
-135	-	model2only
-135	-	model2only
-138	-	model2only
76	-	model2only
97	-	model2only
23	-	model2only
12	+	model2only
-104	+	model2only
-27	-	model2only
62	-	model2only
5	+	model2only
-27	+	model2only
-95	+	model2only
-12	-	model2only
74	+	model2only
-83	+	model2only
-59	-	model2only
-59	-	model2only
19	+	model2only
54	+	model2only
-21	-	model2only
3	-	model2only
102	+	model2only
51	+	model2only
51	+	model2only
-82	+	model2only
17	+	model2only
-31	-	model2only
-27	-	model2only
62	-	model2only
-46	+	model2only
-60	+	model2only
80	+	model2only
-44	+	model2only
-44	+	model2only
90	+	model2only
176	+	model2only
176	+	model2only
80	-	model2only
-106	+	model2only
-35	-	model2only
-76	-	model2only
83	+	model2only
47	+	model2only
0	+	model2only
0	+	model2only
-60	+	model2only
80	+	model2only
-44	+	model2only
-44	+	model2only
90	+	model2only
29	-	model2only
55	+	model2only
-158	+	model2only
-6	+	model2only
13	+	model2only
18	+	model2only
-60	+	model2only
-60	+	model2only
-44	+	model2only
-73	-	model2only
-37	-	model2only
-138	-	model2only
176	+	model2only
-152	+	model2only
-87	+	model2only
-25	-	model2only
-25	-	model2only
-3	-	model2only
40	+	model2only
40	+	model2only
-164	+	model2only
-60	+	model2only
80	+	model2only
90	+	model2only
-60	+	model2only
-60	+	model2only
14	-	model2only
73	+	model2only
-35	-	model2only
-35	-	model2only
-35	-	model2only
-110	-	model2only
42	-	model2only
-25	-	model2only
-25	-	model2only
-62	+	model2only
-62	+	model2only
-35	-	model2only
-35	-	model2only
-35	-	model2only
42	-	model2only
-95	-	model2only
-95	-	model2only
-18	-	model2only
10	-	model2only
-232	+	model2only
-62	+	model2only
-62	+	model2only
74	+	model2only
-35	-	model2only
-35	-	model2only
-35	-	model2only
-95	-	model2only
-95	-	model2only
-18	-	model2only
10	-	model2only
44	+	model2only
103	+	model2only
-2	-	model2only
-95	-	model2only
-95	-	model2only
6	-	model2only
44	+	model2only
-109	+	model2only
-182	-	model2only
95	-	model2only
-124	+	model2only
-89	+	model2only
185	+	model2only
185	+	model2only
3	-	model2only
210	+	model2only
-135	-	model2only
-135	-	model2only
-138	-	model2only
76	-	model2only
-165	-	model2only
97	-	model2only
-114	+	model2only
-138	-	model2only
-19	+	model2only
115	+	model2only
67	-	model2only
10	-	model2only
10	-	model2only
64	-	model2only
-122	+	model2only
25	+	model2only
-35	-	model2only
-54	-	model2only
83	+	model2only
47	+	model2only
-50	+	model2only
-151	+	model2only
-155	+	model2only
-62	+	model2only
-62	+	model2only
-158	+	model2only
-88	+	model2only
-28	+	model2only
-41	-	model2only
-59	-	model2only
-59	-	model2only
7	+	model2only
7	+	model2only
22	+	model2only
-151	+	model2only
5	+	model2only
5	+	model2only
135	+	model2only
135	+	model2only
101	-	model2only
89	-	model2only
50	+	model2only
-111	-	model2only
-93	-	model2only
-93	-	model2only
-95	-	model2only
-95	-	model2only
-18	-	model2only
-17	-	model2only
-23	-	model2only
-26	-	model2only
-88	+	model2only
-109	+	model2only
-124	+	model2only
43	+	model2only
-50	+	model2only
-151	+	model2only
5	+	model2only
5	+	model2only
89	-	model2only
108	+	model2only
108	+	model2only
113	+	model2only
87	+	model2only
-124	+	model2only
71	+	model2only
27	+	model2only
46	-	model2only
-59	-	model2only
-59	-	model2only
74	+	model2only
-84	-	model2only
-21	-	model2only
70	+	model2only
51	+	model2only
51	+	model2only
-76	+	model2only
-165	-	model2only
97	-	model2only
74	+	model2only
-84	-	model2only
-199	-	model2only
64	-	model2only
-122	+	model2only
-71	-	model2only
-71	-	model2only
-62	-	model2only
-9	+	model2only
-49	-	model2only
67	-	model2only
-7	-	model2only
-126	-	model2only
-126	-	model2only
32	+	model2only
7	+	model2only
98	+	model2only
98	+	model2only
65	-	model2only
-39	-	model2only
96	+	model2only
-62	+	model2only
-62	+	model2only
3	-	model2only
-60	+	model2only
80	+	model2only
-44	+	model2only
-44	+	model2only
90	+	model2only
176	+	model2only
-24	+	model2only
49	+	model2only
-134	+	model2only
-27	-	model2only
-14	-	model2only
-14	-	model2only
141	-	model2only
-13	-	model2only
-15	+	model2only
-39	-	model2only
80	-	model2only
134	+	model2only
-122	+	model2only
36	+	model2only
-35	-	model2only
-35	-	model2only
-35	-	model2only
-163	+	model2only
-6	+	model2only
-50	-	model2only
-95	-	model2only
-95	-	model2only
10	-	model2only
-232	+	model2only
130	+	model2only
130	+	model2only
121	-	model2only
-76	-	model2only
-7	-	model2only
1	+	model2only
120	+	model2only
-44	+	model2only
-73	-	model2only
-138	-	model2only
176	+	model2only
-57	-	model2only
-57	-	model2only
72	+	model2only
44	+	model2only
-60	+	model2only
-44	+	model2only
90	+	model2only
161	+	model2only
5	+	model2only
-46	-	model2only
-40	-	model2only
-111	-	model2only
-111	-	model2only
125	+	model2only
-130	+	model2only
74	+	model2only
-112	-	model2only
70	+	model2only
-76	+	model2only
-25	-	model2only
-109	+	model2only
-3	+	model2only
14	-	model2only
-124	+	model2only
-89	+	model2only
186	+	model2only
174	+	model2only
185	+	model2only
185	+	model2only
3	-	model2only
210	+	model2only
-135	-	model2only
-135	-	model2only
-138	-	model2only
76	-	model2only
76	-	model2only
-165	-	model2only
97	-	model2only
0	+	model2only
74	+	model2only
89	+	model2only
-84	-	model2only
70	+	model2only
-47	+	model2only
51	+	model2only
221	+	model2only
-202	+	model2only
-62	+	model2only
-62	+	model2only
-77	-	model2only
-2	-	model2only
-95	-	model2only
-95	-	model2only
1	+	model2only
-57	-	model2only
-39	-	model2only
-49	+	model2only
-19	-	model2only
-59	-	model2only
-59	-	model2only
5	+	model2only
-27	+	model2only
74	+	model2only
-35	-	model2only
-35	-	model2only
-35	-	model2only
182	+	model2only
-14	-	model2only
94	+	model2only
100	+	model2only
96	+	model2only
-154	+	model2only
-3	+	model2only
89	+	model2only
62	-	model2only
118	+	model2only
1	+	model2only
-106	+	model2only
-35	-	model2only
-9	-	model2only
-32	-	model2only
83	+	model2only
109	+	model2only
47	+	model2only
-111	-	model2only
-111	-	model2only
-192	-	model2only
120	+	model2only
-62	+	model2only
-62	+	model2only
-72	+	model2only
-72	+	model2only
-125	-	model2only
-125	-	model2only
-50	-	model2only
43	+	model2only
-151	+	model2only
5	+	model2only
101	-	model2only
12	-	model2only
89	-	model2only
59	+	model2only
74	+	model2only
-84	-	model2only
-21	-	model2only
-125	-	model2only
70	+	model2only
-4	+	model2only
-114	+	model2only
-138	-	model2only
19	+	model2only
62	-	model2only
-35	-	model2only
-35	-	model2only
-72	+	model2only
-81	+	model2only
-50	+	model2only
-151	+	model2only
-27	-	model2only
47	+	model2only
17	+	model2only
-27	-	model2only
62	-	model2only
19	+	model2only
19	+	model2only
-155	+	model2only
74	+	model2only
-25	-	model2only
-25	-	model2only
-25	-	model2only
-25	-	model2only
167	-	model2only
13	+	model2only
-71	-	model2only
-164	+	model2only
-60	+	model2only
80	+	model2only
-44	+	model2only
176	+	model2only
-35	-	model2only
-43	-	model2only
-89	+	model2only
-138	-	model2only
76	-	model2only
-35	-	model2only
-35	-	model2only
25	+	model2only
-25	-	model2only
40	+	model2only
-77	+	model2only
-35	-	model2only
-128	-	model2only
28	-	model2only
0	+	model2only
0	+	model2only
-9	+	model2only
62	-	model2only
-59	-	model2only
-59	-	model2only
-62	+	model2only
-62	+	model2only
4	-	model2only
-158	+	model2only
-164	+	model2only
-60	+	model2only
80	+	model2only
90	+	model2only
176	+	model2only
50	+	model2only
19	-	model2only
13	-	model2only
-100	-	model2only
125	+	model2only
57	+	model2only
65	+	model2only
150	+	model2only
-19	+	model2only
-19	+	model2only
-50	-	model2only
112	+	model2only
112	+	model2only
-9	+	model2only
100	+	model2only
100	+	model2only
-76	+	model2only
-124	+	model2only
-35	-	model2only
83	+	model2only
47	+	model2only
47	+	model2only
-35	-	model2only
-35	-	model2only
-35	-	model2only
-37	-	model2only
-52	-	model2only
-52	-	model2only
1	+	model2only
-111	-	model2only
-111	-	model2only
29	-	model2only
29	-	model2only
-19	+	model2only
-25	-	model2only
-68	+	model2only
-9	+	model2only
67	-	model2only
220	+	model2only
68	+	model2only
68	+	model2only
24	+	model2only
-93	-	model2only
-93	-	model2only
-95	-	model2only
-95	-	model2only
-18	-	model2only
10	-	model2only
-15	+	model2only
74	+	model2only
-129	-	model2only
-129	-	model2only
-84	-	model2only
70	+	model2only
-122	+	model2only
51	+	model2only
28	+	model2only
-8	+	model2only
-86	+	model2only
58	-	model2only
-35	-	model2only
-35	-	model2only
-35	-	model2only
42	-	model2only
8	+	model2only
8	+	model2only
74	+	model2only
125	+	model2only
-84	-	model2only
70	+	model2only
-47	+	model2only
56	+	model2only
-4	+	model2only
-108	+	model2only
14	-	model2only
-151	+	model2only
5	+	model2only
5	+	model2only
89	-	model2only
-28	-	model2only
24	+	model2only
-71	-	model2only
-109	+	model2only
-18	-	model2only
-232	+	model2only
-31	+	model2only
-60	+	model2only
78	+	model2only
78	+	model2only
-44	+	model2only
23	+	model2only
27	-	model2only
-73	-	model2only
121	+	model2only
176	+	model2only
-88	+	model2only
-45	+	model2only
-45	+	model2only
-45	+	model2only
154	+	model2only
154	+	model2only
-89	+	model2only
52	+	model2only
-108	+	model2only
30	+	model2only
185	+	model2only
185	+	model2only
-135	-	model2only
-135	-	model2only
-138	-	model2only
-165	-	model2only
97	-	model2only
19	+	model2only
-196	+	model2only
-62	+	model2only
-62	+	model2only
-62	-	model2only
-125	-	model2only
-125	-	model2only
-81	+	model2only
-69	-	model2only
-62	-	model2only
43	+	model2only
-151	+	model2only
5	+	model2only
5	+	model2only
89	-	model2only
-187	-	model2only
129	+	model2only
-1	+	model2only
59	+	model2only
79	+	model2only
63	+	model2only
63	+	model2only
-56	+	model2only
22	+	model2only
-89	+	model2only
-135	-	model2only
-135	-	model2only
-138	-	model2only
76	-	model2only
24	+	model2only
-60	+	model2only
80	+	model2only
-44	+	model2only
90	+	model2only
176	+	model2only
2	+	model2only
-3	-	model2only
-59	-	model2only
-81	-	model2only
-164	+	model2only
-60	+	model2only
80	+	model2only
-44	+	model2only
90	+	model2only
19	-	model2only
19	-	model2only
15	-	model2only
-17	-	model2only
176	+	model2only
-13	-	model2only
171	+	model2only
-73	+	model2only
1	+	model2only
25	+	model2only
-35	-	model2only
83	+	model2only
83	+	model2only
47	+	model2only
104	+	model2only
-109	+	model2only
0	+	model2only
24	+	model2only
24	+	model2only
83	+	model2only
-25	-	model2only
-42	-	model2only
69	+	model2only
-77	+	model2only
-139	+	model2only
-114	+	model2only
43	+	model2only
185	+	model2only
3	-	model2only
97	-	model2only
47	-	model2only
-27	+	model2only
-27	+	model2only
60	-	model2only
0	-	model2only
-50	+	model2only
-151	+	model2only
-3	-	model2only
-35	-	model2only
-35	-	model2only
-35	-	model2only
-76	-	model2only
-37	-	model2only
-124	+	model2only
5	+	model2only
153	+	model2only
213	-	model2only
213	-	model2only
-31	+	model2only
179	+	model2only
-21	-	model2only
-1	+	model2only
-37	+	model2only
28	+	model2only
64	-	model2only
-93	-	model2only
-93	-	model2only
-95	-	model2only
-95	-	model2only
-18	-	model2only
-14	-	model2only
67	-	model2only
39	+	model2only
19	+	model2only
19	+	model2only
19	+	model2only
7	+	model2only
7	+	model2only
-155	+	model2only
60	-	model2only
31	+	model2only
-19	+	model2only
-74	-	model2only
0	+	model2only
26	+	model2only
24	+	model2only
235	+	model2only
-146	+	model2only
-89	+	model2only
-32	+	model2only
71	+	model2only
59	+	model2only
30	+	model2only
-138	-	model2only
-165	-	model2only
-151	+	model2only
89	-	model2only
59	+	model2only
66	+	model2only
35	+	model2only
9	+	model2only
-191	+	model2only
55	-	model2only
29	-	model2only
162	+	model2only
-14	+	model2only
-14	+	model2only
130	+	model2only
121	-	model2only
62	-	model2only
-7	-	model2only
-59	-	model2only
-68	+	model2only
-84	-	model2only
-199	-	model2only
-113	+	model2only
-50	+	model2only
-151	+	model2only
5	+	model2only
5	+	model2only
89	-	model2only
-28	-	model2only
-77	-	model2only
-1	+	model2only
59	+	model2only
-53	+	model2only
129	+	model2only
-22	+	model2only
-22	+	model2only
-17	-	model2only
-104	+	model2only
69	+	model2only
69	+	model2only
-11	+	model2only
-49	+	model2only
-49	+	model2only
116	-	model2only
-59	-	model2only
-59	-	model2only
-23	-	model2only
-26	-	model2only
-12	-	model2only
-124	+	model2only
-104	+	model2only
-89	+	model2only
30	+	model2only
185	+	model2only
-138	-	model2only
23	-	model2only
1	+	model2only
9	+	model2only
-106	+	model2only
-106	+	model2only
-66	-	model2only
83	+	model2only
83	+	model2only
165	+	model2only
165	+	model2only
47	+	model2only
47	+	model2only
-12	-	model2only
-15	+	model2only
74	+	model2only
-84	-	model2only
-29	-	model2only
60	-	model2only
74	+	model2only
-24	+	model2only
-14	-	model2only
1	+	model2only
1	+	model2only
-36	+	model2only
-163	+	model2only
-6	+	model2only
64	-	model2only
-53	+	model2only
-68	-	model2only
-161	-	model2only
-14	-	model2only
-14	-	model2only
-15	+	model2only
-62	+	model2only
-62	+	model2only
119	-	model2only
58	-	model2only
-25	-	model2only
-25	-	model2only
14	-	model2only
-163	+	model2only
-6	+	model2only
91	+	model2only
-35	-	model2only
-35	-	model2only
-35	-	model2only
55	+	model2only
55	+	model2only
-158	+	model2only
-60	+	model2only
-44	+	model2only
111	+	model2only
-138	-	model2only
176	+	model2only
74	+	model2only
125	+	model2only
70	+	model2only
-47	+	model2only
51	+	model2only
51	+	model2only
-76	+	model2only
124	+	model2only
38	+	model2only
-118	-	model2only
-4	-	model2only
-10	-	model2only
-114	+	model2only
-24	+	model2only
-124	+	model2only
71	+	model2only
50	+	model2only
-62	+	model2only
-62	+	model2only
-77	-	model2only
-25	-	model2only
-114	+	model2only
-138	-	model2only
-35	-	model2only
-152	-	model2only
-152	-	model2only
-35	-	model2only
-35	-	model2only
-35	-	model2only
-50	+	model2only
-151	+	model2only
-15	+	model2only
74	+	model2only
-47	+	model2only
51	+	model2only
51	+	model2only
-76	+	model2only
-2	-	model2only
74	+	model2only
-39	-	model2only
103	+	model2only
-15	-	model2only
-35	-	model2only
140	-	model2only
67	-	model2only
-109	+	model2only
-62	+	model2only
-62	+	model2only
-114	+	model2only
-138	-	model2only
-54	+	model2only
-60	+	model2only
-39	-	model2only
-35	-	model2only
-35	-	model2only
-43	+	model2only
46	-	model2only
62	-	model2only
-86	-	model2only
121	+	model2only
121	+	model2only
121	+	model2only
-50	+	model2only
-151	+	model2only
87	+	model2only
-124	+	model2only
-109	+	model2only
-43	+	model2only
62	-	model2only
-155	+	model2only
74	+	model2only
98	+	model2only
-60	+	model2only
98	-	model2only
-63	+	model2only
32	+	model2only
-25	-	model2only
-18	-	model2only
10	-	model2only
-232	+	model2only
-13	+	model2only
-53	+	model2only
-25	+	model2only
-25	+	model2only
55	-	model2only
-14	-	model2only
150	-	model2only
-14	+	model2only
-14	+	model2only
17	+	model2only
111	-	model2only
111	-	model2only
67	-	model2only
-13	-	model2only
-151	+	model2only
12	-	model2only
89	-	model2only
89	-	model2only
-53	+	model2only
-14	-	model2only
19	-	model2only
19	-	model2only
127	-	model2only
-41	-	model2only
-59	-	model2only
95	-	model2only
0	-	model2only
2	+	model2only
124	+	model2only
-4	-	model2only
87	+	model2only
-124	+	model2only
71	+	model2only
-15	+	model2only
-15	+	model2only
74	+	model2only
24	+	model2only
-84	-	model2only
-55	-	model2only
-64	-	model2only
51	+	model2only
120	+	model2only
18	+	model2only
-94	-	model2only
-1	+	model2only
-1	+	model2only
-84	-	model2only
51	+	model2only
51	+	model2only
-68	+	model2only
-9	+	model2only
115	+	model2only
67	-	model2only
64	-	model2only
-122	+	model2only
-108	+	model2only
-21	-	model2only
-49	+	model2only
-17	-	model2only
-17	+	model2only
-28	+	model2only
-93	+	model2only
-119	-	model2only
-13	-	model2only
30	-	model2only
8	-	model2only
121	-	model2only
-76	-	model2only
119	-	model2only
-7	-	model2only
-72	+	model2only
-34	+	model2only
-2	-	model2only
-163	+	model2only
-6	+	model2only
-27	-	model2only
-14	-	model2only
3	+	model2only
-60	+	model2only
-44	+	model2only
-21	+	model2only
90	+	model2only
111	+	model2only
111	+	model2only
-27	-	model2only
-138	-	model2only
176	+	model2only
7	+	model2only
62	+	model2only
-111	-	model2only
-111	-	model2only
-60	-	model2only
-44	+	model2only
176	+	model2only
-117	+	model2only
-25	-	model2only
17	-	model2only
40	+	model2only
15	+	model2only
105	+	model2only
-152	+	model2only
100	-	model2only
-25	-	model2only
-111	-	model2only
-151	+	model2only
-143	+	model2only
121	+	model2only
121	+	model2only
-62	-	model2only
-125	-	model2only
-11	-	model2only
-50	-	model2only
57	-	model2only
-3	-	model2only
-62	+	model2only
-62	+	model2only
23	-	model2only
17	+	model2only
-31	-	model2only
62	-	model2only
79	+	model2only
-35	-	model2only
-35	-	model2only
-35	-	model2only
-52	-	model2only
42	+	model2only
-56	+	model2only
-50	-	model2only
-109	+	model2only
-60	+	model2only
80	+	model2only
-44	+	model2only
-44	+	model2only
90	+	model2only
-17	-	model2only
152	+	model2only
176	+	model2only
176	+	model2only
2	+	model2only
-89	+	model2only
179	+	model2only
210	+	model2only
-59	-	model2only
-59	-	model2only
-174	-	model2only
-174	-	model2only
-138	-	model2only
22	-	model2only
-54	+	model2only
-112	+	model2only
4	+	model2only
3	+	model2only
-25	-	model2only
37	-	model2only
19	+	model2only
19	+	model2only
98	-	model2only
-35	-	model2only
-152	-	model2only
-152	-	model2only
-189	+	model2only
22	+	model2only
28	+	model2only
-138	-	model2only
-1	+	model2only
-1	-	model2only
-158	+	model2only
-35	-	model2only
-35	-	model2only
-35	-	model2only
42	-	model2only
-151	+	model2only
101	-	model2only
89	-	model2only
-50	-	model2only
-95	-	model2only
-95	-	model2only
-18	-	model2only
10	-	model2only
-232	+	model2only
-50	+	model2only
-151	+	model2only
-59	-	model2only
-13	-	model2only
-13	-	model2only
121	+	model2only
98	+	model2only
98	+	model2only
120	+	model2only
-12	-	model2only
93	-	model2only
74	+	model2only
65	+	model2only
98	+	model2only
5	+	model2only
-67	-	model2only
19	+	model2only
-40	-	model2only
29	-	model2only
-21	-	model2only
-21	-	model2only
24	+	model2only
-109	+	model2only
43	-	model2only
83	+	model2only
109	+	model2only
0	+	model2only
0	+	model2only
0	+	model2only
-89	+	model2only
71	+	model2only
186	+	model2only
185	+	model2only
185	+	model2only
-135	-	model2only
-135	-	model2only
-138	-	model2only
-165	-	model2only
-124	+	model2only
-49	+	model2only
-41	-	model2only
-59	-	model2only
-59	-	model2only
7	+	model2only
7	+	model2only
-151	+	model2only
5	+	model2only
5	+	model2only
89	-	model2only
59	+	model2only
5	+	model2only
-12	-	model2only
74	+	model2only
116	+	model2only
116	+	model2only
111	-	model2only
111	-	model2only
-15	+	model2only
74	+	model2only
238	+	model2only
-84	-	model2only
70	+	model2only
-47	+	model2only
51	+	model2only
-76	+	model2only
-4	+	model2only
55	-	model2only
-14	-	model2only
-106	+	model2only
-35	-	model2only
83	+	model2only
83	+	model2only
47	+	model2only
-13	-	model2only
-19	+	model2only
74	+	model2only
-68	+	model2only
-73	+	model2only
-84	-	model2only
-104	+	model2only
-21	-	model2only
3	-	model2only
58	-	model2only
80	-	model2only
117	+	model2only
-238	-	model2only
47	+	model2only
-236	-	model2only
-6	+	model2only
-60	+	model2only
-60	+	model2only
-44	+	model2only
-73	-	model2only
-138	-	model2only
152	+	model2only
176	+	model2only
-62	+	model2only
-62	+	model2only
-94	-	model2only
-94	-	model2only
-25	-	model2only
-25	-	model2only
-35	-	model2only
-35	-	model2only
-35	-	model2only
-49	+	model2only
-59	-	model2only
-59	-	model2only
-11	-	model2only
16	+	model2only
8	-	model2only
8	-	model2only
-15	-	model2only
4	-	model2only
4	-	model2only
-13	-	model2only
-109	+	model2only
-114	+	model2only
-138	-	model2only
-54	+	model2only
-9	+	model2only
-28	+	model2only
-50	+	model2only
-151	+	model2only
-47	-	model2only
5	+	model2only
98	-	model2only
-32	+	model2only
-32	+	model2only
22	+	model2only
-155	+	model2only
74	+	model2only
98	+	model2only
-146	+	model2only
43	+	model2only
80	+	model2only
80	+	model2only
-151	+	model2only
5	+	model2only
5	+	model2only
89	-	model2only
15	-	model2only
-28	-	model2only
-111	-	model2only
129	+	model2only
129	+	model2only
23	+	model2only
1	+	model2only
22	+	model2only
-9	+	model2only
-9	+	model2only
-106	+	model2only
19	+	model2only
19	+	model2only
-35	-	model2only
-66	-	model2only
-66	-	model2only
-152	-	model2only
-152	-	model2only
83	+	model2only
83	+	model2only
104	+	model2only
0	+	model2only
-182	-	model2only
-4	-	model2only
113	+	model2only
106	+	model2only
-124	+	model2only
71	+	model2only
27	+	model2only
-17	+	model2only
17	+	model2only
-27	-	model2only
62	-	model2only
-46	+	model2only
55	+	model2only
-62	+	model2only
-62	+	model2only
-164	+	model2only
24	+	model2only
-60	+	model2only
-60	+	model2only
80	+	model2only
-147	+	model2only
-44	+	model2only
90	+	model2only
-17	-	model2only
-71	-	model2only
-109	+	model2only
-114	+	model2only
185	+	model2only
185	+	model2only
-135	-	model2only
-135	-	model2only
76	-	model2only
-165	-	model2only
97	-	model2only
-44	-	model2only
124	+	model2only
-138	+	model2only
-13	-	model2only
-25	-	model2only
-152	-	model2only
-152	-	model2only
40	+	model2only
-35	-	model2only
-35	-	model2only
-35	-	model2only
-134	-	model2only
-37	-	model2only
-16	-	model2only
80	+	model2only
-50	-	model2only
-93	-	model2only
-93	-	model2only
-95	-	model2only
-95	-	model2only
-18	-	model2only
10	-	model2only
-232	+	model2only
104	-	model2only
-15	-	model2only
121	+	model2only
-163	+	model2only
134	+	model2only
-9	+	model2only
59	+	model2only
67	-	model2only
64	-	model2only
107	+	model2only
107	+	model2only
7	+	model2only
-27	+	model2only
-27	+	model2only
23	+	model2only
-121	-	model2only
31	+	model2only
54	+	model2only
98	+	model2only
98	+	model2only
98	+	model2only
98	+	model2only
6	+	model2only
148	+	model2only
81	+	model2only
81	+	model2only
-134	+	model2only
-14	-	model2only
-13	-	model2only
-92	-	model2only
-15	+	model2only
130	+	model2only
130	+	model2only
-57	-	model2only
86	+	model2only
86	+	model2only
1	+	model2only
-113	-	model2only
-46	-	model2only
-40	-	model2only
43	-	model2only
120	+	model2only
-130	+	model2only
0	+	model2only
-107	-	model2only
-107	-	model2only
-84	-	model2only
70	+	model2only
11	+	model2only
11	+	model2only
11	+	model2only
-47	+	model2only
-114	+	model2only
-76	+	model2only
-4	+	model2only
-30	+	model2only
67	-	model2only
-11	-	model2only
-9	-	model2only
71	-	model2only
-88	+	model2only
-28	+	model2only
105	+	model2only
-2	-	model2only
121	+	model2only
121	+	model2only
-72	+	model2only
-72	+	model2only
21	+	model2only
-1	+	model2only
-25	+	model2only
-4	+	model2only
-39	-	model2only
80	-	model2only
80	-	model2only
19	+	model2only
