new_cluster	UMAP_1	UMAP_2
AAACAGCCAAGTGTTT-1	0	-3.91766274794765	0.59032537280647
AAACAGCCACATACTG-1	0	-2.40278352126308	-2.75310288132103
AAACATGCACCAGCAT-1	4	8.19299065247349	-11.4054027623025
AAACATGCAGCAAATA-1	0	-5.33321011885829	-0.451736134895404
AAACCAACAGTTATGT-1	1	2.79526697769932	1.49767579375831
AAACCGAAGCACTAAC-1	2	1.70426010266118	7.47802390395729
AAACCGAAGCAGGCCT-1	0	-4.91285956725307	2.3251506262931
AAACCGAAGGCTAGAA-1	0	-5.46383488997646	-2.10289852083596
AAACCGAAGGGCTTTG-1	0	-4.92512620314785	2.9791554385337
AAACCGAAGTAAAGGT-1	4	8.00418221131138	-13.0651422566262
AAACCGAAGTTGGATC-1	0	-2.52898062094875	-3.28594170273217
AAACCGCGTATTGCAG-1	0	-4.78421796187587	-3.91660342873009
AAACCGCGTCTTGCTG-1	0	-0.181103356925922	1.36408461867897
AAACCGCGTTAAGGCC-1	4	7.76474606171421	-12.2785316532937
AAACCGCGTTATCCGT-1	0	-1.59348572119899	-1.38767298818501
AAACCGCGTTTCCACG-1	0	-2.40505636557766	-4.30373202026757
AAACCGGCAATCCCTT-1	0	-1.34828651770778	-2.20373676479729
AAACCGGCACCGTTCC-1	0	-4.30505812987514	1.06228293716041
AAACCGGCATATTGAC-1	0	-4.02802003249355	2.89879597961036
AAACCGGCATTTAAGC-1	0	-4.90455258712001	-1.96040461719902
AAACGCGCACGTTACA-1	2	-0.206414648143726	8.15132560073463
AAACGCGCATCTTGAG-1	0	-1.03656102046199	-3.10325835407646
AAACGCGCATGCTCCC-1	0	-2.47119534835048	-2.00293026626976
AAACGGATCATGTGGT-1	0	-2.52145064696498	-3.29299483955773
AAACGGATCCTGAGTG-1	0	-1.94565904959865	-2.0763414329377
AAACGGATCGGGCCAT-1	0	-5.43747723921962	-0.924341542133411
AAACGGATCTCCATAT-1	0	-4.29346001967617	-4.66286526382836
AAACGTACAAACGCGA-1	0	-3.60525859221645	-2.26731501282128
AAACGTACAAACGGGC-1	0	-5.56391538008876	-0.889747989782413
AAACGTACAAGGTCCT-1	0	0.088500372322125	-1.77266530455025
AAACGTACACTAAGAA-1	0	-3.36792338713832	-1.42153811217221
AAAGCAAGTTATAGCG-1	1	3.09680997505955	-0.912522954353412
AAAGCAAGTTGTTGGA-1	0	-3.24907911643215	-1.74215791881951
AAAGCAAGTTTAAAGC-1	2	-0.098271974174457	7.84464015304176
AAAGCCCGTATTGGTG-1	3	10.4322580017167	9.71530379592506
AAAGCCCGTTAGACCA-1	0	-5.52714122161098	-2.77158985794457
AAAGCCCGTTTGGGCG-1	0	-4.96232379302211	-4.50445781410607
AAAGCCGCAAACTCAT-1	0	-0.643654354659992	-2.9270945614663
AAAGCCGCAACACTTG-1	1	2.18225287571721	-1.15361617640527
AAAGCCGCACCGGCTA-1	0	-5.09836781844326	-0.771968854078372
AAAGCGGGTAATTAGC-1	3	9.77221619263462	5.83174552260963
AAAGCGGGTTACAACG-1	0	-3.7812229476852	-1.60784725607308
AAAGCGGGTTTACCGT-1	0	-5.02016366347499	-3.65590797127159
AAAGCTTGTCCTTAGT-1	5	-0.0815849982184939	3.8653973513755
AAAGCTTGTCTATCGT-1	3	10.7029098190384	8.70968093215553
AAAGCTTGTGAGGTGA-1	0	-5.01021731719204	-3.02837715805443
AAAGGACGTAGCCTCC-1	0	-4.68295920714565	2.89044036208717
AAAGGACGTAGCTAAT-1	1	2.79270993843846	1.24161662398903
AAAGGACGTGATGAGG-1	3	10.3072646774369	5.19119824706642
AAAGGACGTGGTTAGC-1	0	-1.04981673583217	1.35712374984352
AAAGGACGTTGGGTTA-1	0	-5.81375563964077	-2.40480993450554
AAAGGACGTTTGTTGC-1	0	-6.04000295027919	-1.50703601301583
AAAGGAGCAGCTTAAT-1	0	-1.18687785491176	0.294036167255322
AAAGGAGCAGGCCATT-1	0	-1.44645012244411	-4.83453880012902
AAAGGAGCAGGTTCAC-1	0	-4.94135249480434	2.80350698768226
AAAGGAGCATAAGCAA-1	2	3.47391974106602	5.92060937224952
AAAGGCTCAAGACTCC-1	4	8.63741718903355	-12.9921108311501
AAAGGCTCAAGGCCAA-1	0	-5.14981854781337	-1.8884974545327
AAAGGCTCACCTGGTG-1	3	8.93338047638707	9.24047793685524
AAAGGCTCAGCTAATT-1	0	-2.95468414649196	-4.22097097099694
AAAGGCTCAGGAATCG-1	0	-3.23274982794948	-3.56531797111901
AAAGGTTAGTAGCGGG-1	1	1.85535716191105	0.0399363213690918
AAAGGTTAGTCAATTG-1	0	-2.18222821578212	-3.3271702355233
AAAGGTTAGTTAACCA-1	4	7.59584795609288	-13.0098062580911
AAATCCGGTAGCCTAA-1	0	-3.68305028304287	-3.12820003689202
AAATCCGGTAGGATCC-1	0	-4.20627892836757	-3.4641080921975
AAATCCGGTCTTACTA-1	0	-3.88183463439174	2.23604168235389
AAATCCGGTGCAATGC-1	1	3.66328274384312	0.35360969840614
AAATCCGGTTTAACGG-1	3	8.9684632934647	4.32344807921974
AAATGCCTCAGGTCCA-1	3	10.4185632385331	5.62911309539406
AAATGCCTCGCTTCTA-1	2	2.39353846684269	6.48736514388649
AAATGCCTCGTTCACC-1	4	7.43144833222203	-13.0266309803811
AAATGCCTCTCTAGCC-1	3	10.5244191803055	9.31342925368873
AAATGGCCAAGATTCT-1	0	-0.217385002223926	0.517721312633435
AAATGGCCACAGAAAC-1	0	-1.00755477770992	-2.36875091255577
AAATGGCCACCGTTCC-1	0	-5.55824578627773	2.75585307418434
AAATGGCCAGTTTACG-1	0	-4.77614606246181	-0.571596247562488
AAATGGCCATAGTCAT-1	4	7.98678003922276	-13.1423088139382
AACAAAGGTCGTAATG-1	4	7.94226061478428	-11.5689321583596
AACAAAGGTTGTGATG-1	0	-4.55880988463588	-3.11808238685997
AACAAGCCAACTAGCC-1	2	3.26423346176915	7.42699755965797
AACAAGCCAAGCTAAA-1	0	-3.94587577208705	-2.52193890274437
AACAGATAGACTTATG-1	0	-3.63623011931606	1.99042071639625
AACAGATAGCGAGTAA-1	0	-5.5459991775436	3.13207854568092
AACAGATAGGATTGCT-1	0	-5.63883698805996	2.61768664657203
AACAGATAGTAAGTGG-1	1	3.16853987351231	0.742442982784192
AACAGATAGTAGGATG-1	4	7.66805349961094	-13.2372528141824
AACAGCAAGCTAAAGG-1	4	8.32699381485753	-10.7589279240456
AACAGGATCCCTGACT-1	0	7.92657791748814	-11.8079029148904
AACATAGCAGGACACA-1	2	-0.123611100761371	8.02765883742897
AACATAGCATTTAAGC-1	0	-1.38718403205104	-2.64551399410637
AACATCATCAGCAAGA-1	0	-2.48400176390834	-2.90571866691979
AACATCATCATCCTAT-1	1	3.91937076226048	-0.0302672213402588
AACATCATCTTAAGTG-1	0	-1.0952494226379	0.187062161556165
AACATTGTCAAGGACA-1	0	-3.74540341719814	0.0679196292075317
AACATTGTCCTAAGGT-1	3	10.5883792556839	7.9996656352195
AACATTGTCCTGATTT-1	0	-0.991848476974445	-3.88235054672631
AACATTGTCCTTAGGG-1	0	-4.40085233077236	-2.29985426128777
AACATTGTCTTGTCTG-1	0	-5.32958472594448	-3.2290543145028
AACCCGCAGCTCATAA-1	1	2.00127529278569	-1.25713743031891
AACCCGCAGTAGGATG-1	0	-5.24584258422084	-2.64014933765801
AACCCGCAGTTAGAGG-1	2	0.760243139417691	8.42326678573219
AACCGCTCAAGTGTTT-1	2	2.21360813751988	6.65726556121437
AACCGGCTCAAATCGC-1	0	-3.82587493285366	-2.0151545232621
AACCGGCTCACAGGAA-1	0	-3.33441031798549	-4.11951170624169
AACCGGCTCATCACTT-1	0	-1.06005597933956	-4.23924074829491
AACCGGCTCCCGCAAA-1	3	10.4716581024247	5.68646897613136
AACCGGCTCTCAATGA-1	1	2.43228971138768	0.101277368656079
AACCTAATCATTAGGC-1	1	2.59013568535618	0.62418653308479
AACCTAATCCCTCTAA-1	0	-3.03886760100551	-2.81774757564934
AACCTCACAAAGGCCA-1	0	-3.20802558287807	-2.41210888088616
AACCTCACAAATATCC-1	0	-0.871855505554157	0.887593644252698
AACCTCACACCAAAGG-1	0	-1.2779042802734	-4.3409174507943
AACCTCACACCTATAG-1	1	2.95883404389195	0.404385226360242
AACCTCACAGTGAACG-1	0	-3.67798388823696	-4.15178213776024
AACCTCCTCAATCTAG-1	2	0.259669772537274	7.85665931045143
AACCTCCTCATAATCG-1	0	-5.92496407851406	-3.07866225899132
AACCTCCTCCTTGCAC-1	1	3.32001959458165	-0.349964422592242
AACCTCCTCGAAGCGG-1	0	-0.560341962425189	-3.27315483749779
AACCTCCTCGATATTG-1	0	-4.29495538100429	-1.23001689226302
AACCTTAAGCACAGCC-1	1	2.17998634949498	-1.20640611597272
AACCTTAAGGCCTTAG-1	0	-4.39469445571132	-2.92143533886345
AACCTTAAGGTGAAAT-1	0	-4.46440900191494	2.85366906463234
AACCTTAAGTCAGGCC-1	0	-3.06400216445156	-1.84965054453286
AACCTTGCAGACAAAC-1	0	-4.33903849944301	-2.03863249481591
AACGACAAGGCTACTG-1	2	2.76219116822056	7.47635688125221
AACGACAAGTTATGGC-1	0	-1.77698958739467	-4.65713725746544
AACGCCCAGACTATTG-1	3	10.6696103729325	8.96668090163795
AACGCCCAGCATGTCG-1	0	-1.900304206459	-1.69304112852486
AACGCCCAGCCACATG-1	0	-2.59992659911342	0.135461109271924
AACGCCCAGGAAGTAT-1	2	3.14920817986302	7.9547847682151
AACGCCCAGGGACCTC-1	2	3.73725258484654	8.43808020888893
AACGCCCAGGGTGAGT-1	0	-0.236005731670337	1.1372491294059
AACGCCCAGTAACAGG-1	0	-5.29397166594692	-2.05475489557656
AACGCCCAGTAAGGGC-1	0	-2.8952161155624	-3.59019456566246
AACGCTAGTCCAAATG-1	4	8.53712784424595	-10.4450117176858
AACGGTAAGAACCTAC-1	3	9.48153435364537	9.23821582137672
AACGGTAAGATTGAGG-1	2	1.37177329436116	8.16859282790748
AACGGTAAGCAGGTTT-1	0	-4.23487246855922	-3.17690942943962
AACGGTAAGCTCCTAC-1	1	2.1701508678513	2.05154218017189
AACGGTAAGGGTGGAT-1	0	-4.87831843718715	-4.73809848488243
AACGGTAAGGTCCAAT-1	0	-2.41480196341701	-2.50876925648125
AACGGTAAGTTGCCTC-1	0	-1.33575404509731	-2.37005124748619
AACGGTAAGTTGTCTT-1	4	8.17886101380162	-11.2782140797463
AACTACTCAGCTACGT-1	0	-1.81135643347927	-0.922804159530719
AACTACTCATAATCAC-1	0	-3.41489423140712	0.88323821364967
AACTACTCATCAGCAC-1	3	10.1060641922074	10.1697248393211
AACTAGCTCAAGCGCC-1	0	-2.98780597075649	-4.75945220650109
AACTAGCTCAATGACC-1	5	-0.443793185798602	4.27277411758033
AACTAGTGTCGCAAAC-1	0	-1.34440124854274	-1.28683854401978
AACTAGTGTGCTCCAC-1	2	1.41051047220997	6.90733279525367
AACTAGTGTGGATTAT-1	0	-3.97350705489345	1.74790038405983
AACTAGTGTTAAGGTT-1	3	10.1640313781815	5.57068290053932
AACTCACAGCCAAATC-1	3	10.4983733810502	5.64851178466408
AACTCACAGCCGCTTT-1	2	3.06163465157322	8.01559008895485
AACTCACAGCTCATAA-1	1	3.13152801171116	0.492444055667798
AACTCACAGCTGGAAA-1	3	9.87435375824742	8.09854735671608
AACTCACAGGACCAGG-1	3	10.0183337844925	9.94418563186256
AACTCACAGGCTATGT-1	4	8.23451172486119	-10.9758287495461
AACTCACAGTAAAGGT-1	3	9.91504227295689	7.24129618941871
AACTCACAGTATCGCG-1	1	2.52446340695195	-0.77038852632912
AACTCACAGTTAGACC-1	1	2.55060421601109	0.0828409367713134
AACTGTTCAAGGACCA-1	3	10.2491725601273	9.47861041366188
AACTTAGTCACACAGT-1	0	-3.17998922690578	0.718897359958569
AACTTAGTCCAGGAAA-1	0	-5.49396193846889	-1.46560068190964
AACTTAGTCGATTTGA-1	0	-1.57471955641933	-4.11387835205467
AACTTAGTCGGGATTT-1	2	3.42720996514134	7.69100989638893
AAGAACAGTACCGTAA-1	4	8.07152544632725	-13.1699997013894
AAGAACAGTCCCGAAG-1	1	2.10082089081578	0.0506568127783935
AAGAATCAGACCATAC-1	2	1.60501085892491	7.76023902236549
AAGAATCAGCACGTTG-1	0	-2.84806216582485	-4.85364971817406
AAGAATCAGCATGCAT-1	0	-6.03411448821254	-2.60273025692375
AAGACAAGTATTGTGG-1	0	-4.83938754424282	-3.49943481148156
AAGACAAGTCAGTAAT-1	0	-0.873260863868671	-1.63619313896569
AAGACAAGTGTCACGG-1	0	-2.33134044036098	-0.668008787044605
AAGACAAGTTTGCTGT-1	0	-1.23876703604885	-4.42177997291954
AAGACATAGACTATTG-1	0	-4.40666116103359	-3.61641846359642
AAGACATAGGCTGTGC-1	0	-4.97722590789028	-0.330370528110584
AAGACATAGTAATCCA-1	0	8.46953856125645	-10.6794057911721
AAGCAAGTCCCTCAGT-1	0	-2.20268429145046	-1.69653241098793
AAGCAAGTCGCTAGTG-1	3	10.5065988220292	9.20362605392067
AAGCATGAGCCGCTAA-1	0	-1.74014604911037	-2.57944236458214
AAGCATGAGCGGCTGT-1	0	-5.19875682219692	-0.52135036648186
AAGCATGAGGCACAGG-1	0	-5.60431207045742	-1.11046819896372
AAGCATGAGGGATGAC-1	0	-1.66891325339504	-0.489300650962909
AAGCCACGTCATTAGG-1	0	-2.54643643721767	-2.16153947771462
AAGCCACGTCTAACAG-1	0	-5.30361140593715	3.24266137420265
AAGCCACGTGCGCAAT-1	1	2.90220939293675	1.24186195670692
AAGCCACGTGCTAGCG-1	0	-4.38413680419155	2.63367976485817
AAGCCACGTGTGAGAG-1	1	3.17618667259983	-0.824508172878345
AAGCCACGTTCCAGGG-1	0	-2.98172820433803	-2.12328009069832
AAGCCTCCAAGGTCCT-1	0	-5.37289393767543	-1.22298655048879
AAGCCTCCATGTTGCA-1	0	-2.94818390235134	1.09571422874061
AAGCCTGTCAAACACC-1	0	-2.38279498442836	2.0820561820182
AAGCCTGTCACGCATG-1	0	-5.04202569350429	-3.96551976860436
AAGCCTGTCCCGCATT-1	0	-1.03805960044094	-2.45407639206322
AAGCCTGTCCTAAGAC-1	0	-1.50489772185512	-2.9357433146325
AAGCCTGTCGACCTGA-1	1	2.24627005234532	2.08052338897316
AAGCCTGTCGGTCATG-1	0	-4.91313327178188	-2.64741228283318
AAGCCTGTCTAATTGG-1	0	-3.97121585234829	-2.85628817737969
AAGCCTTAGCTAGAAG-1	0	-5.54452670439907	3.20785464583961
AAGCCTTAGTCATTTC-1	4	8.37251793518834	-12.8162075108376
AAGCCTTAGTTGCGTG-1	1	2.86930953636937	-0.956523773678859
AAGCCTTAGTTTGTCT-1	3	9.0023521102982	4.30615033446876
AAGCGAATCAAGCTAC-1	1	3.27699267044835	-1.06020751357945
AAGCGAGGTATTGGTG-1	1	2.83248006478123	0.230307953945081
AAGCGAGGTGCTTTAC-1	0	-3.57199824675746	1.66018213569252
AAGCGCTGTATTGCAG-1	0	-3.58013785704799	2.60430397330848
AAGCGCTGTCTTGCTG-1	0	-2.20219410285183	0.069636481395642
AAGCGCTGTGGACCTG-1	0	-3.63102544173427	2.62057532607643
AAGCGCTGTGTTAAAC-1	1	3.08114611283116	-0.28742794454964
AAGCGCTGTTTGCGCC-1	0	-2.93550885543056	1.6132046157035
AAGCGGGTCATCCACC-1	0	-2.17789114340969	-3.06282268227013
AAGCGGGTCCCATAAA-1	1	1.85105883255772	-0.824165058740695
AAGCGGGTCCGTTATT-1	2	0.102216295154614	7.88205756484596
AAGCGGGTCGAGCTAT-1	1	2.02707409039311	1.3497895175132
AAGCGTTTCACTCGCT-1	0	-0.806750186531024	-3.34834299744042
AAGCGTTTCAGGATGA-1	0	-6.05546439513393	-1.5568852549878
AAGCGTTTCAGGTTTA-1	0	-4.53060925826259	-2.90051732719811
AAGCGTTTCATTACGA-1	0	-3.7937756858749	-2.67220364273461
AAGCTAGAGTTGGCCA-1	1	2.57947134152226	-1.1829857022495
AAGCTATGTCGCAATA-1	0	-3.91056073531337	-2.86155687034996
AAGCTATGTGTGAGAG-1	0	-1.36437118872829	-4.96116004646691
AAGCTATGTTAAATGC-1	2	1.76538204327397	7.23596705733864
AAGCTATGTTAGCTGA-1	0	-2.29556501731105	-1.92487804354103
AAGCTCCCACCAGCAT-1	3	10.1747687973099	9.6068843775901
AAGCTCCCAGGCATCT-1	2	3.7752112068253	6.42584981261818
AAGCTCCCAGTAGGAT-1	2	2.26059197560124	7.20611991225807
AAGCTCCCATAGCTTG-1	0	-1.05669105872341	-4.25421653450402
AAGCTCCCATGTTTGG-1	0	-1.56581271514125	-0.242868465789874
AAGCTCCCATTAGGTT-1	1	2.25786852017216	-1.0107938623515
AAGCTTGGTGCTAGCG-1	0	-3.31041468009182	-4.0639489716378
AAGCTTGGTTTAAAGC-1	0	-4.33827937468715	2.52916492759315
AAGGAAGCAATTTGGT-1	1	3.31959211006932	-0.934333754190524
AAGGAAGCACAATGCC-1	0	-3.98159755095668	-3.67810331047448
AAGGAAGCACCGTTCC-1	0	-4.94519627913662	-1.47916631163033
AAGGATCCAACAACAA-1	2	3.99742209091954	6.65174617110817
AAGGATCCACAAAGAC-1	3	10.2836373962479	8.30364836989967
AAGGATCCATTCCTGT-1	1	3.02666603699498	0.405513899913708
AAGGATGTCTCACATT-1	0	-0.0554574809951357	-1.673089278349
AAGGATGTCTCGACCT-1	0	-5.83524573668666	3.07992877303688
AAGGATTAGTAAGTCC-1	0	-4.49834788665004	-0.233065826305469
AAGGCCCTCGCTCACT-1	3	10.6315168060379	8.57522525130836
AAGGCCCTCGTACCGA-1	1	2.35126077309422	-0.188981575378497
AAGGTATAGCCTTAAA-1	2	3.59390579834752	7.26470031081764
AAGGTATAGGACCTTG-1	0	-1.28979552611538	-0.0521491593209107
AAGGTATAGGTTAGAG-1	0	0.0854220308380552	1.52879800139991
AAGGTATAGTTAGGCT-1	0	-3.00268686637111	-4.42296586693199
AAGGTCAAGCTGGCTA-1	0	-4.65370190962978	-2.68559275329979
AAGGTCAAGGACCTCA-1	0	-2.10860360488124	-3.94974384964379
AAGGTCAAGTCATGCG-1	0	-2.59529054984279	-0.637785059818347
AAGGTCAAGTCTTGAA-1	3	10.045971266182	7.47657908736793
AAGGTGCAGCAAGGAC-1	0	-4.36784900054164	-1.177992520341
AAGGTGCAGCTGTACG-1	4	8.15837513581089	-11.3068624562112
AAGGTGCAGTCATCCC-1	3	9.92200028076939	6.86082591353981
AAGGTGCAGTTGGATC-1	0	-2.75683320388027	-3.36857782066735
AAGTAGCCACAACAGG-1	0	-3.57318080290981	-0.872412008651813
AAGTCTATCATTACTC-1	2	0.779513522239251	8.14309348403541
AAGTCTATCCTAGTAA-1	3	9.63457619324498	4.88970174132911
AAGTCTATCCTTGCAC-1	1	2.46001934185795	1.96000971137611
AAGTCTATCGAGCTAT-1	0	-3.48041880950161	-2.29183612526329
AAGTCTATCGGGACCT-1	0	-1.47269380912014	-4.31218228996666
AAGTCTATCTCATCAT-1	2	0.584162174912018	8.01678695022194
AAGTGAAGTGAGCACT-1	0	-1.81039870604702	-2.97240493954094
AAGTGAAGTGGATTGC-1	0	-0.881075032798725	-2.00581721723946
AAGTGAAGTGTCCAAA-1	0	-1.47326196059413	-1.68236787379654
AAGTGAAGTTACAAAC-1	5	-0.334354885665851	4.08580292998878
AAGTGAAGTTATAGCG-1	0	-4.92613232955165	-0.995385391124805
AAGTGAAGTTGGATCA-1	2	2.84574853554539	7.80354060470192
AAGTGAAGTTTAGCTC-1	0	-4.75590861663051	-0.408159596332629
AAGTGCAAGCAGGTTT-1	0	-5.74952948912807	-3.43649707497032
AAGTGCAAGCTAATCA-1	4	7.45401608124546	-12.7720171040383
AAGTGTTGTCCTTCTC-1	0	-0.777330764381366	-1.92495904625328
AAGTGTTGTTATTGCC-1	0	-4.71197045668788	-4.18084822357567
AAGTGTTGTTGTCCAT-1	0	-4.35225690230556	-3.92564879120262
AAGTTACGTAAGTCGC-1	0	-2.40598214492031	0.107492941013257
AAGTTACGTAATCACG-1	0	-1.18520820960231	-4.04751311005028
AAGTTACGTACCGGAT-1	0	-2.83275068625637	-1.40195038677128
AAGTTACGTAGTTGGC-1	2	2.94729625359349	7.99883403121559
AAGTTACGTCCAAGAC-1	0	-1.99355328902431	-3.16466854275139
AAGTTAGCAATTAGCT-1	3	10.4187520660477	7.94094886123268
AAGTTAGCAATTAGGA-1	1	3.09041010514073	-0.959254709490855
AAGTTTGTCTGTGCCT-1	4	7.39221417084507	-13.0531412190286
AATAACCGTGTGCAAC-1	0	-3.02600301131435	0.739268081775586
AATACCGGTCAAGACC-1	1	3.16245662346653	0.207920926204602
AATACCGGTGCAACTA-1	0	-2.43892610892482	-0.19630919159325
AATACCGGTTTGGGCG-1	0	-4.33305323943325	-1.20375012555095
AATAGAGGTACCGTAA-1	0	-1.09448827132412	-1.90149996937188
AATAGAGGTGCTTAGA-1	1	1.75120293274693	2.16731061278907
AATAGAGGTTACAAAC-1	0	-4.95782531127163	-0.502536339172443
AATAGAGGTTTCGCGC-1	0	-4.78999627455898	-4.7064918106881
AATAGAGGTTTGTGGA-1	0	-0.769900330154376	-3.86917410553368
AATAGCTGTCAAGTAT-1	0	-4.55411351546474	-5.00305495918663
AATAGCTGTCATGCCC-1	2	3.66785442009739	8.10228862105934
AATAGCTGTTCAAGCA-1	0	-5.16745198592372	-3.21571384132775
AATAGCTGTTGTCATC-1	4	7.76687323227696	-13.2202602452126
AATATCCCAAACCTTG-1	0	-5.41182340010829	-4.22571669281395
AATATCCCAACCTGGT-1	0	-0.759873398391681	-4.22355924309166
AATATCCCACAAAGAC-1	3	9.10276829376988	4.45234479247658
AATATCCCAGAAATGC-1	0	-4.54963458403774	2.56675233184425
AATATCCCAGGCTTGT-1	0	-3.07557977065273	-4.21505413711937
AATCAGGAGACAGGTA-1	1	2.5677863277512	-0.900354636320194
AATCAGGAGCATTAGC-1	0	-1.77092398032375	-4.44543348015221
AATCAGGAGCCAAATC-1	0	-4.44694817885585	-0.75219280780228
AATCAGGAGCTCCTTA-1	1	3.22404991761021	0.543964522472302
AATCATCCAAATTGCT-1	4	8.06450020447545	-11.75258122147
AATCATCCAATAACGA-1	0	-5.09650100096889	-2.53482125461968
AATCATCCACCCACAG-1	2	2.35239242687993	7.47561301528541
AATCATCCAGGCTAAG-1	0	-2.64664543494411	-5.01319752396019
AATCATCCAGTATGTT-1	4	7.68723570481114	-12.8526569432107
AATCATCCATTAGCGC-1	0	-2.13347972258754	-1.49595732749375
AATCATGTCAAATCGC-1	0	-4.65799868926235	-3.11444864929589
AATCATGTCGCGACAC-1	0	-3.89152491912075	2.86614646255104
AATCATGTCTAACCAA-1	2	2.08216678276829	7.79141845046608
AATCCATCACCTAAGC-1	0	-5.12023175582119	-2.10113976658257
AATCCCTGTATTCGTC-1	0	-1.75424278601833	-3.55048857391747
AATCCCTGTCACAGAC-1	0	-2.20065749510952	-0.613945824512561
AATCCCTGTGTGCAAC-1	0	-2.45900905951686	-4.03201423347863
AATCCTAAGCAACATC-1	0	-1.98688162192531	-1.86072645843895
AATCCTAAGCACAGAA-1	0	-4.33046592101284	2.95815791427223
AATCCTAAGCACTAGT-1	0	-2.3190385185165	-0.440976244815906
AATCCTAAGGAGCATA-1	0	-2.55426896437831	-2.78766546905907
AATCGCCCAATCATGT-1	0	-5.61550296172329	3.20320596038429
AATCGCCCACACAATT-1	0	-3.85200751647182	0.182494180789868
AATCGCCCACTGGCTG-1	0	-2.55639208182521	-1.16347408802183
AATCTCAAGGCGCACT-1	0	-4.43490470275112	-0.587179881939014
AATCTCAAGGCGCTAC-1	2	3.4758902706223	8.38810576736061
AATCTCAAGTTCCCGT-1	3	10.6495383895951	5.22590913116066
AATCTTGAGCTTTGGG-1	0	-4.95265448912807	-0.83393262089165
AATCTTGAGGAGGGTT-1	0	-2.87179625853725	-0.796885502943118
AATCTTGAGGCACAGG-1	0	-2.83530152663417	-0.304173035034259
AATCTTGAGGCATTGT-1	1	2.7540827907639	0.454100626102368
AATCTTGAGGTAACGA-1	3	10.4878867782669	5.85240592300026
AATCTTGAGGTGAGAC-1	0	-1.61645687445827	-5.15168486297997
AATGAAGGTAACCTAG-1	0	-3.70420659407802	1.40503324805824
AATGAAGGTCTAACAG-1	1	1.48396002426915	-1.15942890890809
AATGAAGGTTGAAGCC-1	4	8.2567146934586	-12.7913547581521
AATGAAGGTTTGTGGA-1	0	-4.79039157256313	-2.99223588169487
AATGCAACACTTGTTC-1	4	7.11683117523961	-11.5964151448098
AATGCAACAGGCCATT-1	3	10.3961471237259	5.3318451815757
AATGCATGTAATCACG-1	3	10.2736619628983	10.1423858576926
AATGCATGTCAAGACC-1	2	2.75708042755894	7.7236942225608
AATGCATGTGACATGC-1	0	-2.65230978354641	-3.60080085457238
AATGCGCGTTACTTGC-1	2	2.31760131493382	7.4397062235984
AATGCGCGTTTCCGGC-1	0	-4.76071465834804	1.16882004081337
AATGGCGCAAGACTCC-1	0	-0.651918061820941	-2.30085824192437
AATGGCGCAAGGTCCT-1	3	10.2921327270585	8.34035529433815
AATGGCGCACAGCCAT-1	3	10.0377019561844	10.2738813334617
AATGGCGCACTGACTA-1	0	-2.75942099913784	-3.15608797729882
AATGTCATCATAGCCG-1	1	3.52534042969517	-1.49048720062645
AATGTCATCATCCTGC-1	2	1.88355731144719	7.16144789992897
AATGTCATCATGAGCT-1	0	-2.79070437773891	-4.65490470589073
AATGTCATCATGCAAC-1	0	-4.15977681502529	-2.24852524460228
AATGTCATCCATAATG-1	0	-2.35557592734523	-4.43633113563927
AATGTCATCCTTGCAC-1	0	-4.44013846739955	-0.534915549167712
AATGTCATCTCGCCCA-1	1	1.71096789017491	1.99736036597816
AATGTCATCTTGCTAT-1	0	-2.4679414115829	-2.6994756287423
AATGTCCAGGGCTTAT-1	4	8.45932423249058	-12.5968214100686
AATGTCCAGTTAGCCG-1	0	-1.59427488669582	-1.0408114469138
AATTACCCAATTATGC-1	2	3.46936308518223	6.56735600768654
AATTAGCGTAAGCTCA-1	3	10.6836999572831	5.50403346358864
AATTAGCGTTAAGTGT-1	2	3.10244905129246	7.20775355636207
AATTAGCGTTGGTTAG-1	0	-5.27930987700649	-1.51048452914627
AATTAGGCAATTAAGG-1	0	-5.82845509871669	-2.15370057285698
AATTAGGCAGTATGTT-1	0	-3.96761191710659	-0.898807210334857
AATTAGGCATGGAGGC-1	2	0.782461895795388	8.23870028792946
AATTCGTCAAGCTTAT-1	3	9.89175831452183	9.31569613753883
AATTCGTCACCATATG-1	1	3.24407588616185	0.00396968661872554
AATTCGTCACCTATAG-1	2	1.67118888274006	7.94042624770729
AATTCGTCAGCTTAAT-1	0	-3.9912945114059	2.53926910697548
AATTCGTCATGAAATG-1	3	10.3916686691361	7.80013026534645
AATTCGTCATTAAAGG-1	3	10.2823108352738	5.70355691253273
AATTGACGTCCTTCTC-1	0	-2.19107449874111	-3.81827293098839
AATTGACGTTAGGCGT-1	1	3.56193815842442	0.886594908824841
AATTGCCAGGATTTGC-1	1	3.12359320298008	0.261741059413831
AATTGCCAGGCAAGTA-1	2	2.66634165421299	7.54315318404762
AATTGCCAGGCTACTG-1	1	2.56528543606572	0.382328408351819
AATTGCCAGGCTTAAC-1	2	2.38163971081547	7.27499045669166
AATTGCCAGTTTCCTG-1	0	-4.69004739150234	-1.12932519004615
AATTGGACACTGGCCA-1	3	10.1064561523514	5.26395406066505
AATTGGACATGTTTGG-1	0	-2.19675100669094	-3.40841136635216
AATTGGGAGCATGAAG-1	0	-4.97154677733608	-1.00998349250229
AATTGGGAGGCATGTT-1	0	-3.63077319487758	-0.941092771896442
AATTGGGAGGGCTAAA-1	0	10.4546426452713	6.87797107040016
AATTGGGAGTAGCGCC-1	1	3.2771004356461	-0.443359715351184
AATTGTGTCCCTCAGT-1	0	-5.46650565489955	-0.898550552734454
AATTGTGTCCTGATGG-1	0	-1.87421215399929	-2.05684761465462
AATTGTGTCGACCTGA-1	0	-3.95375359877773	-1.74287746609124
AATTGTGTCTGGCAAT-1	0	-5.06472552642055	-0.523679358371814
AATTGTGTCTTGATGA-1	0	-4.73242343291469	1.63788165389625
AATTTCCTCAGAAACG-1	1	2.34493564739994	-0.226081652053912
AATTTCCTCATTAGGC-1	0	-2.47789514884182	-5.50132475555809
AATTTCCTCCGCCTAT-1	0	-1.23350418433376	-0.504116398700793
AATTTCCTCCTTCAAT-1	1	2.57261764183812	1.47928180038063
AATTTGCCACCCACAG-1	0	-4.95653880461879	-2.82837031544121
AATTTGCCACTTAACG-1	0	-5.71522916182704	-2.10742555321129
AATTTGCCAGGAACTG-1	1	2.04443465843968	-0.750926775344928
AATTTGCCAGTCTAGC-1	0	-4.19385588988491	1.29169620811073
AATTTGGTCAAACCTA-1	1	-0.313439019767719	-0.0813968008843262
AATTTGGTCATAGCCG-1	4	7.85811792984776	-11.5867143696633
AATTTGGTCCATCAGG-1	0	-1.72803295478054	-2.34152124584587
AATTTGGTCTGGCAAT-1	0	-3.34879411086269	-3.01173852146538
AATTTGGTCTTACTCG-1	0	-5.3012744270248	-3.37425933540734
ACAAAGGTCTTTGACT-1	0	-0.402486451713519	1.32095565139381
ACAACAACACAGAACG-1	0	-3.21219218596645	-2.2606361931649
ACAACAACAGCCGCTA-1	0	-4.80241454467006	-1.5743443793145
ACAACAACATCACTTC-1	0	-2.97938931807704	-2.61673150719078
ACAACACTCATCCTGC-1	0	2.63390421047978	-1.83188228071602
ACAACACTCCCTCATA-1	0	-4.20180524214931	1.68636645614235
ACAACAGAGTCATGCG-1	2	3.66079079285435	8.36630381881325
ACAACAGAGTTTGAGC-1	3	10.0930284179764	5.15703524886696
ACAACAGAGTTTGGGT-1	0	-4.43084443434902	2.87140406905739
ACAACATGTATTTGGG-1	0	-3.07923806533046	-2.77877042950066
ACAACATGTCATCAAG-1	3	9.88085972443394	5.614542859188
ACAACATGTTAGGCTA-1	1	3.50508009568028	-1.35761891067894
ACAACATGTTGTGACA-1	0	-1.25823188647457	-4.25581155479821
ACACAATGTACCGTTT-1	1	3.15568648949437	0.526789444080273
ACACAATGTAGCCTCC-1	0	-4.97622979506679	-4.91320572555931
ACACAATGTCACAGCG-1	1	2.21039449349217	1.85779728232948
ACACAATGTGTTTGCT-1	0	-2.76497448310085	-3.19190655411156
ACACAATGTTAGAGCC-1	0	-0.0188277445716433	-1.6784002012101
ACACCTTGTCTAACAG-1	0	-2.62769807204433	-4.81885061920555
ACACCTTGTGCTCCAC-1	4	8.03072773590855	-11.5452085560647
ACACCTTGTTAACACG-1	0	-5.60853160247036	-0.870161635288318
ACACGGACACGAACAG-1	1	2.92621528282933	-1.07599179209145
ACACTAATCAGGCCTA-1	1	2.04107522145085	-1.26629134775074
ACACTAATCGCTCCAT-1	0	-1.31722749098964	-3.49650202454003
ACACTAGGTAGACAAA-1	0	-4.10056174620815	1.1622940474662
ACACTAGGTCATCATC-1	0	-5.65391028746791	-2.65677438438805
ACACTAGGTTACTAGG-1	0	-2.6139067493362	-0.365642172702869
ACACTAGGTTAGGATT-1	1	2.59143661633305	1.1792675429496
ACACTTAAGCATGGTT-1	0	-5.25331033095546	-2.31053839386376
ACACTTAAGCATTATG-1	2	3.56706868782811	8.48586310683815
ACACTTAAGGGCTTAT-1	1	2.40252660885624	-1.2019399194506
ACACTTGCACTTACAG-1	2	0.463607213647885	8.25222529708473
ACAGCCGGTAGGTTGC-1	0	-3.96300185546108	2.07577957450477
ACAGCCGGTATTGTCC-1	4	8.11140047684483	-13.0943456715432
ACAGCCGGTGAGAAAC-1	0	-2.14109528884121	-3.30118094147118
ACAGCGCTCATTGCAA-1	0	-2.10193217620082	-4.1793967312661
ACAGCGCTCCCTCATA-1	0	-4.10451043471523	-2.63570056618126
ACAGGAATCATTATGG-1	1	1.73089288845829	1.92494763671486
ACAGGAATCCAATTAG-1	0	-4.40854752883144	-0.778180283912738
ACAGGAATCTGGCATG-1	1	3.12996303215794	-0.6885157948819
ACAGGATCAATACTGT-1	0	-4.7475053153915	-4.7077809399453
ACAGGATCAGAGAGCC-1	2	1.73492097035222	7.65009440719215
ACAGGATCATAGCAGG-1	0	-4.07380307540126	-3.56932960213097
ACAGGATCATTCCTCG-1	1	0.957710973175091	1.38071145354835
ACAGGCTGTTAGTGAT-1	1	2.62901233807377	-0.243146640667041
ACAGGCTGTTTCGCGC-1	2	0.0833952344971128	7.88419474898903
ACAGTATGTCAGTAAT-1	0	-3.13146055564113	-3.92749868095787
ACAGTATGTGTAACCA-1	3	8.89943443909459	4.29129113494484
ACAGTATGTTCGGGAT-1	0	3.52277123108677	5.86047877608864
ACATAGCTCACGCATG-1	0	-3.05978978499599	0.774049656978528
ACATAGCTCTTGGACG-1	3	9.97402798310093	8.85505141555397
ACATCAATCAGGATGA-1	2	2.43485855236821	7.75272597610084
ACATCAATCCGCAAGC-1	1	2.00873958245091	1.76649393378822
ACATCAATCGAGGAAC-1	0	-1.64288199767299	-0.118074876674731
ACATCAATCGTTAAGC-1	0	-0.216591425983386	-1.66435806215676
ACATCAATCTCCTCAA-1	0	-2.85719693526454	0.556903617969434
ACATCAATCTTAATGG-1	0	-5.34797347411342	-1.7615078514901
ACATCATCAAATATCC-1	2	3.80685793534092	6.73686351119606
ACATTAGTCAGGAAGC-1	0	-4.99903834685512	3.22984017669288
ACATTAGTCATCACTT-1	3	9.87244259491734	9.83353461562721
ACATTAGTCCATAAGC-1	0	-4.27176154479213	-1.96853302181633
ACATTGCAGCAAGGGT-1	0	-1.7059375129623	-4.19636641205223
ACATTGCAGGCTAGAA-1	0	-2.26130236014553	-1.5153921371785
ACATTGCAGGTCTTGG-1	0	-4.69867242201992	-0.756555092939456
ACATTGCAGTCTGGGC-1	0	-1.58470214232631	-3.94944558800133
ACATTGCAGTGAACGA-1	4	8.27490460053257	-13.0342794483987
ACCAAACTCAAACCTA-1	0	1.23464959040455	-1.47070120037468
ACCAAACTCGTTAGCG-1	0	-5.30227006301113	-2.08204929293068
ACCAAGCGTAAGGTTT-1	0	-5.36161387786098	-3.27717242897423
ACCAAGCGTAGTCAAT-1	3	10.1084149993973	8.23941554366676
ACCAAGCGTGGTTCTT-1	4	8.61776768341832	-10.3093715733376
ACCAAGCGTTTATGGG-1	0	1.71210371628575	6.81433333694069
ACCAAGTTCATTACAG-1	0	-3.82394898757167	-3.0421806401101
ACCAATATCATCACTT-1	0	-2.10385049208828	-5.81189165771874
ACCAATATCTTGTCTG-1	0	-2.65767038687892	1.46126808463661
ACCACACCAGGCAAGC-1	0	-0.710685976592975	-4.16762862862023
ACCACATAGCATGACT-1	3	10.2209933914261	4.9039133959922
ACCACATAGCCTGAGC-1	0	-4.2146364532394	-2.83740006149681
ACCACATAGCCTGATG-1	0	-4.55160058364101	0.544137375942151
ACCACATAGGTCGATT-1	3	9.58283077851109	9.80604113875953
ACCAGCTCAATTGAGA-1	1	2.54287873879246	0.320784943691174
ACCAGCTCAGTATGTT-1	0	-3.47178328856655	-1.16673783347877
ACCAGGACAGCATGGA-1	4	8.16835867539219	-11.5432497090188
ACCAGGACATCAATCG-1	2	1.33898805752568	8.19838847457496
ACCAGGACATTAAGCT-1	3	9.29667889252476	9.42558039962379
ACCAGGCTCAAGCTAC-1	0	-5.10474027022548	-3.31858215988549
ACCAGGCTCCAACTGG-1	0	-6.03088248595424	-1.71630798042687
ACCAGGCTCGAGGAGT-1	2	-0.152322717754321	7.81901301681129
ACCAGGCTCGTTATCT-1	0	-4.82405293807216	-3.33145604790123
ACCAGGGAGCACTTGG-1	2	3.711760870369	6.90344466506569
ACCAGGGAGGAACGCG-1	3	10.06557499543	9.74698104201881
ACCAGGGAGGAACGGT-1	3	10.2363418258744	8.33166064559547
ACCAGGGAGGCCCAGT-1	4	8.43196379319004	-12.6628824299661
ACCATAATCAGCATTA-1	3	9.99266468659214	7.15781630813209
ACCATAATCAGGCTAT-1	3	10.4574502624588	5.64269389449684
ACCATAATCGGCTAGC-1	5	-0.724106439201312	3.68467416106788
ACCATAATCTAACCTT-1	3	9.90780674591832	6.11788358031837
ACCATAATCTCGACCT-1	0	-1.55639828070827	-0.565672797569354
ACCATTAAGACAAACG-1	0	-4.64138997420497	-3.06962238014611
ACCATTAAGCAGCTCA-1	2	2.09783517494969	7.47399462997047
ACCATTAAGCGGCTGT-1	0	1.81312846318058	6.99185599624244
ACCCAACCACAGACTC-1	0	-4.81829322203823	-5.17063866318138
ACCCAACCACCTAAGC-1	1	3.88090383187108	-0.183506709941943
ACCCAACCATAAAGCA-1	0	-0.368275889007526	-1.66059125722321
ACCCAGGGTACCGAAC-1	1	2.86150728836827	0.138496773830334
ACCCAGGGTCATAGAT-1	1	8.41341148987584	-11.9231477803078
ACCCAGGGTCGCAAAC-1	0	-4.62329448088832	0.144144194713513
ACCCAGGGTTAGTACG-1	0	-2.09704364165493	-5.31085262955101
ACCCAGGGTTTAACCC-1	0	-2.12998593672939	-4.30674038589867
ACCCGCTGTAGCCTCC-1	0	-4.23105491027065	-3.79552970589073
ACCCGGTAGAAACTGG-1	2	3.96484600678257	6.56844271957008
ACCCGGTAGCCTCTGT-1	0	-4.77048600539394	-4.98005901039513
ACCCGGTAGCCTGACA-1	0	-5.93800128325649	-2.57373450458916
ACCCGGTAGGCCCAGT-1	0	-3.20057190283962	0.257058637729565
ACCCGGTAGTAAACCC-1	0	-5.65173018798061	-3.39977155388268
ACCCGGTAGTCAGTAC-1	3	10.0599206604081	7.08735694228737
ACCCGTAAGAGAGGAG-1	0	-1.26260114535518	-4.57417998970421
ACCCGTAAGCTGAGGG-1	0	-5.26172126158901	3.23718632995216
ACCCTCCCAACTAGCC-1	1	3.42715131417088	0.638323443523328
ACCCTCCCAATATGGA-1	0	-4.0974751792831	-3.09255765140923
ACCCTCCCAGGCATGA-1	0	-2.05013168677517	-3.61629400909813
ACCCTCCCAGGTTTGC-1	0	-3.15918672904201	-1.80845229090126
ACCCTCCCATATTGAC-1	4	8.38761555329136	-11.9486929005471
ACCCTCCCATTAGCGC-1	3	10.5786164917069	5.56929721175758
ACCCTCCCATTGGGAG-1	0	-3.58614219054409	-4.35232959450157
ACCCTGTTCCAGCACA-1	0	-5.30657304152675	-1.06592685491713
ACCCTGTTCCAGGGAG-1	3	10.3498452819901	9.13813247024147
ACCCTGTTCCGTGACA-1	0	-4.45609916075893	-3.49595676124962
ACCCTGTTCGTAACGT-1	0	-2.58563269004055	-4.24897967041405
ACCGCAATCACCGGTA-1	1	2.69727408066563	-1.4599996334401
ACCGCAATCATTATGG-1	1	2.43960475102238	0.261981981388013
ACCGCAATCCGCCAAA-1	0	-5.22116101607509	-3.25394735992821
ACCGCAATCTACCTCA-1	1	2.32640170231633	2.19931663810341
ACCGCAATCTCGCCTG-1	0	-2.70141852721401	0.0654595070990722
ACCGCAATCTTGAGGT-1	5	-0.717487104980426	3.67021073638527
ACCGCAATCTTGCATT-1	0	-4.85400594100185	-3.32633028686913
ACCGGCTAGCTGTCAG-1	2	1.88420676365666	7.47398700057594
ACCGGCTAGGTAACGA-1	3	9.94354092255406	9.60963668166725
ACCGGCTAGTTATGTG-1	0	-3.21604932173915	-4.0846324986306
ACCGGTTCAGCTTACA-1	2	3.67549525872044	6.61849154769508
ACCGGTTCATCAGTAT-1	0	-4.04853309020229	-3.6569152897683
ACCGGTTCATGCATAT-1	0	-1.52827847823329	-4.45182190597924
ACCTAAATCATTACAG-1	1	1.80189632550053	2.02197183906166
ACCTAAGGTAACGGGA-1	0	-2.04106582030483	0.661192911258618
ACCTACCTCATTTGTC-1	0	-5.03929055556484	3.40647544204323
ACCTACCTCGGCCAGT-1	0	-5.22012770995327	-1.33275933326157
ACCTCACTCAATAGCC-1	0	-5.15770638808437	1.73829378425209
ACCTCACTCCCTGATC-1	2	3.18247067108921	7.95516623794166
ACCTCACTCGTTACTT-1	0	1.41687523499302	6.69977273284523
ACCTGGATCGAGGAAC-1	0	-5.64921773299404	-0.933245015749057
ACCTGGATCGTTACTT-1	2	3.5080619968491	7.17993392287819
ACCTGGATCTCAATGA-1	3	10.6425822891312	5.37793149291603
ACCTGGTCAACTAGAA-1	0	-3.59363473281093	0.214081423870007
ACCTGGTCACCAGCAT-1	0	-5.41335214003749	-1.83229343355568
ACCTGGTCATCAATCG-1	0	-4.54228652342983	-3.6706727570382
ACCTGGTCATGAAATG-1	0	-5.55748046263881	-2.92997477711113
ACCTGGTCATTATCCC-1	0	-3.37894214019008	-1.71587411821755
ACCTGTTGTGAGGTGA-1	0	-2.76987994536586	-3.73698673904808
ACCTGTTGTGTAACCA-1	0	-3.37521613463588	-3.53961620987328
ACCTGTTGTTTATCGC-1	2	0.638197980077786	8.26839579879371
ACCTGTTGTTTCGCGC-1	0	-1.45380056723781	-2.31389258564385
ACCTTCATCACCGGTA-1	4	8.16497503891758	-13.2382694310036
ACCTTCATCACGCCAA-1	0	-5.10647309645839	-0.664699239143451
ACCTTCATCACTAAGC-1	3	10.6294149078446	5.16781653701393
ACCTTCATCTGGCAAT-1	4	8.12168966904454	-11.2554317540017
ACCTTCCAGAAAGGAA-1	4	7.75309359207921	-13.1351715153542
ACCTTCCAGAGAGGAG-1	1	3.34195696488194	-0.458381039508899
ACCTTGCTCAATTGGC-1	0	-2.24925864562221	-1.70686767757805
ACCTTGCTCACTTTAC-1	2	2.50605105534367	6.56735743819801
ACCTTGCTCCCTCGCA-1	0	-1.71519125327297	-2.63733373344811
ACCTTGCTCGTTATCT-1	1	2.48892056122593	-0.412828010925372
ACCTTGCTCTTGCTAT-1	2	2.05779384747319	7.47906054793922
ACCTTGCTCTTTAAGG-1	1	2.36993073597722	1.89986051856605
ACGAACAAGCAGGTGG-1	0	-5.30797017440029	3.42514075576393
ACGAACAAGGCGAATA-1	0	-1.80969680175014	-2.83161137760552
ACGAACAAGTGACCTG-1	5	-0.401106008140521	4.24678220092384
ACGAAGTCAATGCCTA-1	4	7.35283695832066	-13.0054021900979
ACGAAGTCACCTGCCT-1	0	-3.21761144026943	-3.47005782783898
ACGAAGTCAGAAATTG-1	0	-4.60782254561611	-0.153765780338367
ACGAATCTCATAATCG-1	0	-0.421786912528949	-1.50607727230461
ACGAATCTCATGTCAA-1	2	1.00590591803364	8.17416323958961
ACGAATCTCGCATCCT-1	0	-4.7719980560226	1.33949126540748
ACGAATCTCGCTATGG-1	0	-3.03129566535183	-4.7679570740548
ACGAATCTCGGCTAGC-1	2	3.70312344208531	6.83935012160866
ACGAATCTCGTACCGA-1	4	8.28738819733433	-10.7728859013406
ACGAATCTCTAAGGTC-1	3	10.2856553711014	5.55773581801979
ACGAATCTCTGTAATG-1	3	9.96039711609654	4.98443211852638
ACGACAAAGACAGGCG-1	2	3.03636705056004	7.63060893355934
ACGACAAAGCATTATG-1	2	2.0111673988419	7.31205024062721
ACGACAAAGCTTTGTT-1	3	10.0279010452347	8.10256423293678
ACGACAAAGTCATGCG-1	4	8.14690624848179	-12.4240594929543
ACGACAAAGTTGTCTT-1	3	8.86058937683873	4.23639239608375
ACGACTTAGGATTGAG-1	0	-4.10695947035976	-2.30382703007134
ACGACTTAGGTCCACA-1	3	10.3199952758866	5.73563803969948
ACGACTTAGGTTACAC-1	0	-5.57360137328334	2.32708753882972
ACGACTTAGTTGGGCC-1	0	-3.74189055785366	-2.85743032158287
ACGAGTAAGCTTAGCG-1	0	-3.79394305571743	2.23871506988136
ACGAGTAAGGGATGAC-1	0	-4.49804509505458	2.55412759124366
ACGAGTAAGTCATTAG-1	0	-2.16646445616909	-3.84990964592369
ACGATTCAGAGCAAGC-1	1	2.55023740902714	-1.06398524106415
ACGATTCAGATAACCC-1	4	7.33271443024449	-12.9158617085305
ACGATTCAGCATGACT-1	1	3.39996515885167	-1.06884298981102
ACGATTCAGCTACTGG-1	0	-3.68593085631557	-2.31043897331627
ACGATTCAGTCGCAAT-1	0	-5.76268971785732	-2.1403536623803
ACGCAAGCAACACCTA-1	2	1.50583981648259	7.23289908706276
ACGCAAGCATCAATCG-1	0	-3.87448132857509	-2.27614389122399
ACGCAAGCATGGAGGC-1	2	2.12013780251316	7.2188114100608
ACGCACGGTCAATAGT-1	0	-3.96053660735317	-0.688843173393329
ACGCACGGTGACATAT-1	2	1.49427448883824	7.12003936111061
ACGCACGGTTACCTGT-1	0	-3.42421544417568	-1.84682135046395
ACGCCACAGGCTAGAA-1	0	-4.6670757614059	-3.10535560310753
ACGCCACAGGTCGAGG-1	0	-4.52708972319789	0.866758244625012
ACGCCTAAGACACCGC-1	0	-4.25439799651332	2.69334234534828
ACGCCTAAGGAGGCAT-1	0	-1.3477455459518	-3.57486663521202
ACGCCTAAGGGCTTTG-1	3	10.5778888382035	4.98971785842506
ACGCCTAAGTTAGTGC-1	1	3.65943156853489	-1.35145033658417
ACGCCTTTCAGCTAAC-1	3	10.0034946121293	7.9275049143943
ACGCCTTTCCTTCTAG-1	4	8.20134531632237	-13.0869699543801
ACGCCTTTCGCCTAAG-1	0	-0.856468089668231	0.707542555919568
ACGCCTTTCTAATTGG-1	1	3.20060741082005	-0.176324469455798
ACGCCTTTCTAGCTAA-1	2	1.92894863262944	7.50026740371315
ACGCTTGAGACAGGTA-1	2	3.64390551224522	8.19808520614235
ACGCTTGAGACTCGCA-1	0	-4.52840627059169	-0.569571656593402
ACGCTTGAGGTAGCTT-1	0	-1.46806896552272	-1.29223797232779
ACGCTTGAGTGCTGTG-1	0	-2.99563468321987	-3.99387202919396
ACGCTTGAGTTTGGGT-1	0	-3.98940671309658	2.03895248710243
ACGGGAAGTAGCAGCT-1	4	8.57066856995396	-10.463594061741
ACGGGAAGTGACCTGG-1	0	-4.12853539809413	-2.98498581112297
ACGGGAAGTTCACTGT-1	0	-2.80902708396144	-3.12500773132714
ACGGTACGTACGATTG-1	0	-0.694595702735858	-4.21785269440087
ACGGTACGTGAGACTC-1	0	-4.22429908141323	-3.48908172310265
ACGGTACGTGGAGCAA-1	1	2.68449246064	1.01537861167518
ACGGTTAGTAAAGCAA-1	2	2.47432886734776	7.36514510451881
ACGGTTTAGGATAAAC-1	0	-4.03241837844081	-2.02396546066674
ACGGTTTAGTTGCGTG-1	0	2.79065071717076	1.29047622024147
ACGTACCCAATATAGG-1	3	9.32361160889439	9.41707267104713
ACGTACCCACATAGCC-1	2	0.485281801970524	7.52255763351051
ACGTACCCAGCAGGTA-1	0	-4.63865340575405	-3.92887268722924
ACGTACCCAGTGAACG-1	0	-1.06071854457088	-3.6075087612954
ACGTCAAGTCAGGAAG-1	0	-4.6754723869247	-3.61789880455406
ACGTCAAGTCATCCTG-1	3	9.9420961059647	8.05433215438453
ACGTCAAGTCCTAGTT-1	0	0.0306166328506895	-1.81438313187035
ACGTCAAGTGGATTCA-1	4	7.91458164826207	-13.0415102070657
ACGTCCAAGCCAGGTC-1	0	-2.26256240233608	-4.64955936134728
ACGTCCAAGGTTACAC-1	0	-5.30280650481411	-3.46004496277245
ACGTCCAAGTAACAGG-1	0	-1.56972540244289	-4.70867739380272
ACGTTACAGCTATATG-1	3	8.94335877075962	4.21271695434181
ACGTTACAGGCATGAA-1	2	3.20133387223057	8.07336844741432
ACGTTACAGGGTCCAC-1	0	-3.69005072936245	-3.28573117912682
ACGTTACAGGGTCTAT-1	1	2.09556745663456	-1.17445342750223
ACGTTACAGTCAGGCC-1	0	-5.49348033293911	-3.32494936645897
ACGTTGTAGATGGACA-1	0	-2.16033614501186	-2.82255016029747
ACGTTGTAGCAAGGGT-1	3	9.90409218445591	6.21574057876198
ACGTTGTAGCACAGCC-1	0	-3.5223265968246	-3.77429280937584
ACGTTGTAGCGCTCAA-1	0	-4.60574210509487	2.37500514327614
ACGTTGTAGGACACTT-1	0	-4.43422091826625	-0.772190732368549
ACTAAAGCAACCCTCC-1	2	2.6066800273972	7.55725707351295
ACTAAAGCAGAACCGA-1	5	-0.486398466674762	4.11683644591896
ACTAAAGCAGGCCTTG-1	5	-0.710768827049213	3.89541949569313
ACTAAAGCATGAAGTA-1	0	-4.5716077171249	-2.94808958233269
ACTAACCAGAGGAAGG-1	0	-4.77180684432216	-1.91141883791359
ACTAACGGTTAGACCA-1	2	2.54018508568577	6.40543975173561
ACTAACTCACAAAGCG-1	0	-4.21820176467128	1.33399023353187
ACTAACTCACAGAAAC-1	0	-2.23623646125026	-3.15056656063469
ACTAACTCACGTGCTG-1	4	8.2662681259232	-13.2600017613259
ACTAACTCATACCCGG-1	1	3.5811341919022	0.404896753421704
ACTAACTCATAGTCAT-1	3	10.5082448638993	8.6381868296775
ACTAACTCATTGACAT-1	2	2.47771035805516	6.51644601165382
ACTAATCCACGAATTT-1	1	3.47954880371861	-0.763925624498447
ACTAGGCGTAATGGCC-1	0	-2.63834942206569	-0.907465649255832
ACTAGGCGTCAGGCAT-1	1	2.21962641850285	-0.667410833248218
ACTAGGCGTGGGAACA-1	0	-4.0802198730392	-5.05134831131371
ACTAGGCGTGTTTGTC-1	3	9.90888535157017	9.20607890426246
ACTAGGCGTTAGGCGT-1	2	2.4927735246735	7.6209224635276
ACTAGGCGTTGCAATG-1	0	-1.68428338393398	-3.37254653633507
ACTAGGCGTTGTTCAC-1	0	-0.70354355200954	-2.30939696491631
ACTAGGCGTTTGTGGA-1	0	-2.80059588774868	-1.19812354766699
ACTATCCGTAGCTAAT-1	0	-0.988218315689044	-4.55673013389977
ACTATCCGTTAACACG-1	1	2.720381132515	-0.0146221941796143
ACTATCCGTTACTTGC-1	2	3.87641083374791	6.62896289168922
ACTATCCGTTATTGCC-1	1	1.73887240067296	1.91341628371803
ACTATCCGTTGTGATG-1	0	-5.20245087966152	3.13308371841041
ACTATGTCAGCCTAAC-1	0	-4.55962813719936	-1.50142605365189
ACTATGTCATCAGTAT-1	0	-1.96609414443203	-1.39488313854607
ACTATGTCATGAATAG-1	0	-2.39811504706569	-4.9151464527932
ACTCACCTCCAAACAC-1	2	2.85956465378575	7.63295401870338
ACTCACCTCCTCATCA-1	3	10.275011412056	8.99415244399635
ACTCACCTCGTTATCT-1	2	1.34763049259953	6.76455296813575
ACTCACTGTAATTAGC-1	1	3.93870793953709	-0.523868007072528
ACTCACTGTCAAAGGG-1	0	-3.96671450957485	-2.59000502289208
ACTCACTGTCCGCTGT-1	3	10.775162092598	9.2220081263694
ACTCAGTAGACAGGCG-1	0	-1.75734580382534	-2.77251909435662
ACTCAGTAGCCTAATA-1	3	9.26361786499791	4.61272134124366
ACTCAGTAGTACCGCA-1	0	-5.25097621306606	-1.81278340280922
ACTCCTCAGCGCATTG-1	4	8.24682318344883	-12.4551721638528
ACTCCTCAGCTGTAAC-1	0	-1.23251498564907	-4.59949742020043
ACTCCTCAGGTCATTA-1	1	1.86364649906926	1.95576514541237
ACTCCTCAGTATTGGC-1	0	-2.87116278037258	-2.15458033741387
ACTCCTCAGTATTGTG-1	0	0.194397858531994	1.57470263778297
ACTCGCGCAACTCGCG-1	0	-2.50735915526577	-2.75698767364891
ACTCGCGCATTAGGCC-1	0	-5.21107114180751	-3.16147790611656
ACTCGCGCATTGCGTA-1	0	-3.77284825667568	2.61029280959694
ACTCGCTTCATTGTCT-1	0	-3.57997048720546	0.887641089549939
ACTCGCTTCCATAAGC-1	2	1.39664082899861	6.66725863753883
ACTCGCTTCCGCCTAT-1	0	-5.00015414580532	2.79391063987343
ACTCGCTTCTACCTCA-1	0	-4.83590567931362	-2.46776912868889
ACTCGCTTCTGTGCAG-1	1	1.9019486822205	-0.898071241983493
ACTGAAACAGCAATAA-1	0	-3.75828755721279	-1.85751299322518
ACTGAAACAGGCTAAG-1	0	-3.80648864134975	-4.14500556648644
ACTGAAACATTGTGCA-1	3	8.91190563813023	4.27179183303444
ACTGAATGTCAAAGGG-1	0	-4.4153839431686	-4.0487598008004
ACTGAATGTCTTTATG-1	0	-3.39701045378871	-3.66796813667687
ACTTACAAGCATTTCT-1	0	-2.8311747394485	0.370854395023267
ACTTACAAGCTCCTAC-1	4	8.4700788177567	-10.4845424717751
ACTTACAAGGGATTAG-1	0	-3.86243594512172	-3.39716134727867
ACTTACTTCAATTACG-1	0	-3.88407195433803	-0.456947368988116
ACTTACTTCATGCTAA-1	3	10.5878175415116	5.8730148249778
ACTTACTTCGATCAGT-1	1	2.30119442120366	-0.127590877422412
ACTTACTTCGCTAGTG-1	0	-5.64511168822475	-1.00615727663906
ACTTACTTCGGTCATG-1	1	3.33898722306065	0.437564747920911
ACTTAGGGTCAGGCCA-1	0	-3.86120999678798	-2.07898835600289
ACTTAGGGTCCTTCAG-1	2	2.10034894123845	6.86027945815651
ACTTAGGGTTATCCGT-1	1	2.03397297039799	2.12328113853065
ACTTAGGGTTGTAAAC-1	0	-3.50917399748989	2.65657009421913
ACTTAGTCACTAAGCC-1	2	1.04546623602681	8.14971007644264
ACTTAGTCAGCTACGT-1	0	-1.45228398665615	-4.02799378097924
ACTTATCTCAAACTCA-1	0	-4.81882441863246	-3.31831346214684
ACTTATCTCCCGCAAA-1	0	-2.38378799781032	-1.99365316093834
ACTTATCTCCTTCTAG-1	1	2.85642205849461	-0.570899290451129
ACTTATGAGAAAGGAA-1	0	-3.61140979155727	1.98271431266395
ACTTATGAGCGGTTAT-1	0	-1.4401584945602	-2.5298708504525
ACTTATGAGGAAGCAC-1	0	-2.29246915206142	2.04082645713417
ACTTATGAGGACCTTG-1	0	-2.05715025290676	-0.242801291355212
ACTTATGAGTTTGAGC-1	2	2.98651277199559	7.71305026351539
ACTTCGCTCCAGGGAG-1	0	-0.932524093238788	-3.1126687353936
ACTTCGCTCCAGGTCA-1	3	9.58920418396763	5.48516310988991
ACTTCGCTCCGTCCAT-1	1	2.11757539883427	2.06987752257911
ACTTCGCTCGTTTCTG-1	0	-3.9498864494247	2.45217813788978
ACTTCGCTCTTAGGAC-1	3	9.27079331055455	9.55934848128883
ACTTCGCTCTTTGTAC-1	0	-3.06254757270046	1.01937450706093
ACTTGAATCATCCTGC-1	0	-2.13692201003261	-4.94545040787133
ACTTGAATCATGCCTC-1	2	3.60540520325474	8.51398791610328
ACTTGAATCATGTGGT-1	0	-4.35882294997402	-2.49183545769127
ACTTGAATCCGTAAAC-1	0	-5.66367925032802	-1.20319271408888
ACTTGAATCCTGAATA-1	0	-1.84912312850185	-2.5158647126046
ACTTGAATCTAAGTCA-1	0	-4.22273457869716	-3.09813545406731
ACTTGCACAGCCTTGG-1	3	9.62765728607945	5.79865397750465
ACTTGTAAGCCTGGTA-1	1	2.86652504578404	-0.778502506622394
ACTTGTAAGGACCGCT-1	0	-5.04645741805263	-2.03148846090706
ACTTGTAAGGCTTAGT-1	0	-5.23330605849453	-1.15742344171675
ACTTGTAAGTTAGCTA-1	1	2.89958440438084	-0.783777458080371
ACTTGTAAGTTTCCTG-1	5	-0.884679325668292	3.33226002990333
ACTTGTCGTCGACTAA-1	0	-5.24971116408535	-1.39506111801537
ACTTGTCGTTGAGGTC-1	3	10.0995629943924	8.22087706863014
ACTTTGTTCACGAATC-1	2	3.72960769310765	8.3251575404319
ACTTTGTTCATTCATC-1	3	10.3627065338211	9.70734633742897
AGAAACCCAAAGCCTC-1	1	1.70130979195408	-0.927311730989536
AGAAACCCACAATACT-1	0	-1.95243061408229	-4.15288649261864
AGAAACCCAGTATGTT-1	3	9.69021355286412	5.9826487475547
AGAAACTAGAAGGTGC-1	0	-5.47181189879604	-3.66543374718102
AGAAACTAGCACGTTG-1	0	-3.47808564528652	-1.86145888031395
AGAAACTAGGTAACGA-1	2	2.50727211609654	7.40468539535133
AGAACAAGTAATCCCT-1	0	-4.73609507903286	-0.944836882361491
AGAACAAGTGGCTTCC-1	3	10.5744937576371	9.24322165786354
AGAACAAGTTCATCTA-1	0	-2.84756315573879	1.47484125434486
AGAACCAAGATAAAGC-1	2	3.51751076355748	8.12495173751442
AGAACCAAGCTCCTAC-1	4	8.45054804459385	-12.7818924015847
AGAACCGCAATTAAGG-1	3	10.3524564422684	5.96153916656105
AGAACCGCACTATGGC-1	0	-4.74324334487148	-0.873898816713413
AGAACCGCAGTCTATG-1	3	10.7597478546219	5.20215215026466
AGAACCGCATCAATCG-1	0	-3.26478017195888	1.11510123550026
AGAAGGTGTTGGATCA-1	0	-5.81399930342861	-3.30383716286095
AGAAGGTGTTGTCCAT-1	0	-3.50792563780971	-2.88881884277733
AGAATCGAGATGGACA-1	4	8.00269114151768	-13.2157274311868
AGAATCGAGATTCCTT-1	0	-5.32487214430996	-3.56116662681969
AGAATCGAGGTATTGC-1	3	10.0498174347001	5.24898614226906
AGAATCTGTCACGAAC-1	0	-4.51477349623867	2.62186540900795
AGAATCTGTCTTTGAC-1	0	0.0430229820328184	1.53784169494239
AGAATCTGTTGGCGTG-1	0	-1.06346023902126	-3.01184402168663
AGAATCTGTTTATCGC-1	0	-1.68512476309963	-4.36835895241173
AGACAATAGCAAGGTA-1	3	10.2502797760086	7.52684058486549
AGACAATAGCGCCTAA-1	0	-1.16955149993129	0.127921717754285
AGACAATAGGCATGTT-1	1	2.24827372208409	2.1286460333976
AGACAATAGTCATTAG-1	0	-5.06634486540981	-0.25663976133736
AGACAATAGTGAGCGG-1	1	3.26275169030003	1.34191240607826
AGACAATAGTTAGTTG-1	0	-5.04482282027431	0.0655723982962768
AGACACGCAAATTCGT-1	0	-3.70027936324306	2.91278590499489
AGACACGCACAGACTC-1	0	-1.47137869223781	-0.286682946094592
AGACACGCATTGCGGT-1	0	-4.17035163268276	0.876956122508923
AGACCCGGTCATAGAT-1	1	3.81867014542393	-1.59677399457367
AGACCCGGTTAACACG-1	0	-0.805542000381427	-3.37171922386559
AGACCCGGTTACATCC-1	0	-1.93075550421901	0.0644138032111328
AGACTATGTACCAGGT-1	0	-2.71823037490078	-1.29152095080288
AGACTATGTTACCGGG-1	0	-4.50816357955165	-3.25688014686974
AGACTATGTTAGCATG-1	0	-2.49902308806606	-1.91091249645623
AGACTATGTTAGTTGG-1	1	3.9667497791367	-0.465855998405536
AGACTATGTTCATTTG-1	2	2.42350899353795	6.63098706542579
AGAGAAGCAAACTGTT-1	0	-3.47783530577846	-4.10409389198693
AGAGAAGCAAGCTAAA-1	1	2.06266116276555	1.91932358085243
AGAGAAGCAATAGCCC-1	3	10.7492946304398	5.68357314406959
AGAGAAGCAGCACGAA-1	2	3.50006615296177	8.41375293075172
AGAGAAGCATAAGCAA-1	1	3.00067006722264	-1.18013891898962
AGAGAAGCATAAGGAC-1	3	10.2579549469071	8.63466300307838
AGAGAAGCATCCCTCA-1	0	-1.78643787726589	-0.185019714244922
AGAGAAGCATGTTTGG-1	0	-1.89220965727993	0.183280246845166
AGAGAGGAGCATGGTT-1	0	-1.2572150312347	-0.57305912435921
AGAGAGGAGGCGGGTA-1	3	9.63999115601353	4.85725726424782
AGAGAGGAGTGGCGGA-1	3	10.0750802673417	9.41634883224098
AGAGATTAGAAAGGAA-1	0	-1.04353893622585	-2.1393741792527
AGAGATTAGATAGACG-1	0	-0.65524888858028	-3.77644072235497
AGAGATTAGCTATTGA-1	0	-4.57755769118496	-1.9438569372979
AGAGATTAGCTTAACA-1	1	2.31966542378239	2.13777293502418
AGAGATTAGTCTTGAA-1	0	-4.47718108519741	1.40932192145912
AGAGGAACAAAGCGGC-1	2	1.3241431631165	7.94344081222145
AGAGGAACACCATATG-1	3	9.19038521424107	9.34842910110084
AGAGGAACATAATGAG-1	0	-3.06789410933681	-3.46591315925988
AGAGGATGTGGTTCCC-1	1	2.3146433748322	2.08952345191566
AGAGGATGTTTATCTG-1	0	-6.01359094008632	-2.39793191612633
AGATGAAGTAGCAGCT-1	0	-0.320503123847919	1.62464751540748
AGATGCTTCAAGTGTC-1	1	3.10963713303379	0.602355139842908
AGATGCTTCACATTGA-1	0	-4.53086675032802	-0.520392221817096
AGATGCTTCCCGTTAC-1	1	3.24617468491368	-0.637203735717853
AGATGCTTCCGCACAA-1	0	-5.15585149153896	-2.46702466667565
AGATGCTTCCTCGATC-1	3	10.1158479370194	6.67542733489601
AGATGCTTCGTTAGTA-1	0	-1.90664423331447	-0.0907727307167847
AGATGCTTCTAACTGA-1	0	1.90526579991154	6.11998452483741
AGCAAATAGGAAACTG-1	1	2.52910124436192	2.13703646003334
AGCAAATAGGCATGTT-1	0	-2.85028065070339	-1.42411608756455
AGCAAATAGGCGCATC-1	2	-0.0155603371543459	7.90650023757545
AGCAAATAGTCACCTC-1	0	-1.09646261557766	-1.51268936456116
AGCAACAAGAATCGCT-1	0	-5.56036532744594	3.01776923476783
AGCAACAAGATAAAGC-1	0	-5.17310727462001	-1.66850135982903
AGCAACAAGATACTTG-1	0	-5.21226657256313	-0.51660559833916
AGCAACAAGCAAGGAC-1	1	3.80962645188145	-1.24325901777418
AGCAACAAGCAAGGGT-1	4	8.5967501319962	-10.3342825001565
AGCAACAAGCTGGCTA-1	0	-3.65749514922329	2.38293828307716
AGCAACAAGGTGAAAT-1	2	1.70940517559819	7.90647830306617
AGCAACAAGTATTGGC-1	1	3.67748295441441	-0.508032304653247
AGCAACAAGTGAGCAA-1	0	-3.27336300238796	-2.52172873676689
AGCAAGGGTCATGCAA-1	0	-3.29969728812404	-3.51858816803368
AGCAAGGGTCGACTAA-1	0	-3.03760398253627	-1.26593309403332
AGCAAGGGTGCATTAG-1	0	-4.83662713393398	-0.25048182667168
AGCAAGGGTGGACCTG-1	3	10.070720068367	10.1944183283958
AGCAAGGGTTAAGGCC-1	2	1.57261203900151	6.63258780776588
AGCAAGGGTTTCCTCC-1	0	-1.56292498931118	-1.06254835934313
AGCAAGGGTTTGGGCG-1	0	-5.28428519591518	-0.484163267025073
AGCAATACAGGACCTT-1	1	3.43586289063267	-1.04000927270325
AGCAATACATAGACTT-1	0	-2.90967405661769	-1.85292719067009
AGCAATTGTCAGGAAG-1	1	2.27097212448887	1.60807337104408
AGCAATTGTTTGGCGG-1	0	-0.682224162666278	-2.82667110622795
AGCACAGCAACGTGCT-1	0	-2.84733928069301	-1.90129093588265
AGCACAGCAATAACGA-1	0	-4.86155522689052	-3.80631027878197
AGCACAGCACACTAAT-1	0	-5.13328994139858	-4.832403284916
AGCACAGCACATGCTA-1	0	-5.35691321715541	-3.97453938187035
AGCACAGCATAATCAC-1	3	9.56602894440464	5.77781047164528
AGCACAGCATCTTGAG-1	0	-2.13234413489528	-3.440219981083
AGCACTTAGGCGGGTA-1	1	3.031824699791	-1.8341539329377
AGCACTTAGTCACTCC-1	0	-4.72277892455288	2.92201508819191
AGCAGGTAGCGCCTTT-1	0	-5.32261861190029	-1.49760274351509
AGCAGGTAGTATTGCA-1	2	2.77137576714329	7.66109980880348
AGCATCCCAAGTAAGC-1	3	10.3290427841263	7.41018904983131
AGCATCCCACAAAGAC-1	0	-1.65299166068264	1.0122000151786
AGCATTTCAACCTAAT-1	0	0.308447352798504	1.60313858329384
AGCATTTCATTAAAGG-1	0	-5.9521008811874	-2.92828975380333
AGCATTTCATTGCGAC-1	0	-5.4340025268478	2.92503585158912
AGCCAGTGTTAAATGC-1	3	10.1235049881058	7.83343447982399
AGCCAGTGTTACTAGG-1	0	-3.78959000930019	-2.92180536449822
AGCCAGTGTTAGCTGA-1	0	-5.32279122695156	2.54499949752418
AGCCGCTAGGGCTTTG-1	0	-4.76441682204433	-1.9122299379197
AGCCGCTAGTAAACCC-1	0	-2.07249606475063	-0.574075025924762
AGCCGCTAGTAGGATG-1	0	-4.95456469878383	2.38545574485389
AGCCGCTAGTCAATTG-1	3	10.2447866119461	9.93011321364967
AGCCGCTAGTCTCACC-1	1	2.32939278260045	-0.936513287433704
AGCCGCTAGTTTGGTA-1	0	-3.8444610916061	-3.67241440475853
AGCCGGTTCAATTACG-1	0	-3.01733053549953	-4.08900628746422
AGCCGGTTCACAGCGC-1	3	10.4779657043534	5.30627764999
AGCCGGTTCCGCAAAT-1	1	2.49765311852269	0.830123561016003
AGCCGGTTCGTGCTTC-1	0	-1.50190747603603	-0.138738138088306
AGCCTAAGTGTCACGG-1	3	10.245283476265	5.91520251571266
AGCCTAAGTTACCTGT-1	0	-5.28870547637172	-4.43483553589257
AGCCTAAGTTTGCGAA-1	3	10.3838332809525	9.4156755381736
AGCCTAGTCCGGTTAG-1	3	9.82145058289341	5.35951890288917
AGCCTAGTCTCAATGA-1	0	-2.74834740981288	-3.73807345093163
AGCCTCCGTGACATGC-1	0	-3.13235939368434	-4.56207309425743
AGCCTCCGTGCTAGCG-1	0	-2.88476694449611	-1.52801520884903
AGCCTCCGTTGGATAT-1	5	-0.513628967849689	4.18340005218116
AGCCTCCGTTGTAACG-1	4	8.56395613327794	-10.4053598469582
AGCCTGGGTCTAGCTT-1	0	-2.34559214934536	-3.44114218414696
AGCCTGGGTGAATCGC-1	0	-5.18925679549404	-3.93543992699059
AGCCTGGGTTTGAGGC-1	4	8.3762739814835	-12.3306346958962
AGCCTGGGTTTGGGTA-1	0	-2.35444057807155	-0.164324743160327
AGCGATTTCAGGTTTA-1	1	1.92468666210942	-0.78823475302132
AGCGATTTCCTCAGTC-1	2	-7.05800933412659e-05	7.91385211288063
AGCGATTTCCTGATTT-1	0	-4.19310201033779	-1.97475348175438
AGCGATTTCGATTCTT-1	0	-5.82346642836757	-2.64011774719628
AGCGATTTCGCTTCTA-1	4	8.37335764542393	-12.4733844822732
AGCGATTTCTCGCCCA-1	1	2.29639124050908	2.13779868423073
AGCGCCTAGACAACGA-1	5	-0.259687074272113	4.00414408980934
AGCGCCTAGCCTGTGA-1	0	-2.34266007765956	-2.85276494682701
AGCGCTCAGCCTGACA-1	0	-3.26279700621791	-2.29608212173851
AGCGCTCAGGTCGATT-1	0	-3.74330151900478	-2.13105587423714
AGCGCTCAGTTGTCTT-1	0	-4.5092388473434	2.8466943675193
AGCGGACCAACTAGGG-1	0	-1.33682382926174	-2.08870385349663
AGCGGACCACATTAAC-1	0	-3.94020140990444	2.60212435065834
AGCGGACCATACCCGG-1	0	-0.694684156028705	-2.64089511097344
AGCGGACCATATTGAC-1	2	3.5992132343369	6.96303119002907
AGCGGATAGAACCTAC-1	1	2.84894692078404	0.125947969547192
AGCGGATAGAGAGCCG-1	0	-3.22112334593959	-0.428143662818988
AGCGGATAGCGGGCAA-1	0	-3.64889539107509	-2.33314166725548
AGCGGATAGCTTTGTT-1	3	10.317118040474	10.0416225367698
AGCGGATAGTCCTGAG-1	1	3.18637167588047	0.500747340312878
AGCGTGCTCCAGGAAA-1	2	3.9914079822617	6.41538991271583
AGCGTGCTCGGTAACT-1	0	-1.44210494383998	1.1193560534629
AGCTAAACAAGGAATC-1	0	-5.27545417174526	2.69997824966041
AGCTAAACACCAACCG-1	5	-0.725261219589191	3.80747546493141
AGCTAAACATAGACCC-1	0	-0.97572852000423	-4.45208678902062
AGCTAAACATGAAATG-1	0	-2.22599209174343	-3.62018070877465
AGCTACGTCAAACTCA-1	3	10.686744085701	5.16465319930641
AGCTACGTCACCTGCT-1	2	0.861818931253476	7.2295650416526
AGCTACGTCCGGTATG-1	2	3.70645724907689	6.93415107070533
AGCTACGTCCTAATTC-1	0	-4.32740367278286	-2.21857724846276
AGCTACGTCTTGGATA-1	0	-4.12985957488246	-5.24417315185936
AGCTACGTCTTGTTCG-1	2	3.65347873345189	6.51054801284401
AGCTACTAGCAGCTCA-1	2	3.64832722321324	6.89158763228981
AGCTACTAGCTTTGTT-1	0	-4.65394080504604	-3.40626774490746
AGCTACTAGTAGCGGG-1	0	-5.52363789900966	2.61086358367531
AGCTACTAGTCACCAG-1	0	-5.09002984389492	-3.94350753487023
AGCTACTAGTTAACCA-1	0	-4.28209699019619	-2.05756352604302
AGCTAGTTCATGCATA-1	1	2.35391079560093	1.7050813609275
AGCTAGTTCCCGCATT-1	0	-4.62853206023403	-1.77103440225991
AGCTATATCAAAGGCA-1	1	2.14968251362614	-0.113928419956287
AGCTATATCATTGCGG-1	4	7.8257630981522	-11.9262844151345
AGCTATATCGGCCATA-1	0	-5.55060494765468	2.45450891791908
AGCTATATCTAGCTAA-1	0	-1.98735655173488	-3.73201451958092
AGCTATATCTTAGTCT-1	2	3.70384871140294	7.25458850204078
AGCTCATAGAGGGACT-1	5	-0.518899091331439	4.4000071459922
AGCTCATAGTTTGAGC-1	0	-5.35836661681362	-2.83767686546715
AGCTGCTCAGATAGAC-1	2	3.60381662026219	8.4799198084983
AGCTGCTCATGAATCT-1	0	-5.29684127196498	-1.87033138931664
AGCTTAATCATCCTGC-1	0	-5.30344165190883	-0.75120676816376
AGCTTAATCGGTTTCC-1	0	-5.13277161940761	3.20866431533424
AGCTTAATCGTACCGA-1	0	-2.18840897902675	-1.98622648180397
AGCTTCCTCACACAGT-1	0	-3.65058911666103	-2.32201324165734
AGCTTCCTCCAATTAG-1	0	-3.25771344527431	-3.89663801849755
AGCTTCCTCCTGTTCA-1	0	-0.878184565154987	0.463356869808118
AGCTTCCTCGTTAGTA-1	1	2.75388418808751	-1.14931000159057
AGCTTCCTCTAACCTT-1	1	3.38297735825352	-0.492478830226978
AGCTTGGTCACCAATA-1	0	-1.30893648490139	-4.21215544403466
AGCTTGGTCCTGATGG-1	0	-5.31374276503749	2.83444537459938
AGCTTGGTCGCATTAA-1	0	-4.87183488234706	1.14758552848427
AGCTTGGTCGCGACAC-1	0	-4.66642535552211	-3.41146336258324
AGCTTGGTCGTTAAGC-1	0	-2.61256707534023	-2.87498794258507
AGCTTTAAGATAACCC-1	2	2.50705837384037	7.16438712417213
AGCTTTAAGCGCTCAA-1	0	-4.58897937163539	-4.32251988113793
AGCTTTAAGTTATGTG-1	0	-4.75328458174892	-2.18718491257103
AGGAAACGTCATCAAG-1	0	-5.50471032485195	2.3809424811515
AGGAAACGTTTGCGAA-1	3	10.375877729805	7.61997451125709
AGGAACCAGATGGAGC-1	3	10.3266242660599	9.57438697158424
AGGAACCAGATTGAGG-1	3	9.97807537689976	9.20955409347145
AGGAACCAGGAAGCTA-1	0	-5.76276791915126	-2.03065423429879
AGGAACCAGGAGCAAC-1	0	-2.54637301787563	2.11978639899818
AGGAACCAGGGACCTC-1	1	2.29076146260075	1.84962572394935
AGGAACCAGGTTTGCG-1	3	10.192606321724	4.87745751678077
AGGAACCAGTCATCCC-1	3	9.1545737899857	9.08826770125953
AGGAACCAGTTACTTC-1	0	-3.26423371657558	-3.85562167824181
AGGAACGGTTCGGGAT-1	1	3.13152896538548	-1.31795890391739
AGGACGTAGACACCGC-1	0	-1.03197396620937	-1.55543036521347
AGGACGTAGCACGTTG-1	0	-2.9943405471725	-2.94640908897789
AGGACGTAGCTCATAA-1	0	-4.83032906874843	2.74889864265052
AGGACGTAGTGAGGGT-1	3	10.1211885131913	7.23213614760963
AGGACTAAGGAGTCGG-1	3	10.5226215042191	5.30206384002296
AGGACTAAGTTGTCTT-1	4	8.17022263184361	-13.0626636570779
AGGAGCTAGGACAATG-1	0	-4.56462443694301	0.773354428401868
AGGAGCTAGGCTCATG-1	1	2.7972043670731	-0.301830453285297
AGGAGCTAGTAACAGG-1	0	-4.88116372451015	-4.61058769882592
AGGATATAGCCGCTAA-1	0	-1.92119778021999	-4.09147797287377
AGGATATAGCGCTCAA-1	0	-4.62923825606533	-1.03258241475495
AGGATATAGGAAACTG-1	0	-4.53976691588588	-1.71546981991204
AGGATATAGGATTTGC-1	0	-2.9868475280685	-3.76524196327599
AGGATATAGTATTGGC-1	0	-3.5586453758163	-0.809396964916309
AGGATATAGTCTCACC-1	0	-3.03019536360927	-4.31312714279564
AGGATATAGTTAGCTA-1	2	1.19819497242741	7.53027476607887
AGGATCCGTACCGGAT-1	3	9.96993290558629	6.81110371886818
AGGATCCGTAGCTAGC-1	0	-5.01236356124111	-4.86403570831688
AGGATCCGTATTTGGG-1	1	2.54077695980839	0.914351122966687
AGGATCCGTCCTTCTC-1	4	7.72608696595005	-11.5256191319314
AGGATCCGTCTAGCTT-1	0	-4.12228692397304	-1.88022617758187
AGGATCCGTGGTGAGA-1	0	-1.88380754813381	-0.471123499282916
AGGATCCGTTCATTTG-1	2	0.661606154592557	8.00622977553932
AGGATCCGTTGTTCAC-1	0	10.1099494613724	5.42721928893654
AGGATGCAGACAGGCG-1	0	1.82567893639378	1.94383181869117
AGGATGCAGGAAGTAT-1	0	-2.6447426162643	1.29248585044471
AGGATGTCAGGCTAGA-1	1	3.21533595696263	-1.36339485407742
AGGATGTCATCTAGCA-1	0	-2.83589399680324	-4.70197735489281
AGGATTGAGCATGCAT-1	1	2.56009196415715	1.76139368354408
AGGATTGAGCCGGTAC-1	0	-3.04761350974269	-2.30943666160973
AGGATTGAGCGCAATT-1	1	2.09361755028538	-0.778034908184131
AGGATTGAGGATTGAG-1	0	-3.042553790657	-3.04200325668724
AGGATTGAGGGACCTC-1	0	-4.11606419905849	-2.67913113296898
AGGATTGAGTAAGAAC-1	0	-1.83513201102443	-1.13752113417657
AGGCAATCAATCGCAC-1	0	-2.35798395499416	-1.68614358962448
AGGCAATCAATGCCTA-1	3	9.90942513123326	9.89594306289283
AGGCAATCAATTGAAG-1	0	-4.12488330229946	-2.81362174213799
AGGCAATCAGGATAAC-1	0	-4.60764850005336	-4.48584042251976
AGGCAGGTCAAGTGAG-1	0	-0.246948011962848	1.5459975176963
AGGCAGGTCAGCTAAC-1	0	-0.561251648513751	-2.04907922209175
AGGCCCAGTGGAAGGC-1	3	10.4633229888993	5.91744221984474
AGGCGGATCCCTGATC-1	1	1.92784070149235	1.84153189002601
AGGCGGATCCGCAAGC-1	0	-2.10794986113735	-4.48972235382469
AGGCTAAAGCAGCTCA-1	3	10.0210889495926	10.1740926676902
AGGCTAAAGTATCGCG-1	2	3.70715390816502	6.39383544265358
AGGCTAGCAGACAAAC-1	0	-4.98584283217617	-0.630885702976306
AGGGCCTTCAGGTCCA-1	0	-1.30219806060024	-2.1314989751664
AGGGCCTTCTCTAGCC-1	0	-2.18563664778896	-5.37896738708885
AGGGCCTTCTTGCATT-1	0	-0.934781440345722	-2.70140085876854
AGGGCTACAGAGGCTA-1	2	0.393076203020138	7.73796119033424
AGGGCTACATGAATAG-1	0	-2.9086963020248	1.16085113822548
AGGGCTACATTAGGTT-1	0	-5.85575593337246	-2.48983894050988
AGGGTTGCAAACATAG-1	0	-1.81544626578517	-0.0910980528679688
AGGGTTGCAACACCTA-1	0	-5.84185851439663	-2.65705834091576
AGGGTTGCAACGTGCT-1	0	-4.36195958480068	-4.27525888145836
AGGGTTGCACCTAATG-1	0	-4.5048295341415	-3.260208470234
AGGGTTGCAGGCAAGC-1	0	-3.11052096709438	-2.93670890987786
AGGTAACCACTTCATC-1	0	-3.35533488616176	-2.05266241491707
AGGTAACCAGGTTTGC-1	0	-1.73345936164089	-4.66775046051415
AGGTAACCATGGTTAT-1	0	-3.28020227774807	-3.45423327148827
AGGTACGCAAATACCT-1	0	-5.19087804183193	3.45225657760231
AGGTACGCAACCTGGT-1	3	10.5090573944169	7.552766221157
AGGTACGCAAGCGATG-1	3	10.4655746139603	8.43814315139381
AGGTACGCACGTGCTG-1	0	-2.33246649131008	0.321340220561902
AGGTACGCAGCTCAAC-1	1	3.79302989617161	-1.47454564035805
AGGTACGCAGTTAGCC-1	0	-2.97332061156459	0.862941640010754
AGGTACGCATCTTGAG-1	0	-4.42827714308925	-2.05553613365563
AGGTATTGTACCGGAT-1	0	-3.65299857482143	-1.4469480937806
AGGTATTGTAGGATCC-1	0	-5.88493502959438	-2.4943746155587
AGGTATTGTCCGGTTC-1	0	-2.26630223616787	-1.94554583490761
AGGTATTGTTAAGTGT-1	2	1.12119715586476	7.89329375564186
AGGTCAAAGCGCTCAA-1	0	-2.4145225368423	-4.02662621200951
AGGTCAAAGGTGAAAT-1	1	3.00576578751378	0.232446687808911
AGGTCAAAGTTAACCA-1	3	10.0071777023392	6.92369689284889
AGGTCAAAGTTATTCC-1	4	8.01602541580967	-11.5016447132912
AGGTCATTCATTTAGG-1	1	2.9753163971024	-0.481682283290942
AGGTCATTCCAGCACA-1	1	3.76717888489537	-0.0352353876915772
AGGTCATTCCGTTAAA-1	0	-5.65192712172695	-0.884925228962024
AGGTCATTCCTAATGA-1	1	2.739925972374	-0.010025007137378
AGGTCATTCGACCTGA-1	2	-0.11103022917934	8.08608378707496
AGGTCATTCGGTTTCC-1	0	-4.19920361861415	2.32265438376991
AGGTCCGGTCGCGCAA-1	0	-3.54620421752163	-4.10354672134789
AGGTCCGGTGTGAGAG-1	2	2.15399598255925	7.27642096816627
AGGTCCGGTTAGCCAA-1	4	8.39753185883336	-12.009432417759
AGGTCCGGTTGAATCG-1	2	3.26491462364964	6.85845889388649
AGGTCCGGTTTGGGCG-1	4	8.22723375931553	-12.5232521122781
AGGTCTTAGAATCGCT-1	0	-2.510238298027	-4.46234713257225
AGGTCTTAGACAAAGT-1	3	10.4164222396927	5.38463916122047
AGGTCTTAGCCGCTAA-1	0	-3.22879923209377	-1.73584024370583
AGGTCTTAGTATTGCA-1	0	-5.81937516555019	-1.16596958548697
AGGTCTTAGTCAATCA-1	0	-5.90091145857997	-1.50872482121857
AGGTGAATCAACAAGG-1	3	9.21448551789097	4.68349303542701
AGGTGAATCTTGTCTG-1	0	-1.97232616767116	-4.31957255066307
AGGTGAGGTAGTAAGA-1	1	3.24109326973729	-1.0485368198243
AGGTTACTCAAGCTTA-1	1	2.71631037369542	-0.105355364688953
AGGTTACTCCCGTTGT-1	1	2.93954097405247	-0.61909036100777
AGGTTAGAGCTACTGG-1	1	3.27324949875645	0.586614506832043
AGGTTAGAGCTGGAAA-1	0	-5.95995200499721	-1.39381585777672
AGGTTAGAGGGTGAAC-1	0	-4.94656909331508	2.73680724441139
AGGTTAGAGGTCCTGA-1	4	8.03226791992955	-11.3086134022561
AGGTTGCGTACGATTG-1	2	0.688210825623793	7.16086234389869
AGGTTGCGTAGCCTCC-1	1	2.6330609239655	0.142133730045239
AGGTTGCGTCAATAGT-1	1	3.4808894313889	-1.10695803672942
AGGTTGCGTTACCTGT-1	2	3.79435931816868	6.82307948409645
AGGTTGCGTTCGGGAT-1	0	-1.81231845244594	-0.488916677841266
AGGTTTATCATTTGCT-1	4	7.8490728057938	-13.1478296345559
AGGTTTATCCCGCAAA-1	0	-3.76093161925502	-1.58857090533646
AGGTTTATCCGGTATG-1	3	8.94198261872105	4.28727711974708
AGGTTTATCGAAGCGG-1	0	-4.74297536238857	0.899193423381726
AGGTTTATCTAACCAA-1	0	-1.64415539130397	-3.65522490204247
AGGTTTATCTAAGTCA-1	0	-3.61388219222255	-3.22469959915551
AGGTTTATCTAATCTC-1	0	-1.46457446440883	-0.53380302847298
AGGTTTATCTTGCATT-1	0	-4.67511571273037	-3.99140940369042
AGGTTTGGTATTCGCT-1	0	-4.8902784667892	-4.97538505257042
AGGTTTGGTCTAGCTT-1	0	-3.12126196250148	0.139109271160046
AGGTTTGGTGGTTCTT-1	0	-2.50608766898342	-2.58581720055016
AGGTTTGGTTCCGCAC-1	3	9.49028908386998	4.74645509063331
AGTAAACAGGGCTTAT-1	0	-1.48066008910366	-1.34199461103352
AGTAAACAGTTTGCGG-1	0	-2.06811965331264	-3.42381654442223
AGTAACACACCGTTCC-1	3	8.93427979126744	4.30993737517921
AGTAACACAGCAACAG-1	1	3.81437360420994	-0.0775652951088746
AGTAACACAGGACCTT-1	0	-1.50273216590114	-3.67350397766503
AGTAACACATAGACCC-1	0	-4.05426419600673	2.83557118712989
AGTAACACATAGCGAG-1	0	-4.9040724121017	-2.96510611236962
AGTAACCTCCGGCTAA-1	1	3.85732351914219	-0.588854891666492
AGTAACCTCGCTATGG-1	0	-3.41112340316005	2.06192793189613
AGTAACCTCGGGACTC-1	2	0.340841285141034	7.43355979262916
AGTAACCTCTTGATGA-1	1	3.05299030915074	-0.0579371279564698
AGTAACGAGAGCCGCT-1	1	-0.837416061012226	-0.41636214912804
AGTAACGAGGCGGATG-1	0	-4.33045924529262	-1.07829463989409
AGTAACGAGGCTGGCT-1	3	9.19183479920201	4.53094329177467
AGTAAGTAGACAAGTG-1	0	-1.44579017981716	-4.96638642013939
AGTAAGTAGCACGTTG-1	0	-3.95018065795131	-2.32005785168084
AGTAAGTAGCCATCAG-1	0	-1.44323838576503	-3.84401093185814
AGTAAGTAGCGCAATT-1	0	-3.55135072097011	-1.99969558180245
AGTAAGTAGGCTTAAC-1	1	3.2840481914597	0.0123528414878051
AGTAAGTAGTAAACCC-1	4	7.34351002350621	-12.860639197239
AGTAATCGTGCTCCGT-1	1	2.48695694580845	1.4974466735038
AGTAATCGTGGACCTG-1	0	-3.05644071921535	1.04488505660621
AGTAATCGTGTTTCAC-1	0	-3.85553229674526	-5.37191019714745
AGTAATGCAACAGGTG-1	0	-5.61440242156215	2.35731233893959
AGTAATGCAAGACTCC-1	0	-5.21753133162685	-1.30629946798952
AGTAATGCAAGCGATG-1	0	-2.3223332248611	-2.72348449886711
AGTAATGCATCAATCG-1	0	-3.09048498496242	-1.86660180748375
AGTAGCTTCAAGTGAG-1	0	-2.16648424491115	-0.129280788311084
AGTAGCTTCATCCACC-1	2	2.0743256725388	7.42838610946266
AGTAGCTTCGTGCCTT-1	0	-2.81903041228481	-2.01901678503426
AGTAGCTTCTCTAGCC-1	2	2.72116171494297	7.11775340377418
AGTAGGATCATAACCA-1	3	9.8747247375565	10.1113580638084
AGTAGGATCATTATGG-1	0	-5.01054681166835	-4.971647841343
AGTAGGATCCTAATTC-1	2	2.61434280052952	7.35729445754616
AGTAGGATCTGTGAGT-1	3	9.00048863068394	4.34709491073219
AGTAGGATCTTAGGAC-1	3	10.3846105255204	5.13565100967018
AGTATAGCAATTAGGA-1	2	-0.203840502349811	8.0045837336692
AGTATAGCACCTCACC-1	0	-6.00436986312099	-1.59820644319924
AGTATAGCAGTAAGTA-1	2	1.47894620075993	7.76229037582008
AGTCAAGAGAGAAGGG-1	3	8.8709930099564	4.24185504256813
AGTCAAGAGCTTACTT-1	0	-1.73530090674587	-4.69830213249596
AGTCAAGAGGCCTTAG-1	3	10.4213126815873	6.10685338317482
AGTCAAGAGTCAGGCC-1	0	-5.85209239348598	-3.10915504158409
AGTCAATGTGTGAGGA-1	3	10.5744889892655	5.22737492858497
AGTCAATGTTGCTTCG-1	0	-3.1982790313644	-4.59918437660607
AGTCAGGCAGCATGAG-1	0	-4.01379788741298	-1.61109237135323
AGTCAGGCAGTAGCCT-1	1	2.54420553818516	0.365513103595654
AGTCAGGCAGTTATGT-1	0	-0.6244367443008	-2.6434681242791
AGTCCTGAGGCGTAAA-1	0	-4.31535971984096	-4.13950572670372
AGTCCTTGTAGTTGGC-1	2	2.52385996952824	6.50720252334205
AGTCCTTGTTACCTGT-1	0	-4.71361029967495	-1.01816405118378
AGTCCTTGTTGGTTGA-1	3	10.0644096054154	8.14751662551491
AGTCGCATCACGAATC-1	0	-5.48603595122524	-1.41776585341366
AGTCGCATCACTAATG-1	0	-5.56075585707851	-2.14425329626473
AGTCGCATCCTCATCA-1	0	-0.188040383903461	-2.26044295490654
AGTCGCATCGGTCATG-1	0	0.650100226702017	1.61225189506141
AGTCGCATCTCAATAG-1	0	-4.49991238936611	2.88622369109718
AGTCGCATCTTAGTCT-1	0	-4.54506743773647	-4.09538231552513
AGTCGCATCTTGCAGG-1	1	3.58300434723668	-0.35293464125069
AGTCTTGCATGTCAGC-1	0	-2.24921573027797	-1.99867652119072
AGTGAACCACGTAATT-1	1	2.39356338158421	1.85741533576576
AGTGAACCATCCTGAA-1	3	10.5277656234818	9.40902842818825
AGTGAGTCACAGAACG-1	4	8.34619604721837	-12.9330268925515
AGTGAGTCAGTCTAAT-1	0	-4.26197875365444	-2.65788541496666
AGTGAGTCATCAGTAT-1	0	-4.04382575377651	-0.769524258979877
AGTGATGAGGGTGGAT-1	1	2.71302472725682	1.44380749999611
AGTGATGAGTTTCCGC-1	0	-4.06759799346157	-0.832180512556155
AGTGCACGTAAGCACC-1	0	-1.7211164318008	-4.21667442978295
AGTGCACGTCATCATC-1	2	3.23561917916111	8.04636325179664
AGTGCACGTGATGGCT-1	1	2.97536408081822	-0.651182097801288
AGTGCACGTTTCCACG-1	0	-5.37416232451625	2.84192933379738
AGTGCCGGTACGCGCA-1	1	2.97458445206456	-1.48501838506134
AGTGCCGGTCGAAGTC-1	0	-2.19516361579128	-2.55308423698815
AGTGCCGGTTGTTGTC-1	0	-4.88265002593227	2.52409018813698
AGTGCGGAGCAATAGG-1	0	-4.29012168273159	-0.0534163540688355
AGTGCGGAGCATGCAT-1	3	10.0725034393387	9.99230994521705
AGTGCGGAGCTAAAGG-1	5	-0.831705578414874	3.3593110018882
AGTGCGGAGGAGCAAC-1	0	-4.80823481902309	-0.724584502586444
AGTGCGGAGTTACTTC-1	2	2.3701180137711	7.32308139144508
AGTGGACAGGACCTGC-1	2	1.22451191321186	8.40864981948463
AGTGGACAGGAGCAAC-1	2	2.32320284024052	6.92850531875221
AGTGGACAGGGATGCG-1	0	-1.18498886450954	-4.13887129486473
AGTGGACAGTATCGCG-1	2	3.50127326622776	7.66171588241188
AGTGGACAGTTGTCCC-1	3	10.1584170974808	7.89483393966285
AGTGTGGCACAGAACG-1	0	-5.21350444182582	-3.79932151497277
AGTGTGGCAGCGCTTG-1	1	2.78903328553013	-0.738228691228946
AGTGTTTCAGAAATGC-1	0	-2.63198817595668	-2.54236791790398
AGTGTTTCAGTTTGTG-1	0	-3.52283109053798	-0.216097576030811
AGTTACATCAAATCGC-1	0	-3.36317838057704	-0.621054334053119
AGTTACATCCAAGTGT-1	3	10.6431516326981	9.61567153274147
AGTTACATCTTAGCCC-1	3	10.4135564483719	8.02390040694801
AGTTACTCAATGCCTA-1	0	-2.16500318869777	-2.52585910023125
AGTTACTCAGAAATGC-1	4	8.25571858063511	-13.1963430470315
AGTTACTCATCCCGCT-1	3	10.0721343673783	4.9557236605796
AGTTATGTCAAATCGC-1	1	3.27861963883213	-1.19227979700016
AGTTATGTCAGCACGC-1	3	10.2448419250565	9.82803572951881
AGTTATGTCCCGAAGC-1	0	-5.17498887404628	-3.47026167572411
AGTTATGTCCGTGACA-1	2	2.3794273056107	7.24277056991188
AGTTATGTCCTGATGG-1	0	-5.25099099501796	3.05154837905494
AGTTATGTCGATTTAG-1	2	-0.047199615089374	8.2221712046775
AGTTATGTCGTTAACA-1	0	-4.19526399001308	2.48676575957863
AGTTGCAGTTAATGAC-1	0	-4.4051562629623	-3.25077567757042
AGTTGCAGTTCGCGCT-1	0	-1.97943151816555	-3.48308430374535
AGTTGCGTCACAGACT-1	0	-4.19770921096035	1.57208670913307
AGTTGCGTCAGTATTG-1	0	-4.13822806700893	-0.961225671180804
AGTTGCGTCCATAAGC-1	0	-2.60809100493618	-1.60764227569969
AGTTGCGTCGCAGGCT-1	1	2.38496481552891	-0.927832109340747
AGTTGCGTCTTGACCC-1	1	2.27746259346775	1.72742451964943
AGTTGGCGTAATAGCT-1	2	1.31255000010304	7.08030547439186
AGTTGGCGTATTGTGG-1	0	-4.86287320479579	2.05360783874122
AGTTGGCGTCAAGTGC-1	0	-3.96783555373378	-0.907369149335941
AGTTGGCGTCACTCGC-1	0	-2.40700114592739	-2.51147161186608
AGTTGGCGTTGTTGGA-1	0	-0.353743322936969	1.24096741019813
AGTTGTCAGATTGAGG-1	0	-1.20097900256343	-1.7067786878434
AGTTGTCAGCATGTCG-1	0	-1.55577195510097	-2.99255905807885
AGTTGTCAGGACGTAA-1	0	-5.18475020751186	3.02492799102394
AGTTGTCAGGCCTGGT-1	2	1.19979511872105	8.00530280410377
AGTTGTCAGTATTGCA-1	3	10.5552447952347	9.70212020217506
AGTTTGATCATTTAGG-1	0	-1.08742333277889	-3.91661654175194
AGTTTGATCATTTGTC-1	3	9.68534504547886	5.5337265902671
AGTTTGATCCCATAAA-1	4	6.98722540512852	-11.6237855976907
AGTTTGATCCTAATAG-1	3	9.95613609925084	6.88170756637184
AGTTTGATCGATAACC-1	0	-2.62223399504848	1.213819163433
AGTTTGCAGGAGTCTT-1	1	1.89456736222081	0.196940081706921
AGTTTGCAGGCCAATT-1	0	-0.487010367958026	1.42802490531532
ATAACGACAGGTTTGC-1	1	2.28430318013005	0.0339373522910278
ATAAGCCTCACCGGTA-1	3	10.499584547432	7.36917723952858
ATAAGCCTCCCTGACT-1	0	-2.56731713637538	-3.06979368389519
ATAAGCCTCGTTACAA-1	0	-1.67778004035183	-3.64197383583458
ATAAGCCTCTGGCAAT-1	0	-2.94774354323574	0.770493882289807
ATAAGTCGTAACGGGA-1	0	-1.62489808425136	-2.31843994320305
ATAAGTCGTCCTTTAA-1	0	-2.59699881896205	0.644058960071484
ATAATGGCAAGGTAAC-1	1	2.85719739571385	0.221403496852795
ATAATGGCAGTTAAAG-1	1	2.12653731480412	1.80583562194435
ATACCGGTCATGCCTC-1	0	-5.48087085112758	-1.78419451177986
ATACCGGTCCGTTATT-1	1	2.33468829766087	-0.892744643100818
ATACCGGTCTAACTGA-1	1	3.04944264069371	0.306139844051282
ATACCGGTCTTTGACT-1	0	-2.31464160308071	1.19731964408485
ATACCTGCAAGGTGCA-1	0	-4.11274445876308	-2.72566781700524
ATACCTGCATAGCTTG-1	0	-4.45144284590908	-2.00473741949471
ATAGATGCAAATATCC-1	0	-1.53430689200588	-4.2427352494088
ATAGATGCAAGGGTTG-1	0	-3.2278360210342	-3.63434467972191
ATAGATGCAAGTGTTT-1	0	-4.79598582610317	-1.03864058614643
ATAGATGCACTATGGC-1	0	-3.07756317481227	-3.05586348236473
ATAGATGCAGCTACGT-1	0	-5.23747313842006	-2.7508717602578
ATAGATGCAGGTTACC-1	0	-2.88722289427944	-3.19524250687035
ATAGCATGTCACAAAT-1	0	-1.88289917334743	-2.38718496025475
ATAGCATGTCTTGCTG-1	0	-1.00312937125392	-4.29059205711754
ATAGCATGTGAAGCCT-1	3	9.81327282563023	9.7999528819236
ATAGCATGTGCGCGTA-1	0	-2.60532320365139	-3.18991099060448
ATAGCATGTTTCAGGA-1	0	-3.79233373030849	-3.43764410675438
ATAGGTACAAGCTACC-1	1	3.11207305565648	0.798705714336316
ATAGGTACACTCGCTC-1	0	-4.18742812499233	1.81149329482643
ATAGGTACACTTGTTC-1	0	-3.11309541091152	-0.587835056194385
ATAGGTACATTGTCCT-1	0	-2.60256327017971	-2.7147731608239
ATATAGGCATAAACCT-1	3	8.87601029053502	4.23685874282448
ATATAGGCATAGCGAG-1	3	8.95212971344761	4.26997365295021
ATATAGGCATCGTTCT-1	0	-4.3647624336166	0.594214218250195
ATATGCATCCCATAGG-1	0	-5.46773112639614	3.07902945815651
ATATGCTCAAGGTACG-1	2	0.221664807947201	8.31113089858619
ATATGCTCACCCTCAC-1	4	7.7821167625504	-12.5912567204324
ATATGCTCACGTAAGG-1	0	-3.10818518027492	-4.90319691360863
ATATGCTCAGAGAGCC-1	0	-3.06691468581386	-4.40093575180443
ATATGCTCATTGCGAC-1	3	10.5954412139969	5.8878263407859
ATATGGTGTAACCAGC-1	0	-3.04489887580104	-3.33288083732994
ATATGGTGTCACAGCG-1	0	-3.7770291648788	-2.41186152161034
ATATGGTGTCGTTATC-1	0	-4.01840270384975	0.0118754082831543
ATATGGTGTTACGCAA-1	0	-0.758953102676349	-2.58042023838433
ATATGGTGTTATCCTA-1	2	3.47423516884617	8.00328769027321
ATATGTCCACCAGGTT-1	1	2.92814480439	0.55611647903053
ATATGTCCACCTGGTG-1	0	-2.44973004683681	-3.73142014206322
ATATGTCCAGCCAGAA-1	0	-4.92823565825649	-1.9609861797181
ATATGTCCATGTTGGC-1	0	-5.82067883834072	-1.47955022514733
ATCAAGACAACCTAAT-1	5	-0.407713421432453	4.62462367354957
ATCAAGACAAGGTACG-1	0	-3.17611897811122	1.23850335418312
ATCAAGACAAGTAAGC-1	2	2.80043708458714	8.01767482101051
ATCAAGACAGTTTGGC-1	0	-2.15915287360378	-2.71046815575035
ATCAAGCTCCTAGTAA-1	0	-4.43588984831996	-2.52398715675743
ATCAAGCTCCTAGTCC-1	1	2.10364185944371	1.96908034621803
ATCAAGCTCGTCATTT-1	2	0.178785256298108	7.96908511458961
ATCAATCCAACACCTA-1	0	-4.88384402617641	2.86530913650123
ATCAATCCAAGCCAGA-1	0	-4.91873038634487	-2.23383472622307
ATCACAATCAGGTTTA-1	0	-1.428207048027	-2.64779017628105
ATCACAATCATTACGA-1	1	3.55095039978795	-0.163891894229968
ATCACACAGCACCACA-1	0	-1.25550616606899	-4.70364056290062
ATCACACAGCGGGCAA-1	0	-3.01301515921779	1.19183983146278
ATCACACAGTTATCTC-1	0	0.117525748165173	1.48881782828895
ATCACCCTCGGTTAGT-1	0	-3.92537272795864	-1.2845633974758
ATCACTAAGAGGATAT-1	0	-1.36820352896877	-0.597523850807269
ATCACTAAGCTGTCAG-1	0	-5.32982838973232	2.29213418304054
ATCACTAAGGCATGTT-1	1	2.96128546372227	0.0204390460166137
ATCACTAAGGCGGGTA-1	0	-2.52435458525844	-1.25793898613127
ATCACTAAGGGTGAGT-1	0	-2.21543444022365	-2.57518599689873
ATCACTAAGGTGCTGC-1	1	2.86639749184422	-0.308607382186969
ATCAGGTTCAACAAGG-1	0	-3.03653848990627	-0.88247827948006
ATCAGGTTCACTTTAC-1	0	-3.71888936385341	-2.19853971661003
ATCAGGTTCAGCACCA-1	0	-5.22486508712001	-2.16369293392571
ATCAGGTTCCAGGTTG-1	0	-2.27840197905727	2.02551807700721
ATCAGGTTCCATCAGG-1	0	-1.58531940802761	-0.477530402549823
ATCATCAAGGCTATGT-1	4	7.96631657257847	-13.2393508976785
ATCATCAAGGGACGCA-1	0	-4.64145959243007	-1.85815910757454
ATCATCAAGTGAACAG-1	2	4.08166658058934	6.37099398910133
ATCATGTCAAGGACCA-1	0	-2.46595061644741	-4.67631469429405
ATCATGTCACAGCCAT-1	3	9.88256012574009	6.94776477157203
ATCATGTCACAGGAAT-1	0	-5.16047728881069	-0.795676780351718
ATCATGTCACATAACT-1	0	-1.52816785201259	-4.20893345535668
ATCATGTCACCTGCTC-1	0	-4.50427878722377	-2.48231647671135
ATCCAACAGAGGAAGG-1	0	-4.5662251792831	-4.09407578171166
ATCCAACAGAGGATAT-1	0	-5.29300702437587	-4.51680217445763
ATCCAACAGGAACACA-1	0	-3.55764449462123	0.235768454662244
ATCCAACAGGAGCAAC-1	0	-5.41940034255214	-4.24851070106896
ATCCAACAGTTTCCGC-1	0	-4.95017493590541	3.21493853866188
ATCCACCTCATAACCA-1	0	-3.24811161383815	0.4742920571479
ATCCACCTCATAATCG-1	1	3.4595841087418	0.212640898815076
ATCCACCTCCGCCTCA-1	2	0.677655244434101	7.32142962752907
ATCCATAAGCGATACT-1	0	-4.42517531737514	-4.70053516090782
ATCCATAAGGAGCATA-1	4	7.73533093109898	-13.2984729832497
ATCCATAAGTTTGTCT-1	0	-3.72717488631435	-2.70905123413475
ATCCCGCGTAATCGGC-1	0	-3.49883426055141	0.609226482501904
ATCCCGCGTAGGTGTC-1	0	-4.05035985335537	2.93328465758888
ATCCCGCGTGAGCACT-1	3	8.9658006347733	4.30716695129005
ATCCCGCGTTAACGGC-1	0	-5.16794789656826	-2.30762122333916
ATCCCGCGTTGCATCT-1	0	-3.85517466887661	-2.95285580814751
ATCCCGCGTTGTGACA-1	0	-5.06951392516323	-3.61282573402794
ATCCGTGAGACAAACG-1	0	-2.73233641013332	-4.77054892242821
ATCCGTGAGACTAAGG-1	0	-3.77475655898281	-1.35803791643055
ATCCGTGAGATAACCC-1	0	-0.679045804588275	-1.88862912119301
ATCCGTGAGCTGGAAA-1	0	-2.65598071440883	-4.52548633278282
ATCCGTGAGGGTCTAT-1	0	-3.30012811049648	-2.24462948501976
ATCCTCATCAAATCGC-1	0	2.26635550633244	0.526485460391919
ATCCTCATCCAACTGG-1	1	3.94071780815892	-0.348121387371143
ATCCTCATCCGCACAA-1	0	-4.6250048957748	-2.90004299343499
ATCCTCATCGTTAACA-1	0	-3.04590881690212	-3.65532074631127
ATCCTCATCTAACTGA-1	3	10.5064576782303	8.40711535750953
ATCCTCATCTAAGTCA-1	1	3.17851030007176	-0.498234433540424
ATCCTCATCTGGTCCT-1	2	1.07319652214817	8.39880885421364
ATCCTGACAAAGCTCC-1	1	2.46892856732182	-1.11707887560995
ATCCTGACAGTTGCGT-1	3	10.5059045471268	8.26628436385719
ATCCTGACATTTAAGC-1	3	10.1195672668534	8.35611476241676
ATCCTTAGTTCAAGAT-1	0	-3.0654014430923	-1.454429132351
ATCGAGGCAATCGCAC-1	0	-3.25866354331203	-2.71456299484642
ATCGAGGCAATTGCGC-1	0	-3.76168311461635	2.5378941470298
ATCGAGGCAGATAGAC-1	3	10.2187045730668	5.90362443267433
ATCGAGGCATGTTGGC-1	0	-3.58521808013149	-2.83529685200127
ATCGAGGCATTAAAGG-1	0	-2.07148397788234	-3.08976708115013
ATCGCCCGTAACTACG-1	0	-0.907190927116352	-2.02056960523995
ATCGCCCGTATTGAGT-1	1	2.35279964581303	-0.918959063896259
ATCGCCCGTCCTTAGT-1	1	3.39833652153782	-1.47306231916817
ATCGCCCGTGGATTAT-1	0	-2.66581023558803	-3.18407545746239
ATCGCCCGTTACTTGC-1	0	-1.04335845336147	-1.77658532322319
ATCGCCCGTTAGTACG-1	1	3.2833112396317	0.699896948924939
ATCGCTTGTCACCAAA-1	1	1.60672806874089	1.9754899912986
ATCGCTTGTGGAAGGC-1	1	2.14325677529149	1.95327081023781
ATCGGCCAGATGGAGC-1	0	-4.69893277510829	1.75482882796852
ATCGGCCAGTCATGCG-1	0	-0.996327766029315	-4.16866527260216
ATCGGCCAGTCTCACC-1	0	-3.33010829314418	-0.875357282766422
ATCTATGAGACAAACG-1	0	-5.67168105467983	-1.02762748063477
ATCTATGAGAGAGCCG-1	3	10.2758210815506	5.40820874511329
ATCTATGAGAGCAAGC-1	0	-5.23224461898037	-1.67853502691658
ATCTATGAGCACAGCC-1	0	-5.20354426726528	2.5464698249015
ATCTATGAGCCAAATC-1	0	-2.99517525061794	-0.100613099941333
ATCTATGAGGACAATG-1	0	-2.25633109435268	-2.2771408385125
ATCTATGAGGTGTTAC-1	0	-2.85449350699611	-3.22980843246849
ATCTATGAGTAACTCA-1	0	-4.93980611190029	-2.08830742300423
ATCTATGAGTCACTCC-1	0	-4.82835734709926	-3.61064158142479
ATCTATGAGTTACCGG-1	0	-4.63300479277797	-0.414620382198413
ATCTTTGGTAAGCACC-1	0	-1.96562803610988	-5.60952149094017
ATCTTTGGTGACATAT-1	3	10.024052969368	9.22621764480201
ATCTTTGGTTTCGCGC-1	1	3.3444205440598	-1.15626353532942
ATGAAGCCACCAACCG-1	2	2.52144538536839	6.677033799282
ATGAAGCCATTATCCC-1	0	-4.87024939879604	-3.81214581192406
ATGAAGCCATTATGAC-1	3	10.4275077499466	6.71971740066139
ATGAAGTAGACAACGA-1	0	-5.78500903472133	-2.80912600220116
ATGAAGTAGCACTAGT-1	0	-1.3145811639709	-2.43794010342034
ATGAAGTAGGCTACTG-1	0	-4.33564151152797	2.56010760604469
ATGAAGTAGGTTTGCG-1	0	-2.24315441474147	-3.0201976126519
ATGAAGTAGTCATTTC-1	0	-1.73720587119289	-1.99979321421059
ATGAAGTAGTTAGCCG-1	0	-4.66729796752163	-1.89745484054955
ATGAATGCAATTGAGA-1	0	-1.00190401896663	-2.23797867954644
ATGAATGCACGAATCC-1	0	-3.11731875762172	-4.84240828216942
ATGAATGCATAAGGAC-1	0	-3.96060527190395	-4.9302934235421
ATGACAACAGGTATTT-1	0	-2.14961303099819	-5.54408322037133
ATGACCAGTCACAAAT-1	0	-2.25059879645534	-1.48087228597077
ATGACCAGTCAGGCAT-1	0	-4.63626540526577	-2.85573409260186
ATGACCAGTCAGTAAT-1	0	-5.71241725310512	-1.05634866417321
ATGACCAGTGCGCAAT-1	0	-4.13371432646938	-2.18649516762169
ATGACCAGTTAAGGCC-1	1	2.70523273125462	-1.40003241361054
ATGACGAAGCACGTTG-1	5	-0.0525778017921023	3.75115527450172
ATGACGAAGGCAATAG-1	0	-2.28795541152187	1.97491683303444
ATGACGAAGGGATGAC-1	0	-4.12230933531948	-2.56418619812401
ATGACGAAGTTAGACC-1	1	3.16604029312901	0.309080379596631
ATGACTCAGATGGACA-1	2	0.541177011282963	8.46413554488746
ATGACTCAGCAAGGTA-1	0	-5.13780892714687	-2.91869722069176
ATGACTCAGTCAGGCC-1	1	3.93451558724217	-1.32209637523564
ATGAGCCGTAGCTAAT-1	0	-4.23533070906826	-1.83132712305458
ATGAGCCGTCACAGAC-1	0	-1.59847439154811	-2.9655809229699
ATGAGCCGTCCTCCAA-1	0	-1.41174019202419	-1.03509628535183
ATGAGCCGTGCGCAAT-1	2	0.0338968552666136	8.04462661086647
ATGAGCCGTGTTTGAG-1	0	-1.97493685111232	-1.02415367723378
ATGAGCCGTTTATCGC-1	2	3.39402972832493	7.46453704177467
ATGATGACACTATGGC-1	3	10.120376936348	6.47897710143654
ATGATGACATTTGCTC-1	3	10.0552800811844	8.46655310927955
ATGATGGAGAGAAGGG-1	2	1.50960581675343	8.01344336806862
ATGATGGAGCGCAATT-1	0	-3.07451070174404	-0.945714247831424
ATGATGGAGGCCTGGT-1	0	-2.24017275199123	-2.43284593284996
ATGATGGAGTCCTTCA-1	3	9.61049400940709	7.47842349349586
ATGATGGAGTTTGCGG-1	5	-0.601709612457233	4.13283051787941
ATGCAAACACCTACTT-1	0	-1.89369166716762	-1.61782295764359
ATGCAAACAGCAGGTA-1	5	-0.451058872787433	4.45838441192238
ATGCAAACAGGATGGC-1	0	-5.27501023635097	-2.28918550671013
ATGCAAACAGGCTTGT-1	0	-1.02013660296627	-2.90001056850823
ATGCAAACAGTATGTT-1	2	0.558638132365269	8.39657630263893
ATGCAGGCAATACTGT-1	2	1.53898405209355	7.81611384688942
ATGCATTCAACCCTAA-1	0	-3.68944753035732	-3.96831236542137
ATGCATTCACTTGTTC-1	3	0.0826275862770506	-1.82722316444786
ATGCCTGAGCAATAGG-1	0	-2.89604056700893	-0.555610520252307
ATGCCTGAGCTATTGA-1	2	0.544112450631184	8.20981921493141
ATGCCTGAGGCGGATG-1	2	0.953594259174389	8.12443007766334
ATGCCTGAGGTAAGCA-1	0	-2.75607121810146	-3.10251520336541
ATGCCTGAGTGATTCA-1	0	-3.80775988921352	-4.78978357971581
ATGCGATTCAATGTCA-1	0	-3.4702574096603	-4.03342996300133
ATGCGATTCCTCCATA-1	3	10.4394744552689	4.86800135909645
ATGCGATTCGTTTCCA-1	5	-0.498222597686725	4.21721877395241
ATGCGATTCTTGGATA-1	0	-0.7851713977737	1.22431625663368
ATGCTTAAGTCATTTC-1	4	8.46266113892369	-12.772465330967
ATGGACAAGCCTGGTA-1	0	-3.14794195517726	-3.29647026718529
ATGGACAAGGGACTAA-1	0	-1.41636408194728	-2.36338697136315
ATGGACAAGTAACCCG-1	0	-4.20022834166713	-2.1127315586892
ATGGCCCAGTAAGAAC-1	0	-0.696802147476154	-2.53011797130974
ATGGCCCAGTTGTCTT-1	0	-3.33137381896205	0.388184207073132
ATGGCCGGTAATCCCT-1	0	-3.51016438826747	-2.65747557342919
ATGGCCGGTATTGTCC-1	4	8.57052599564366	-10.3760782307473
ATGGCTAGTTAAGCGC-1	0	-4.88744557723232	-3.66253266991051
ATGGCTGTCCAGGTTG-1	0	-3.16403234824367	-2.90385626018914
ATGGCTGTCCTGAATA-1	0	-5.56597054824062	-1.3462102091399
ATGGCTGTCCTGAGTG-1	0	-0.999448426811176	-3.71429954231652
ATGGCTGTCTAAGGAG-1	1	3.1644307293015	0.0784360343131225
ATGGCTTAGACTTATG-1	0	-4.41467822417446	2.68329204856483
ATGGCTTAGCAAGGGT-1	0	-1.85242260321804	-2.86185393989952
ATGGCTTAGCGGCTGT-1	3	10.4941695846634	5.23054446517555
ATGGCTTAGGCACAGG-1	0	-2.39309156760402	-3.71523461998375
ATGGTCTAGCGGATAA-1	3	10.3832420028763	9.91803874312965
ATGGTCTAGGCCTTAG-1	3	10.1096748031693	10.0282100611839
ATGGTCTAGGCTGTGC-1	0	-4.34816182479091	-0.817433608182986
ATGGTCTAGTAAGTCC-1	0	-1.56274832114406	-2.47564075649651
ATGGTCTAGTTATGGC-1	1	2.98610436096959	-0.740515632042011
ATGGTGCGTACAATGT-1	0	-5.77630580290981	2.60620941459266
ATGGTGCGTGACCTGG-1	0	-2.19141996726223	-4.80408392609032
ATGGTGCGTGCTAGCG-1	0	8.35043703690342	-10.4626699513284
ATGGTTATCGAAGTGA-1	0	-4.81773579940029	2.73073686896888
ATGGTTATCTCAATGA-1	0	-3.40848601683803	-4.08046255768212
ATGGTTATCTTGCTAT-1	0	-2.53425396308132	-1.00424484671028
ATGTAACGTCAGGCCA-1	2	3.28446494713597	7.00741805373756
ATGTAACGTTCCGGGA-1	0	-2.13140190467067	-5.65694676102074
ATGTAAGCAGCTAACC-1	0	-4.1407405219955	-1.00710747898491
ATGTAAGCATAGTCAT-1	0	-2.1567968212051	-0.121528250583728
ATGTAAGCATCGCTCC-1	0	-3.16572893485256	-0.234180015930255
ATGTCAATCCTTTACG-1	3	10.554461828621	6.04514207183449
ATGTCAATCGAAGTGA-1	0	-5.72861111983486	-3.05755243957909
ATGTCAATCGACAAAG-1	0	-0.228466816989856	-2.01235000551613
ATGTCAATCGTAATCA-1	0	-4.85244525298305	-0.731675905593951
ATGTCAATCTAAGTCA-1	3	10.5621484436112	6.46106614410011
ATGTCATCACATACTG-1	0	-2.19250310286708	0.240009205928723
ATGTCATCACGTAAGG-1	1	1.81486152783207	1.83620847999183
ATGTCATCAGCGCTTG-1	1	2.76759969368748	-0.138764364132007
ATGTCCACAATGAAGC-1	0	7.65768467560582	-11.3306499546853
ATGTCCACACAACAAA-1	1	2.28961598053746	-0.804148477920612
ATGTCCACATGAATCT-1	0	-4.48533261641689	-0.420548600563129
ATGTGAGAGAAAGCAT-1	0	-3.67481339797206	-0.515147013076862
ATGTGAGAGCGAGCGA-1	0	-3.87447560652919	-0.677562577137073
ATGTGAGAGCTTCTCA-1	0	-3.45856107100673	1.82150282203285
ATGTGAGAGTAGGATG-1	2	0.501993498952908	8.00446643172828
ATGTGAGAGTTAACCA-1	0	-3.60338986739345	2.38156213103859
ATGTTCAAGGCTGTCA-1	0	-4.9540573440475	-3.00458906353386
ATGTTGTCACAAAGAC-1	2	0.483476749809308	7.73133887588112
ATGTTGTCAGAAACGT-1	0	-4.63337577208705	2.9253715449485
ATGTTGTCATAATCAC-1	0	-2.39161742552944	-5.56176529587181
ATGTTGTCATAATGTC-1	3	9.25721680298619	9.49234332381813
ATGTTGTCATAGCAGG-1	0	-1.18023134097286	-2.36765943230065
ATGTTTGAGACACTTA-1	0	-5.36829627379604	-2.06582306087883
ATGTTTGAGCACGATT-1	0	-4.68779910430141	-0.277745706447681
ATGTTTGAGCTTTGTT-1	0	-5.48297751769252	-0.416882914909442
ATGTTTGAGGACAACA-1	3	10.0290511764603	7.6407445841941
ATTAACCCAGGCTACT-1	3	9.88807617798619	10.026362794033
ATTACCCGTGAGAAAC-1	0	-2.22105038985439	-2.98440550030144
ATTACCGCAATAGTCT-1	1	2.32294892445378	2.06741036712257
ATTACCGCAATGCCTA-1	0	-4.82515776976772	-2.36725090206536
ATTACCGCAGACAAAC-1	0	-5.78416312560268	2.72750343619911
ATTACCGCAGGAAGCC-1	4	8.50100790634922	-13.0969368046609
ATTACGTCACAAGCCT-1	0	-4.0859628997726	-2.63791130245598
ATTACGTCAGAGGGAG-1	1	3.80719005242161	-0.661660177120288
ATTACGTCATAGACCC-1	0	-3.74507058486171	-4.12345562637718
ATTACTGAGAGAAGGG-1	3	10.3990091003495	7.08711184798805
ATTACTGAGGAAGCAC-1	1	3.64012443199925	0.273112671962659
ATTACTGAGGCTCATG-1	0	-3.7721725784225	2.63240756332008
ATTACTGAGTTGGATC-1	0	-1.37446034774013	-2.16607974232109
ATTAGCGGTTTGTGGA-1	0	-2.4109209857864	-1.13898955420526
ATTAGCTCAAACCCTA-1	3	9.35114514008336	9.44933165847389
ATTAGCTCAAGCTAAA-1	1	2.22871696129612	2.06397618590919
ATTAGCTCACCTACTT-1	0	-5.79863036498256	-2.79597101868065
ATTAGCTCACTAGCGT-1	0	-5.26447642668911	-1.71266703070076
ATTAGCTCATTGTCAG-1	0	-5.0242592178268	-0.772439492353519
ATTAGGTGTACGGTAC-1	1	2.79145275727086	1.40173258124916
ATTAGGTGTGGATTAT-1	0	-2.38283646926113	-1.43595294416817
ATTAGTCCAGTAATAG-1	0	10.4641469635086	9.00954379378883
ATTAGTCCATAATCCG-1	0	-3.52123988494106	-2.03093974054726
ATTAGTCCATGAGTTT-1	0	-3.53616536482997	1.31551350890724
ATTATCCTCACCAATA-1	0	-5.51368726119228	-2.4767919606057
ATTATCCTCATGGCCA-1	0	-5.45632136687465	-3.31421528519066
ATTATCCTCATTTGTC-1	0	-3.25234759673305	1.07668556510536
ATTATCCTCCCGCATT-1	4	8.31895386353306	-10.7093921727029
ATTATCCTCCGGTTGA-1	0	-0.625799664108234	-3.38257370651635
ATTATGGTCACAGCCA-1	0	-4.59257377013393	3.23322810470192
ATTATGGTCATAATCG-1	2	3.6956144489365	6.91313590346901
ATTATGGTCATGACCG-1	3	10.7181028045731	8.72534026443092
ATTATGGTCCTAAGGT-1	4	8.01148783341221	-11.2960420674172
ATTATGGTCGGTCAAT-1	0	-3.36931575164028	2.01943816482155
ATTATGGTCGTGCTTC-1	1	1.69270228520207	2.04652489959327
ATTATGGTCGTTAGTA-1	0	-5.29754317626186	-3.33213935554894
ATTATGGTCTTGCAGG-1	3	10.1319364227372	8.3375562602195
ATTCAACCAACCTGGT-1	2	2.46362792626194	7.25631655990211
ATTCAACCAAGGTACG-1	0	-1.16602099761196	-3.32698927582177
ATTCACTTCAATACGC-1	0	-4.96526873931118	3.15416230498878
ATTCACTTCCAGGGAG-1	4	6.88936459198765	-11.6209627217141
ATTCACTTCCCTGGAA-1	0	-1.55585182532497	-0.384403509506305
ATTCACTTCGGGACCT-1	1	3.73674546852879	-0.0431661433068116
ATTCACTTCTGTAATG-1	2	2.1934263624268	7.30328597365944
ATTCACTTCTTTGACT-1	0	-3.78427518233486	-3.67175779999169
ATTCATGAGACACCGC-1	0	-5.77968467101284	-2.13903824747475
ATTCATGAGGAGTAAT-1	0	-3.18728769644924	0.576423423877637
ATTCCGGAGACAACGA-1	3	10.4304765380936	6.68370475112526
ATTCCGGAGCTCGCTT-1	2	3.84158908501439	6.46211852370826
ATTCCGGAGGGACGCA-1	0	-0.965735801307636	-2.33122513950737
ATTCCTAGTCTTTGAC-1	3	8.75925385132603	9.10527457534401
ATTCCTAGTGAAGCCT-1	0	-3.02502764090725	-3.90882836044701
ATTCCTAGTTATCGAG-1	0	-1.07560432776638	-4.1010001725045
ATTCCTAGTTTAGCGA-1	0	-2.7188118778152	-2.27767775715264
ATTCCTCCACCTCACC-1	4	8.57685219422154	-10.3132616108743
ATTCCTCCAGAAACGT-1	1	2.52679371014409	-1.51677666366967
ATTCCTCCATAAGGAC-1	2	1.19736384526066	8.09846343337623
ATTCCTCCATGAGTTT-1	0	-3.0970302902145	-2.56971071422966
ATTCGTTTCAAATCGC-1	1	2.28859495297245	-0.890552712091525
ATTCGTTTCATGGCCA-1	1	2.82343422547154	-0.391987187275012
ATTCGTTTCGCTATAA-1	0	-4.06548751219936	-0.790119898923953
ATTCGTTTCTCACTAT-1	0	-5.50302232131191	-1.30651995302113
ATTGAAGCAAACTGCC-1	1	2.74381553307347	0.644064443698804
ATTGAAGCAATTTAGC-1	0	-3.19121230467983	0.812767761341016
ATTGAAGCACCTCGCT-1	0	-4.41636813506313	-2.93735109032067
ATTGAAGCAGTAATAG-1	3	9.00045048371129	4.34903611480324
ATTGAAGCATGTGGGA-1	1	2.44115482941441	1.60158480941383
ATTGAAGCATTGACAT-1	0	-3.73355639800258	-3.5244644707528
ATTGACTCAGGAACTG-1	0	-3.63468135222621	0.852798598400037
ATTGACTCAGGCTGTT-1	0	-2.03009761199184	-0.347957355388721
ATTGCACAGCTACTGG-1	3	10.6250537551957	5.28741778670875
ATTGCACAGGAGTCGG-1	2	0.437909371407551	7.65503634749977
ATTGCACAGTTGGGCC-1	2	2.02928160801701	7.11791171371071
ATTGCAGGTAAGCTTG-1	3	10.3761018432694	5.42373313247291
ATTGCAGGTGAGCACT-1	0	-3.66788113936611	-3.7071226662484
ATTGCAGGTTAATCGG-1	3	9.54056870117955	9.81626834212867
ATTGCAGGTTAATGCG-1	1	3.52518307343296	0.449828284374158
ATTGCAGGTTGTTGTC-1	0	-4.45132125243373	-3.00187037647637
ATTGCGCCACAAAGAC-1	0	-2.42915190085598	-0.710299623617252
ATTGCTCGTAGGATTT-1	3	10.4761155761795	5.90070523559181
ATTGCTCGTCTATCGT-1	3	10.0456937469559	10.2348712855491
ATTGGCTAGGGTTATC-1	0	-3.60452235564418	2.56397022544471
ATTGGCTAGGTCGAGG-1	4	8.08982788697056	-11.1156326359597
ATTGGTTCACACTAAT-1	2	3.96502267494969	6.48763026534645
ATTGGTTCACGAATCC-1	0	-1.14764881953426	-3.6972509449807
ATTGGTTCATAGCTTG-1	2	0.162007442863507	7.97284831344215
ATTGGTTCATCCCGCT-1	0	-0.904230722038227	-4.10254440964134
ATTGTCCGTAGGTGTC-1	0	-4.94567120894619	-1.94051705063256
ATTGTGATCCCGCAAA-1	0	-2.52597225531765	-3.1228120154229
ATTGTGATCTGGCTTC-1	0	-5.29059851988979	-3.42886243523033
ATTGTGATCTTAGTGA-1	0	-2.60723985060878	-4.79222355545433
ATTGTGATCTTGATGA-1	0	-5.78840411528774	-3.31323633850487
ATTGTGATCTTTAAGG-1	0	-0.79640198573299	-2.1035249060479
ATTTAGCCACAACAAA-1	1	3.57545768395237	-0.723120999940952
ATTTAGGTCAGCACGC-1	0	-1.53390634879299	-3.64796457947167
ATTTAGGTCTGCAAAC-1	0	-2.3726011596603	-3.39052997291954
ATTTAGGTCTTAGTCT-1	5	-0.407953389732318	4.55975426971046
ATTTGCAAGGAAGTAT-1	0	-3.89022267684169	-0.921337736257632
ATTTGCAAGGCGGGTA-1	0	-5.69712985381313	2.76039447127906
ATTTGCAAGGCTAAGA-1	0	-4.36238587722011	-3.456093651661
ATTTGCAAGTCTTGAA-1	0	-0.914089926330524	-1.6482285982457
ATTTGCAAGTTGTCCC-1	0	-1.18673361167141	-1.69891516626747
ATTTGCGCAACTAGGG-1	4	7.33856188431553	-12.9877630299416
ATTTGCGCATAAGGAC-1	0	-3.53495562895961	-3.0198520249215
ATTTGCGCATGAATCT-1	0	-3.32460416182704	-1.09129567206772
ATTTGTGAGCCGGTAC-1	0	-4.97808993682094	-4.65841804207238
ATTTGTGAGCGGGCAA-1	0	-5.25229037627407	-0.889340115198215
ATTTGTGAGGGACGCA-1	0	-3.09102238043972	-3.15073953331383
ATTTGTGAGTCATTTC-1	0	-2.11749780997463	-2.72325251758965
CAAACAACAAAGCGCA-1	0	-4.58710301741787	3.02126302062599
CAAACAACAATCATGT-1	0	-1.38620293959804	-3.29775081337365
CAAACAACAATTAAGG-1	0	-4.51725257262416	2.48291577636329
CAAACAACAGTAAAGC-1	0	-1.93997777327724	-5.18364606560143
CAAACAACATAATGTC-1	0	-2.19104207381435	-2.14432482183846
CAAACAACATGGTTAT-1	3	10.3383058227616	9.38146247207252
CAAACACTCAGGATGA-1	0	-3.19785726889797	-0.0964565104332764
CAAACACTCTAAGTCA-1	0	-1.1619135223312	-0.929629278787692
CAAACACTCTGTGAGT-1	2	1.93874477520756	7.07883014022438
CAAACATGTGGATTCA-1	0	-1.06171799525447	0.675055759540478
CAAACATGTTAAGGTT-1	0	-4.39585698470302	2.50508059798805
CAAACATGTTCCTGAT-1	0	-2.74250305518337	-4.88351045311363
CAAACATGTTGAGCCG-1	2	2.14014314785771	7.16220130263893
CAAACATGTTGTTCAC-1	4	8.01949917450718	-12.2902313298074
CAAACATGTTTACTTG-1	0	-3.99967492446132	-2.81091986359032
CAAACCGTCAAACCGT-1	1	3.36858998909764	-1.18405842264118
CAAACCGTCGAGCAAA-1	0	-2.32846248969265	1.32090081512062
CAAACCGTCGATCAGT-1	0	-4.98400748595424	2.35317148505775
CAAACCGTCTAGCGAT-1	0	-5.7935143791122	-1.3431593751994
CAAACCGTCTCACTCA-1	0	-2.18515694960781	-1.40160569311055
CAAACGCGTACGCGCA-1	0	-2.59174621924587	-3.87217293442162
CAAACGCGTAGTCAAT-1	1	3.53866993561558	-1.22615450383099
CAAACGCGTCTAACAG-1	0	-2.39179385527797	-0.243435186752399
CAAACGCGTGTTAGCA-1	0	-3.73302758559413	1.90520228683082
CAAACGCGTTAGGCTA-1	0	-4.52055562361904	0.808317678562085
CAAACTGGTGTGTGGT-1	0	-0.944730170814472	-2.90620527923973
CAAACTGGTTAAGTGT-1	4	8.15843521729283	-12.8209711140481
CAAACTGGTTGGCGTG-1	2	2.30938481465153	7.29324187575905
CAAACTGGTTTATGGG-1	3	10.7525981582718	8.68608702956764
CAAAGCGCACACCAAC-1	5	-0.561247833816486	4.15079392730324
CAAAGCGCACGAATTT-1	0	10.1281560577469	10.0917333537254
CAAAGCGCATAAGTTC-1	2	-0.0136424384994082	7.79212607680885
CAAAGGATCACGCATG-1	0	-0.638748773185687	-4.24413095177086
CAAAGGATCCAAACAC-1	0	-2.53962910994716	-4.91686783493431
CAAAGGATCTGGTCCT-1	0	-0.164844580738025	1.24016727744667
CAAAGTGAGTAAGAAC-1	4	7.96049725189976	-13.0508667057839
CAAATCATCACGAATC-1	0	-3.50896228179164	1.99867667495338
CAAATCATCGCTAAGT-1	0	-4.98296893462368	1.91498293220131
CAACAATGTAGTTGGC-1	1	3.64800774231724	-1.19738662284734
CAACAATGTATTGTGG-1	0	-0.119735785572009	1.60174955665199
CAACAATGTCACCAAA-1	0	-5.56722701415248	3.05474080382911
CAACAATGTCCTTCTC-1	0	-4.29976094588466	-4.40476999939354
CAACAATGTTAGGTGC-1	0	-3.20593155249782	-3.44751082123192
CAACAATGTTGTTGCT-1	2	1.2354739226418	8.02888430892555
CAACAGGCAGAAACGT-1	0	-5.66793311461635	-1.23223057896765
CAACAGGCATAATCAC-1	3	9.03809296265416	4.39136447249977
CAACCCGCAAGCGATG-1	0	-2.02045310363002	-0.115183336147388
CAACCCGCACAGGAAT-1	1	3.76577626839451	-0.952799437054713
CAACCCGCAGAATGAC-1	0	-5.10654128417202	2.59444870292274
CAACCCGCAGCCAGTT-1	1	3.81788145676426	-0.62996385754021
CAACCCTTCAATGTGC-1	0	-3.34303201064296	-4.63385687530907
CAACCCTTCACTAGGT-1	0	-3.86344874724575	-2.07105330885323
CAACCCTTCTTAAGTG-1	0	-3.8136936508102	-3.91892514885338
CAACTAATCAATGAGG-1	0	-4.75349439009853	-1.35271256924542
CAACTAATCCGTCCAT-1	0	-2.17298067435451	-2.86083291233452
CAACTAATCCTCATCA-1	1	2.03241597786717	-0.777524304994663
CAACTAATCGCTATAA-1	0	-3.93025601729579	-0.934334588655551
CAACTAATCGTTATAG-1	0	-5.49902118071743	-0.700307739385684
CAACTAATCTAACCTT-1	3	10.3893273986893	6.29738892852394
CAACTAGGTAAGGTCC-1	3	9.99675594940953	8.43287219344703
CAACTAGGTGTTTGAG-1	2	1.79691707268528	7.87191905318825
CAACTAGGTTAGTTGG-1	0	-3.00612247809597	-3.65629659355553
CAACTAGGTTTGAGGC-1	0	-5.01610816344448	3.17511929809181
CAAGAACCACTAAGTT-1	2	2.25052427426152	7.47199000655739
CAAGAACCAGTTATCG-1	0	-1.12053752764888	-4.40721975029381
CAAGAACCATAATCAC-1	2	3.8515416301804	6.23342313109962
CAAGACAAGGGTCCAC-1	0	-3.7524577461166	1.78566707908241
CAAGACAAGTACTGGT-1	0	-5.05822146758266	2.20795358954994
CAAGCTAGTGAGGTAG-1	1	2.9742439903336	1.06027330695717
CAAGCTAGTGCTTAGA-1	0	-0.567844995109516	-1.70599965513619
CAAGCTAGTGGGTGAA-1	0	-0.39586532935329	1.60037888824073
CAAGCTAGTTTACCGT-1	2	3.6123591579514	6.98770942031471
CAAGGCCTCAATAGCC-1	0	-5.07986939772792	2.06540264426796
CAAGGCCTCCATAATG-1	0	-4.91268313750454	1.20603598891823
CAAGGCCTCTCGCCCA-1	2	2.5072759307938	7.57464255630104
CAAGGCTGTCCTAATC-1	4	8.04832684174351	-11.4924770420876
CAAGGGAGTTACGCAA-1	3	10.4626010574418	6.49017514525978
CAAGGGAGTTCGCTTG-1	0	-0.861075647918659	3.55929459868995
CAAGGTAAGTAAGTGG-1	2	3.74695335999302	6.70284070312111
CAAGGTTTCCTTCAAT-1	1	3.78957258835606	-1.12392541528614
CAAGGTTTCTATCGCC-1	0	-4.62946093901821	-1.79655395210656
CAAGTAACAAAGCCTC-1	0	-0.838382609931903	-2.67394254864128
CAAGTAACAAATTGCT-1	0	-4.88154948577114	-0.384067994960864
CAAGTAACAGCAATAA-1	4	8.32908140793614	-12.6393400257912
CAAGTAACATTGCAGC-1	0	-2.94199121817775	0.972057479015271
CAAGTATGTAGCCTAA-1	0	-3.26741851195522	-2.50362561405571
CAAGTATGTATTCGTC-1	1	2.87547265663914	0.995679038158337
CAAGTATGTTAGTACG-1	1	2.30572568550877	1.97046770392982
CAAGTATGTTGTTGGA-1	0	-5.24133122786708	-0.5050780600396
CAAGTGAAGACACTTA-1	0	-4.66259873732753	2.66988100349037
CAAGTGAAGCCAGTAT-1	3	10.589259497078	5.44523896514503
CAAGTGAAGGACAACA-1	2	1.5919991053658	7.19846762954323
CAAGTGAAGGGCTAAA-1	0	-4.9312621436996	2.61152042686073
CAAGTGAAGTAAAGGT-1	0	-2.49043882712551	-3.2246893471566
CAAGTGAAGTCACGAT-1	0	-1.74414862021633	-2.58304081619652
CAAGTTATCAAGCGCC-1	0	-3.40882886275478	-2.56044600666436
CAAGTTATCCCGAACA-1	1	3.81875549927525	-0.493969900020679
CAAGTTATCGGTTTGG-1	5	-0.593901761619525	4.22382582961647
CAATAAGCACCTGCTC-1	0	-5.2316304527206	-1.63285489142807
CAATAAGCAGCCGCTA-1	0	-4.19224084243007	1.08845867454139
CAATAAGCATTGGGAG-1	0	-5.61632312163539	2.77508796989052
CAATATGTCCGTCCAT-1	0	-5.44609893187709	-2.41921888054283
CAATATGTCTAAGGTC-1	0	-4.90296376570888	-1.71815035999688
CAATATGTCTAATCCT-1	0	-3.45495904311367	-3.39732800186547
CAATCCCTCCTAATAG-1	0	-5.22529853209682	-3.429477793583
CAATCCCTCGTCAAGT-1	0	-3.95363963469692	-1.05248494208725
CAATCCTGTAGTAAGA-1	0	-3.04503429755397	-4.69197831810387
CAATCCTGTCATCCTG-1	0	-5.07129872664638	-1.51932812989624
CAATCCTGTGATGATT-1	1	3.29841004982762	0.466861384502332
CAATCCTGTGCAACTA-1	0	-4.69610083922573	-1.80632273615273
CAATCCTGTGCCTCAC-1	2	2.73882090225987	7.7443880015525
CAATCCTGTTGTTCAC-1	1	2.86779057160191	1.39158834754554
CAATCCTGTTTGCAGA-1	0	-0.0619711957854799	4.49652804671852
CAATCGCCAATTTAGC-1	0	-1.27109981402584	-1.81532345474633
CAATCGCCATGCAACC-1	0	-0.105076082794147	-1.6348462528077
CAATCTAAGCGGTTAT-1	1	3.64976202622227	-0.406732780345996
CAATCTAAGGCTAATC-1	0	-2.64820803031154	1.22149266540138
CAATCTAAGGGACGCA-1	0	-0.816301354019123	-2.35221431911858
CAATCTAAGTTGGATC-1	0	-5.10750497206874	-0.69099239767464
CAATGAACAAATTGCT-1	0	-0.683446415512042	-2.49049304188164
CAATGAACAAGGTGGC-1	0	-5.06904710158535	2.43926634131996
CAATGAACAGCTACGT-1	2	0.680071179943008	8.15053214370338
CAATGAACATAAGTCT-1	0	-0.583867319671588	-2.94201253116997
CAATGACTCCCGTTTA-1	1	-2.54150713309475	-1.60154120386513
CAATGACTCCTTAATC-1	0	-2.46327508315273	-3.18402884663018
CAATGACTCGCTATAA-1	0	-3.07510674819179	-3.8935833996621
CAATGACTCGTTTCTG-1	0	-4.28785336837001	-3.92680226028832
CAATGACTCTGGCAAT-1	0	-4.55977071150966	-0.360101324924548
CAATGCCCAATTGAAG-1	2	3.80075799599461	6.68427647887794
CAATGCCCACGAACAG-1	1	2.34722744599156	0.0238127881201904
CAATGCCCAGAACCGA-1	2	9.76835285797886	7.78658618270485
CAATGTCAGCACTAGT-1	3	10.5373099960404	6.02468814193336
CAATGTCAGTAACGGA-1	0	-4.88814748152919	-2.01286278427513
CAATGTGGTATTGTCC-1	0	-2.78400672301479	-4.52758775413903
CAATGTGGTCCACAAA-1	0	-3.18900645598598	-0.174883825191577
CAATGTGGTGCTCCAC-1	2	0.0746877707558103	7.873979943386
CAATGTGGTTGCTTCG-1	0	-3.4574605308456	-3.11059830845269
CACAAGCGTAACCTAG-1	3	10.507038465889	5.03221453963844
CACAAGCGTCTTTGAC-1	0	-0.100681551544147	-2.00686560333641
CACAATATCACCGGTA-1	1	2.58802854195408	-0.147460085758289
CACAATATCACTCGCT-1	0	-0.0458687029761843	1.3797217780265
CACAATATCCCATAAA-1	2	2.91934024468235	7.86202945052711
CACAATATCCGGTATG-1	0	-6.10087741240688	-1.6793590611306
CACAATATCCTTAATC-1	3	10.7008403457718	8.73725642501442
CACAATATCTCATCAT-1	3	10.5393127121048	5.15926303207008
CACAATATCTGTAATG-1	0	-3.96043599471279	-4.36947284401329
CACAGGCTCCAAACAC-1	1	2.12496565953068	0.0241913968238037
CACAGGCTCGACCTGA-1	1	2.94659291878514	0.280609624973218
CACAGGCTCGGTTTGG-1	0	-5.41005814894863	-0.862385374912341
CACAGGCTCTAATTGG-1	4	7.54858719483189	-12.542786223301
CACAGGCTCTTAGCGG-1	0	-0.571336277572589	1.30599774657814
CACAGGCTCTTAGGAC-1	0	-2.28763974532314	-0.768519801506122
CACAGGGAGCACCACA-1	3	10.682463995369	5.10057248412697
CACAGGGAGCACTAGT-1	0	-3.12434113845058	0.699931877246777
CACAGGGAGGAAGCTA-1	3	10.1529945053177	7.85944403945533
CACAGGGAGTGAGCAA-1	3	9.84680592194371	5.3202313357505
CACATAATCATGCCTC-1	0	-3.61412442549892	-5.25317726791771
CACATAATCTACTAAG-1	0	-5.4597364746017	-1.583649409422
CACATACAGCGGATAA-1	0	-1.01935745104976	2.93077029525367
CACATACAGCTGCACA-1	0	-4.69982732161708	-3.06725249946984
CACATACAGGAACCGG-1	0	1.52189385071568	-1.20180518501373
CACATACAGGTCAAAG-1	0	-5.8234740577621	-2.56421611965569
CACATACAGTCAGGCC-1	0	-2.04250658377834	-3.23783026398094
CACATTAAGAGGGACT-1	0	-1.70087874755092	1.25992168723671
CACATTAAGCATCCAG-1	0	-5.71606124266811	-2.46660004318627
CACATTAAGGCATGTT-1	0	-5.50808728560634	-0.644517881282886
CACATTAAGGCGCACT-1	3	10.1159261383133	6.85128344832985
CACCAACCAAACTCAT-1	0	-5.46914590224453	3.25279177962867
CACCAACCAGTAGGAT-1	1	2.2930505193787	1.46724190055458
CACCAACCATAGCGGA-1	0	-3.22184837683864	-0.423236293205341
CACCGGTAGATGGACA-1	2	0.417626938970608	7.63526667892067
CACCGGTAGCTATTAG-1	0	-3.74358952864833	-1.79483030498894
CACCGGTAGGACACTT-1	3	9.86353336945347	7.18880023299782
CACCTCAGTACTGAAT-1	0	-3.67586863860317	2.89274062453834
CACCTCAGTCCTAAGA-1	0	-4.2093120895309	2.81986989318458
CACCTCAGTCGCGCAA-1	0	-5.21190465316005	2.17612065612404
CACCTCAGTTTGCAGA-1	0	-3.28132475241848	-1.96136276186379
CACCTGTTCGTTAACA-1	1	2.55258773937993	0.263307946315686
CACCTGTTCTAACCAA-1	0	-2.64070547446437	-3.46480642021569
CACCTGTTCTTAATGG-1	0	-5.37844146117397	-4.46433745087059
CACGCAATCAACAAGG-1	0	-5.34187472686	-0.841423136600574
CACTAAGGTCAAAGAA-1	0	-3.80328667983242	-1.32132009924324
CACTAAGGTCATAACG-1	0	-1.70871818885036	-0.0803413218346436
CACTAAGGTGAGCAAG-1	2	0.696888638848288	8.19046344100563
CACTAAGGTTAAGCTG-1	0	-5.08761704787441	-4.66874657333763
CACTAAGGTTGTGATG-1	2	1.93320762291722	7.52232016860573
CACTAAGGTTTATCGC-1	3	10.0474456466752	5.4512504511985
CACTAGCCAATTAACC-1	3	9.93569695130162	5.3173974925193
CACTGACCAGGAATCG-1	0	-4.63143266066738	3.12391413985817
CACTGACCATCACTTC-1	0	-5.5155135475082	-1.27932659299048
CACTTAAAGCTAGAAG-1	0	-2.93927896842189	-2.86746082962426
CACTTAAAGTTATGGC-1	1	2.06847523823552	2.01733292876808
CACTTAAAGTTCCTGC-1	0	-1.29055596217342	-3.0812099999276
CACTTTGTCAATCTCT-1	0	-4.71179307326503	-4.73828993500145
CACTTTGTCATGAAGG-1	0	-2.82778919562526	-4.44196210564049
CACTTTGTCCCTCACG-1	0	-0.869209774581867	-3.31076059997948
CACTTTGTCCTTGCGT-1	0	-5.01026309355922	-5.02211914719017
CACTTTGTCTACTAAG-1	1	2.84879242554478	-1.14390025422843
CACTTTGTCTCTAGCC-1	0	-2.93490184172817	-2.8755123442498
CAGAACCGTTCCTGTG-1	4	7.48943077698521	-12.8909956044045
CAGAACCGTTTACCGT-1	0	-4.41170037612148	2.91847409545509
CAGAATCTCGATATTG-1	0	-2.58853352889247	1.11916913329689
CAGAATCTCTTGCAGG-1	0	-5.2434278808517	-1.88760684193047
CAGATTCAGGCATGTT-1	0	0.0629904188232847	1.40974296866981
CAGATTCAGGCATTAC-1	2	0.129176906497998	8.13475741683571
CAGCAAGCAACCCTCC-1	0	-1.65689075812526	-0.161335212596973
CAGCATGTCAATTACG-1	0	-2.37504995688625	-0.0554458922234375
CAGCATGTCAGTATTG-1	0	-3.11871445998378	-1.61852232874306
CAGCATGTCATGTTTC-1	0	-0.0536868058127932	-1.91281006992729
CAGCATGTCGATTTAG-1	0	-5.89077485427089	-1.27593438834818
CAGCATGTCGGTTCCT-1	0	-3.45427049025722	-1.69108484447869
CAGCATTAGATTCCTT-1	0	-2.01475704535671	-4.90867458046349
CAGCATTAGGCAGGTG-1	3	10.407094351204	5.55865802108375
CAGCATTAGTCTCACC-1	0	-5.08274424895473	0.0393740111502807
CAGCCAATCATGACCG-1	0	-5.32342398986049	-2.59029696644219
CAGCCAATCGAGCTAT-1	1	3.35491978302769	-0.85561556876572
CAGCCAATCGTTAGCG-1	0	-5.10533870085903	-1.2815014249173
CAGCCAATCTTGCTAT-1	0	-4.48119271620937	2.83667697249977
CAGCCTAAGCCATCAG-1	0	-0.52659476622768	1.2322505885276
CAGCCTAAGCCTAACG-1	0	-3.56986583098598	0.395185964694897
CAGCCTAAGGCGAATA-1	0	-5.88438046797939	-2.07505891979607
CAGCCTAAGTAACCAC-1	2	2.32553528919987	6.57471980392067
CAGCCTTTCATCCTGC-1	2	0.929733029754681	8.10404624282448
CAGCCTTTCATGCAAC-1	4	8.33258473053746	-12.2923179692117
CAGCCTTTCGTAACGT-1	3	10.1516984619217	8.41570224105446
CAGCTAAGTGTTTCAC-1	0	-5.13214505538173	-0.980100286611636
CAGCTAAGTTAGCAGC-1	1	2.87751948014073	0.253672497859875
CAGCTATAGGAAACTG-1	3	10.0826371826249	9.23816336928932
CAGCTATAGTATGTGC-1	2	2.55977808609776	6.5945552760276
CAGCTCAAGCTAATTG-1	4	8.30327450409703	-12.7383600300637
CAGCTCAAGGCGCTAC-1	3	9.64291416779332	5.93920363723366
CAGCTCAAGGGCTTTG-1	3	9.36412941590123	9.24938906966774
CAGCTCAAGGTAACGA-1	0	-2.41697562560268	-1.63506175340088
CAGCTCAAGTATCGCG-1	0	-3.52239955290981	-1.70646522701653
CAGCTCAAGTTGGATC-1	1	2.11734413281254	1.85086836158363
CAGGAAGGTTGGTTGA-1	0	-1.30035186633297	-0.54273800314339
CAGGACACAACCGCCA-1	0	-4.48714364394374	-1.8971576517907
CAGGACACACAGGGAC-1	3	10.0067723907547	8.57314338027565
CAGGACACATATAACC-1	0	-3.47581017836757	-3.79294095695885
CAGGATGCATAAAGCA-1	0	-5.1499449096603	-0.622494739898761
CAGGCTATCAATGACC-1	0	-1.34616554602809	-0.379635197528918
CAGGCTATCATTAGTG-1	1	3.79188930168919	-1.19341096510114
CAGGCTATCCTCACAC-1	3	10.5386937774735	7.24427546798317
CAGGCTATCGCTATGG-1	0	-5.72574723586269	3.00416840850441
CAGGCTATCGGTTTGG-1	2	3.89179693833165	6.53574122726051
CAGGCTATCGTTTCTG-1	2	2.53860031739048	7.22137393294899
CAGGCTGGTACTTAGG-1	0	-0.813762911407428	-3.49043403328331
CAGGCTGGTATTCGTC-1	0	-4.65872395857997	-2.14627925814064
CAGGCTGGTCGTAAAT-1	1	2.53969895020298	-0.288588566192706
CAGGCTGGTGTCCAAA-1	3	10.0368331588822	9.84694804488746
CAGGCTGGTTAAGCTG-1	0	-4.613922723381	-4.70466337860497
CAGGCTGGTTGCGGAT-1	0	-2.9910184226913	-1.62973977387818
CAGGGCTTCGGCTAGC-1	2	3.57099448815159	6.88295401870338
CAGGGCTTCGTGCCTT-1	0	-3.6911727271957	-0.678213042625507
CAGGGTGAGCACCACA-1	2	3.31072818413548	7.93870963393776
CAGGGTGAGCCTGTTC-1	0	-2.85995639189907	-4.83022485435875
CAGGGTGAGGCTACAT-1	5	-0.51048947200008	3.99089993774025
CAGGGTGAGTATTGTG-1	0	-2.36864174231716	-3.49553905189904
CAGGGTGAGTTTCCTG-1	0	-0.674207218734699	-3.13375423611077
CAGGTCCAGCGGTTAT-1	0	-3.23298419341274	-3.83904514969261
CAGGTGGAGAATGACG-1	0	-2.04427755698391	-5.62714348495873
CAGGTGGAGGTAGCTT-1	2	3.9420539058762	6.56057395278541
CAGGTGGAGGTGTCCA-1	1	2.34721945896916	0.0775736743125122
CAGGTGGAGTAAGTGG-1	1	1.9993277706223	1.86689462005226
CAGGTGGAGTCAGGCC-1	4	8.11167370453648	-11.4858194416848
CAGGTGGAGTTTGCGG-1	3	9.66949879303746	4.8917907649192
CAGGTTAGTCCCGAAG-1	5	-0.893240579215961	3.21740760146705
CAGGTTAGTTGTAAAC-1	0	-4.4354034744186	2.89533461867897
CAGGTTTAGACTAAGG-1	3	10.4771321930008	7.50663317977516
CAGGTTTAGCTCAAAC-1	0	-0.783596762268024	-3.90662942589196
CAGGTTTAGTAGGCGG-1	0	-1.53634465560146	-4.05965314567955
CAGTACCCAAGGAATC-1	1	3.24583398476414	0.5069008046302
CAGTACCCAAGTGTCC-1	0	-5.9219061218185	-1.98262916267784
CAGTACCCAATGAGGT-1	0	-4.07133878096767	1.32849039374916
CAGTACCCAATTAACC-1	0	-1.7562784038467	-3.29320774734886
CAGTACCCAGCAAGTG-1	0	-2.19140327796169	-4.55282221496971
CAGTATGGTAGGATTT-1	0	-1.16412962302394	-2.79932389915856
CAGTATGGTATTCGTC-1	0	-1.01581312045284	-4.17753301323326
CAGTATGGTGTTTGCT-1	1	1.56756477728657	1.81476868926613
CAGTATGGTTAATGAC-1	0	-4.17060435637661	-2.58633289993676
CATAACGGTTAAGGCC-1	0	-0.397129186241107	-2.1443922346917
CATAACGGTTATCGAG-1	0	-5.33346427306362	-4.10303364456566
CATAAGCTCACACAGT-1	3	10.5574020065384	5.72140206634132
CATAAGCTCAGCATTA-1	0	-5.94809211119838	-1.56412653387459
CATAAGCTCTCCATGC-1	0	-1.81001294478603	-4.96534190834435
CATAATCCACGAACAG-1	0	-1.1069932065887	-1.74661765755089
CATAATCCAGGAACAT-1	0	-3.97676194533535	-0.849249435075839
CATAATGTCCCTCAGT-1	0	-1.517820247261	-4.02915011108788
CATAATGTCTAGCTAA-1	0	-3.15403736457058	0.708368557086865
CATAATGTCTTAGGGT-1	0	-0.831303008644061	-3.40318713844689
CATAGACTCAGGCTAT-1	0	-1.22579670771785	-0.88875154913338
CATAGACTCCTGATTT-1	0	-4.95614922866054	-2.95541916550072
CATAGACTCCTGGTGA-1	3	10.1403306640702	9.69813861190407
CATAGCTAGCACAGAA-1	2	2.71803795471959	7.90561522780983
CATAGGCGTAACTACG-1	2	0.742535668613238	7.90398825942604
CATAGGCGTACAAAGA-1	0	-1.55894053801723	-2.80640826881798
CATAGGCGTCAAAGAA-1	2	-0.101856061069446	7.99374427138893
CATAGGCGTCATAGAT-1	0	-3.62796319350429	2.73273577033607
CATAGGCGTGTGTGGT-1	3	10.1543096222001	9.72802104293434
CATAGGCGTTGGATAT-1	0	-1.36699140891262	-1.98643944919976
CATAGGTTCAGCACCA-1	2	0.192986986787839	7.96273841201393
CATAGGTTCAGGTCCA-1	0	-1.67433560713954	-0.256205362686237
CATAGGTTCCGGTATG-1	0	-3.09254539832302	-1.98238079012307
CATAGGTTCCGTTAAA-1	0	-1.52055848464199	-2.99383578956993
CATAGGTTCGACCTGA-1	1	2.93643676415257	1.15431179343788
CATAGGTTCGGTCAAT-1	0	-3.88503230437465	-1.43219986320408
CATAGGTTCTACTAAG-1	0	-1.49739087447353	-4.13352523506554
CATAGGTTCTCAATGA-1	0	-2.79835785254665	-3.01255343616875
CATAGGTTCTTACTCG-1	0	-2.16173876151271	-2.80380080402764
CATAGTCAGGCAGGTG-1	2	0.264476052673382	8.31745185195533
CATAGTCAGGTGCGGA-1	3	9.99853359833531	7.00076522170631
CATAGTCAGTAGGCGG-1	0	-1.35338366851039	-2.66641615093621
CATATCGCATCACAGC-1	3	8.88942181244664	4.26824940978615
CATCAATCACAATGTT-1	1	3.02121340409092	-0.577660900959094
CATCAATCAGGAATCG-1	0	-3.86312116011806	-2.09695486486824
CATCAATCAGGCGATA-1	0	-5.70649016722866	-1.01100441575917
CATCACACACTTAACG-1	0	-3.12023580893703	-3.98771510780724
CATCACACAGCAAGGC-1	1	2.5346516288834	-0.0899766510811646
CATCACACAGTCTATG-1	3	10.406057707222	7.00693835555641
CATCAGCCAACCCTCC-1	0	-5.30196536406704	-0.759740692981799
CATCAGCCACTCAACA-1	4	6.90734659806065	-11.5994859761086
CATCATAAGCACAGCC-1	3	9.98951565399937	10.2131341868552
CATCATAAGGCATTAC-1	4	8.04576908722691	-13.0427604740945
CATCATAAGGGACGCA-1	1	1.19988524094395	1.87848128615944
CATCATAAGTAGAGGC-1	0	-1.98305786475368	-3.38191996277245
CATCATGCACTTAGGC-1	2	3.71608316078953	8.47470797835914
CATCCCAGTCAAGTGC-1	3	10.2254928268509	8.35183944045631
CATCCCAGTGTTAAAC-1	2	0.954037151487393	8.48384227096168
CATCCCAGTGTTGTGA-1	0	-1.37298119887538	-1.83951924503716
CATCCTCAGCGATACT-1	2	3.42728029862217	8.34414996444313
CATCCTCAGCGCCTAA-1	0	-5.75153601988979	-1.34057453037175
CATCCTCAGCTGAGGG-1	2	0.970926842840237	7.89369525252907
CATCCTCAGGAGTCTT-1	0	-3.47448933943935	-0.468087655910571
CATCCTCAGGGTGAGT-1	0	-5.47105897292324	-0.747997058042606
CATCCTCAGTATGTGC-1	3	10.3288739837723	9.85091533004371
CATCCTCAGTTAGCCG-1	0	-0.327443369476276	-1.72671447456749
CATCCTCAGTTTGCGG-1	2	1.07768057957463	8.00300921737282
CATCCTGGTAACCTAG-1	0	-2.91252625807949	-0.899418753990253
CATCCTGGTGCATTAG-1	0	-3.46835912093349	-2.04121856153878
CATCCTGGTTCCAGGG-1	1	3.22802673950962	-1.23197893560799
CATCCTGGTTCCGCAC-1	4	8.03376042023472	-13.1784702366677
CATCGCTTCAAGGACA-1	1	3.25556670800023	-0.987884638318141
CATGAGGCAACCCTCC-1	2	1.73040269985966	7.32680167495338
CATGAGGCATGTTGTG-1	0	-4.44944442137905	-1.2666095396963
CATGAGGCATTGTGTG-1	3	10.6984227813797	5.29090871154396
CATGCATAGGTAGCTT-1	0	-1.77328003272243	-5.13862834633263
CATGCATAGGTTTACA-1	1	2.37895464077763	-1.02713136137398
CATGCGCAGCTTCTCA-1	0	-1.37273610457607	-0.662777585395892
CATGCGCAGGCGGGTA-1	2	0.616335041077656	8.06007804214088
CATGCGCAGGTCCAAT-1	0	-2.8998855434341	-0.969447193154414
CATGCGCAGTGTTGCG-1	5	-0.804736503211933	3.37529792129127
CATGCGCAGTTACCGG-1	0	-4.33100427016445	-1.16305318609746
CATGCGGGTCACGGAT-1	3	10.6847289718705	9.33565272628395
CATGGATTCCTTAGGG-1	2	1.7809644855576	7.72555198012916
CATGGATTCGCGCTAA-1	0	-1.84798706397243	-1.40321190417679
CATGGATTCTTAGTGA-1	0	-4.47807992324062	-1.30035943300398
CATGGCGGTAATGGAA-1	0	-2.01398433074184	-3.02161238850029
CATGGCGGTACCAGGT-1	3	10.4672397293168	9.74638308822242
CATGGCGGTATTGTCC-1	1	2.27576684132389	-0.288440508255084
CATGGCGGTCTAACCT-1	0	-5.92425406798549	-1.43152907253178
CATGGCGGTGCCTCAC-1	1	2.19380163327031	1.86419619857399
CATGGCGGTTAGGACC-1	2	2.7514177478867	7.98440779983131
CATTATCTCAGCAAAG-1	3	10.1695054687577	9.68478335677711
CATTATCTCATGCCTC-1	0	-5.40859711989589	-3.36307964981469
CATTATCTCCTAATTC-1	4	8.19250666275792	-13.1692977970925
CATTATCTCTATGACA-1	0	-2.58887589797206	-0.33129761875542
CATTATGAGATGCCTG-1	3	10.7347367919999	8.6630834513816
CATTATGAGGATGATG-1	0	-4.72548211440273	-1.74549762667092
CATTATGAGGGTGGAT-1	0	-5.85610164031215	-1.90998445213707
CATTATGAGGTAGCTT-1	0	-5.0168882690353	-1.18735387875866
CATTCATTCAAGCCTG-1	0	-2.13611114844509	-2.37415908039482
CATTCATTCATGCGTG-1	1	3.56260406151585	-1.41092014075192
CATTCATTCCTCGATC-1	4	7.90360962525181	-13.1378704136697
CATTCATTCTAATCTC-1	0	-4.85826266631313	-2.16112856329354
CATTCCTCAATCCTGA-1	0	-4.95074141844936	-2.24133310974511
CATTCCTCACCAACCG-1	0	-5.38369334563442	-2.79629002273949
CATTCCTCACTGGCCA-1	0	-1.84084547385402	-3.64380679787072
CATTCCTCATTCAGCA-1	3	10.1769803680497	5.7188376361045
CATTGCGAGAATCTCA-1	0	-1.33208382949062	-2.70860098064812
CATTGCGAGCATCCAG-1	0	-3.79842103347011	0.289750235668103
CATTGCGAGCTGGAAA-1	0	-3.63395751342006	-3.44186602295311
CATTGCGAGTCACTCC-1	0	-5.30122435912319	-2.95628915489586
CATTGCGAGTTACCGG-1	5	-0.451644309608417	4.18084039031593
CATTGCGAGTTAGCTA-1	0	-0.64622104987331	2.87493838607399
CATTGTAAGAGAGGAG-1	0	-5.77095235213466	-1.3414831435767
CATTGTAAGCATTTCT-1	2	-0.867846616355853	-1.80614708126458
CATTGTAAGCGTGCAC-1	1	2.32768797055058	2.15866245566932
CATTGTAAGCTTGCTC-1	0	-2.75301826819606	-4.93799887360009
CATTGTAAGGCTAAGA-1	1	2.69478928223423	0.932973521343152
CATTGTAAGGGCTTAT-1	0	-2.44659984931179	-1.54491190374764
CATTGTAAGTGACCTG-1	0	-3.63094342574306	-2.40694068134697
CATTGTAAGTTAGTGC-1	1	2.54972576275639	0.131998079410474
CATTGTGCAATCATGT-1	0	-5.09215272292324	-0.866902453312
CATTGTGCAGTAAAGC-1	3	10.6139377273636	5.3864950114402
CATTGTGCATGATTGT-1	0	-3.93583024367519	1.71201266585914
CATTTGTTCACGAATC-1	0	-5.34792435988613	-2.2783752507058
CATTTGTTCATAGACC-1	0	-2.6239222370071	-4.38577018440636
CATTTGTTCCGCAAAT-1	0	-2.62225402220913	-4.64541278541954
CATTTGTTCGAAGCGG-1	0	-3.14838398322292	-4.85052309692772
CATTTGTTCGCTAGAT-1	0	-3.0251571021957	-3.7674904888955
CCAAACCCATCGCTTT-1	3	9.90180145874791	9.94117392837135
CCAAACCCATGTGGGA-1	0	-2.45830763205715	-2.07162134111794
CCAAACTAGCTTTGTT-1	0	-5.68207944258876	-1.54875318468483
CCAAACTAGGACAATG-1	0	-2.69522393569179	-2.97177766025933
CCAAACTAGTAGGCGG-1	2	2.34049200192265	6.55077781020729
CCAAATCAGCCAGTAT-1	4	8.45873104706578	-13.0960489338723
CCAAATCAGGCAATAG-1	0	-2.80350292548366	-1.05458548427494
CCAAATCAGTCAGTAC-1	4	7.95354878083043	-12.8645969456521
CCAAATCAGTGAGGGT-1	1	2.35419379845433	2.1140328818473
CCAACATAGACAACAG-1	0	-2.08434141501613	-3.62996326149376
CCAACATAGCACAGAA-1	1	2.6385996259766	0.540762680164258
CCAACATAGGCATGTT-1	0	-4.8461266837997	-1.10689317942532
CCAACCAAGACAGGTA-1	1	3.84755169525914	-0.621630770572742
CCAACCAAGCCGCAGT-1	1	2.7894762672501	-1.09946080059679
CCAACCAAGTACCGCA-1	1	2.95018183365635	-0.466955108055194
CCAACCAAGTCATTGA-1	0	-2.43723715171047	-2.51649139583977
CCAACCCGTCGTAATG-1	0	-2.17589367255397	-3.5970939225045
CCAACCCGTGAGCAAG-1	0	-2.57997096404262	0.580748456111829
CCAACCCGTGTTGCTT-1	0	-1.49185574874111	-3.86456070602806
CCAACCCGTTAACGGC-1	0	-3.58708585128017	-1.00734981656941
CCAACCCGTTTGGGCG-1	0	-4.81569541320034	-0.968504292377551
CCAAGGCTCAATGACC-1	1	1.61343257799916	1.57964481650917
CCAAGGCTCGCTAAGT-1	0	-5.06577552184291	2.80221523582069
CCAAGGCTCGGGACCT-1	0	-4.62309373244472	-0.945193556555827
CCAAGGCTCTAGCGAT-1	0	-4.26288379058071	-0.297948402771075
CCAAGTTAGAGGGACT-1	0	-3.96092046126552	-1.88372932136925
CCAAGTTAGTCATCCC-1	4	8.07724939957432	-11.4222961491433
CCAAGTTAGTGAGCAA-1	1	2.73111497536473	-1.20597841353091
CCAATATCACTTCACT-1	0	-1.51950825080104	-1.33002041042717
CCAATATCAGGAAGCC-1	0	-4.65949118956752	2.74823321639625
CCACAATAGCACCACA-1	0	-1.06445933207698	0.737918155780713
CCACAATAGCGCTAAT-1	0	-4.73058760985561	-3.81553898514183
CCACAATAGCTTGCTC-1	2	0.99229367748074	8.37883319198219
CCACAATAGGTCCTAG-1	1	3.61332379952244	-0.597778660663684
CCACAATAGTCATGCG-1	0	-2.0110334239883	-0.346803945907672
CCACAATAGTCATTTC-1	3	9.44044434204869	9.39657916366188
CCACAATAGTCTCACC-1	1	3.44216906204991	-1.40858413041504
CCACACAAGACCATAC-1	0	-2.56647361144252	-2.92649529636772
CCACACAAGCCGCAAC-1	0	-1.98409617766567	-2.70371411503228
CCACACAAGCCTGACA-1	3	10.6594709076004	9.05928649245826
CCACACAAGCGGTTAT-1	1	3.18976437226109	-0.172080022701343
CCACACAAGGATTGAG-1	0	-5.23217309340663	2.67990936576454
CCACACAAGGCTGGCT-1	0	-0.922511347381549	-4.46244273842247
CCACACAAGGGTGAGT-1	3	10.0737947143631	10.1339124613914
CCACACAAGTATTGTG-1	1	3.32183658257298	0.617422836414258
CCACACAAGTGTTGCG-1	0	-1.88498128279872	0.950516837230603
CCACAGGGTCAAACTG-1	1	2.44141613617711	-0.393774611362537
CCACAGGGTCCTTCTC-1	3	10.505537382515	7.32261599837867
CCACAGGGTTAAGCGC-1	0	-5.36023486479946	2.4882902079734
CCACAGGGTTGTTGTC-1	0	-3.39912904128261	-1.45767904580506
CCACAGGGTTTGGCTT-1	0	-4.78073609694667	-4.39617524803551
CCACATTGTGAGCAAG-1	1	1.95295642987065	1.62164677917091
CCACATTGTGGACCTG-1	4	7.43446718827061	-12.7860561436501
CCACATTGTGTTTGTC-1	0	-1.07893038615413	0.523723023525159
CCACATTGTTTAGCGA-1	0	-4.28008330687709	-3.87675080955895
CCACATTGTTTATCGC-1	0	-4.50383485182949	-3.80822001160057
CCACTTGGTGATCAGC-1	5	-0.416470535842853	4.54810990630714
CCACTTGGTTCCGCAC-1	3	10.6099733032303	8.69243754684059
CCAGACTCAAATATCC-1	0	-4.95313990935512	-2.8311872309533
CCAGACTCAGGAACTG-1	0	-1.01163292750545	-2.0710434144822
CCAGCCTGTCATGCAA-1	0	-0.839017876235919	-1.93986133993538
CCAGCCTGTGGTTCTT-1	0	-1.39400089606472	0.0594551736029785
CCAGCCTGTGTTGCTT-1	0	-4.78386653289028	-0.650220853694995
CCAGCCTGTTAAGTGT-1	0	-5.33619273528286	-0.516757232555469
CCAGCCTGTTAATGCG-1	2	2.64668749943547	7.29085101424782
CCAGCCTGTTTGGCTT-1	1	2.85943709984593	-1.13654430718096
CCAGCTAAGCCTCTCG-1	0	-0.423220046607929	1.48127998649208
CCAGCTGCACGTGCTG-1	1	3.06919490471653	0.976001637569348
CCAGCTGCAGCATGGA-1	3	9.71575676575474	5.49242724715797
CCAGGAACAAGGTGGC-1	3	10.3953565277176	6.14838589965431
CCAGGAACAGCTCATA-1	0	-3.41265405043788	-2.15565208853157
CCAGGAACATTTAAGC-1	0	-5.64539874419399	-0.79178078235062
CCAGGATGTAAAGCAA-1	1	3.58274757042698	-1.11004040152701
CCAGGATGTAAATTGC-1	0	-1.86352098807521	-0.202515644439777
CCAGGATGTCCAAGAC-1	0	-4.67467416152187	-2.92902229488762
CCAGGATGTGTTGTGA-1	3	9.88947044983677	5.15049065887062
CCAGGATGTTAGTACG-1	4	7.47825276032261	-11.7064004963723
CCAGTTTGTAACGGGA-1	5	-0.734556683151203	3.58424653350441
CCAGTTTGTACGGGTT-1	0	-4.40687907561489	-1.85339097441109
CCAGTTTGTCAAGACC-1	3	10.5976813949662	8.71225585280983
CCAGTTTGTCCTTCTC-1	0	-5.0436045013351	-2.14021412790688
CCAGTTTGTCTTGCTG-1	0	-1.36406792029567	-3.55532966316613
CCAGTTTGTGCTAGAC-1	0	-2.33424461707302	-4.09199343384178
CCAGTTTGTGGAGCAA-1	1	2.67689417973332	-1.62049983204277
CCAGTTTGTTGGCCGA-1	0	-3.86526931151577	-1.49859966100128
CCATAAATCATGCAAC-1	0	-0.854456313697772	-3.31756268204125
CCATAAATCATGGTGT-1	0	-5.4454485259933	-3.57757602394493
CCATAAATCCAAGTGT-1	1	1.99899791851811	1.89711679755775
CCATAAATCCTAAATG-1	0	-5.77199853285976	-2.05797759951027
CCATAAATCCTAATGA-1	0	-4.9020520530624	-2.96325455368431
CCATAAGGTAATAACC-1	0	-2.91027963980861	-2.53822086513909
CCATAAGGTTACAAAC-1	4	8.45828138962559	-10.6283632344094
CCATAATCACCCACAG-1	0	-2.34492410048671	-4.14429698646935
CCATAATCACCTGCCT-1	0	1.60501002445988	-1.63384566963585
CCATAATCACGAATCC-1	1	2.88945709839634	-0.654637081035693
CCATAATCACGTTACA-1	0	-0.257228680698352	1.4241725379142
CCATAATCAGGTCCTG-1	0	-3.94482529982753	-3.59130845726403
CCATCACTCAAGCCTG-1	0	-0.871305116264301	0.257567303768079
CCATCACTCACCATTT-1	0	-4.32756341323085	-2.60017703236016
CCATCACTCACTTTAC-1	0	-2.0913761936111	-2.39220593632134
CCATCACTCATTGTCT-1	2	0.703104072438402	7.78496779738991
CCATCACTCCTAACGG-1	5	-0.569951065628009	4.2714203768882
CCATCACTCGCAACAT-1	4	8.49214016571812	-10.4716583317605
CCATCACTCTGTAAGC-1	4	8.17271124497227	-12.6402584141579
CCATCATGTACCGTTT-1	0	-3.23005784377285	-2.13868455351265
CCATCATGTCATTGTC-1	0	-2.70706570967861	-3.16913579166802
CCATCATGTCCACAAA-1	0	-3.25118840560146	-1.47108958424004
CCATCATGTTCGGGAT-1	0	-2.65056503638454	-2.15990446270378
CCATTATTCCACCTGT-1	0	-4.74120105132289	-1.42901119352253
CCATTATTCGTAACGT-1	0	-5.21223510131069	-1.39637794853123
CCATTATTCGTTAGTA-1	0	-4.44906247481533	-2.76982615650566
CCATTATTCTACCTCA-1	0	-2.54969132765956	-0.483769399532398
CCATTGTGTATTGGAT-1	4	8.14074169770054	-12.8188320225564
CCATTGTGTCAACAAT-1	0	-1.02574587687679	-3.72483692825707
CCATTGTGTGCAATGC-1	4	6.97993504181675	-11.6911274021951
CCATTGTGTGTAACCA-1	0	-3.55030072554775	2.59549607574073
CCCAAACCAATTTGGT-1	0	-3.01106632575222	-2.71656857193383
CCCAAACCAGGCGAGT-1	3	10.0466025985794	8.15144862472145
CCCAAACCATGATTGT-1	0	-4.52026093825527	3.22268428145973
CCCAAATAGCAAACCT-1	0	-2.94902408942409	-1.34821727634343
CCCAAATAGCTAAGTC-1	0	-0.69290483817287	-2.82498775185021
CCCAAATAGGAACCAA-1	1	2.88002788201146	-0.883322728284915
CCCAAATAGGGCTAAA-1	0	-4.45187104567714	-0.886174184688648
CCCAACCGTAAACAAG-1	1	3.7310537017899	-0.0655203884926636
CCCAACCGTAACAGGG-1	0	-4.71010363921352	-1.81936101377877
CCCAACCGTAGCCTAA-1	0	-5.3896967254562	-2.01751009882363
CCCAACCGTCACAGAC-1	0	-2.4927023731155	1.30897774039833
CCCAACCGTGCTAGCG-1	0	-3.50324548110195	-2.1876827305642
CCCAACCGTGGATGTC-1	1	2.17187284603886	-0.123227102169116
CCCAATTGTAGCTAAT-1	0	-4.6714292846603	-3.61182079971703
CCCAATTGTCCTTAGT-1	0	-5.61144746169277	-0.949333352455219
CCCAATTGTTTGTGGA-1	1	3.65065657273106	-0.250288230785449
CCCAGTTTCATGTCAA-1	0	-4.43470681533046	-2.41671417416008
CCCAGTTTCCCTCGCA-1	0	-5.59773648604579	-2.91909502209099
CCCAGTTTCGTTACAA-1	0	-5.11830819472499	-4.99131618202599
CCCAGTTTCTACCTAT-1	0	-1.29332447871395	-0.310172242530902
CCCATAACAACTAGAA-1	0	-4.79812253340908	-3.34891710937889
CCCATAACACAACAGG-1	3	10.5764878906327	5.93232526122658
CCCATAACATCCTGAA-1	1	3.05641042366795	-1.31386726857098
CCCATAACATGGCCTG-1	3	10.3129638351517	5.13292445479957
CCCGCAACAAGGACCA-1	0	-3.96389306410976	-3.9314149445382
CCCGCAACAAGTGAAC-1	1	2.76132427826695	-0.528986555942615
CCCGCAACACCCACCT-1	0	-2.83009279593654	-2.38822184265526
CCCGCAACACCTAAGC-1	1	2.98890935555272	0.333564060321728
CCCGCAACATCTAGCA-1	0	-3.24317134246059	-0.971105245360454
CCCGCAACATTAGCGC-1	2	-0.0170497380179934	8.2707723551902
CCCGCTTCAACCCTCC-1	0	-4.55992377623745	-0.740119410165866
CCCGCTTCAAGCTTTG-1	3	9.61497913971714	9.42570342361061
CCCGCTTCACTAGGTC-1	0	0.15450339690022	1.54951299964515
CCCGCTTCAGGAAGCC-1	4	6.90410124436192	-11.5858570164529
CCCGCTTCAGGTCCTG-1	0	-1.79744089469142	-4.0945898121682
CCCGCTTCAGGTTACC-1	0	-2.92270768508144	0.0836186581763427
CCCGCTTCAGTAATAG-1	0	1.37345712557606	-1.26501994342478
CCCGTAAAGCGCTCAA-1	0	-5.54783547743984	2.33999838172523
CCCGTAAAGTAGCGGG-1	0	-3.19708979949184	0.322505014530102
CCCGTTGTCAGCACGC-1	0	-1.83133495673366	-2.40624318779381
CCCGTTGTCCAAACAC-1	0	-5.01721824034877	-0.781569523223956
CCCGTTGTCCGGTTGA-1	0	-1.34948051795192	-4.03694592178734
CCCGTTGTCGCTCCAT-1	0	-3.10248554572292	-2.8588560646859
CCCTAATGTTCGCTTG-1	0	-5.36875546797939	-2.52016280353936
CCCTCACCACCTACTT-1	0	-1.99303925856777	-1.48975796759995
CCCTCACCATCTAGCA-1	3	10.6529697097855	9.30046119033424
CCCTCACCATTGTGCA-1	2	0.82546163276009	8.47531928359596
CCCTCAGTCAGCAAGA-1	2	0.60589570477776	7.27157058059303
CCCTCAGTCCCGTTGT-1	0	-2.42436517104335	1.37763609229652
CCCTCAGTCCCTCACG-1	0	-4.00082457884975	1.17967714606849
CCCTCAGTCCTACCTA-1	0	-4.17417634352871	-2.88728628815087
CCCTCAGTCGCTAGTG-1	1	8.43711172715001	-12.0256382054177
CCCTCAGTCTCCATGC-1	0	-1.25432146414943	-3.25694666565331
CCCTCATAGACAACGA-1	5	-0.206993111221271	3.97811641036598
CCCTCATAGGTAAGCA-1	1	3.37132250443272	-0.338645262130817
CCCTGGACACCAACCG-1	0	-5.44244254454799	3.16479863463966
CCCTGGACACGAATCC-1	0	-2.05797065123745	0.868362801662366
CCCTGGACATAATCGT-1	0	-1.20381773337551	0.962431567302624
CCCTGGACATGTTGGC-1	1	3.6568132556992	0.65072883903114
CCCTGTTAGCATCCAG-1	0	-4.121406682579	-4.09577093780907
CCCTGTTAGCTGTACG-1	0	-4.84487880095668	0.944558756938855
CCCTTAATCACGCCAA-1	0	-4.61455787047573	-2.1979696577874
CCCTTAATCATCCTGC-1	0	-2.65680087432094	-1.34485558927925
CCCTTAATCGGGACTC-1	3	10.5894740737992	9.45882930099098
CCCTTAATCTGTTCAT-1	1	3.79809509888462	-1.05113851786526
CCGACAGGTAGGATTT-1	0	-0.759843357650714	-2.2465206211892
CCGACAGGTAGGTTTG-1	2	2.09072994366459	7.3065160685691
CCGATGCAGCTATTAG-1	0	-1.43242538794704	-4.77318225563439
CCGATGCAGCTCCTAC-1	0	-5.90633643492885	-1.22082226858409
CCGATGCAGGCAGGTG-1	0	-5.8327685676498	-2.95592806995781
CCGATGCAGTATGTGC-1	0	-3.90005315169521	-3.08505271137627
CCGATGCAGTCGCAAT-1	0	-1.06561840399929	-3.8269272869912
CCGCAAATCCCGAACA-1	0	-5.49637187346645	-3.08416007221611
CCGCAAATCGAGGAGT-1	0	-2.87895429953762	-3.80107722938927
CCGCAAATCGCCTAAG-1	4	8.31193482056431	-12.9370800083962
CCGCAAATCGCTAAGT-1	1	3.44528328553013	-0.450153810390552
CCGCAAATCGGCCATA-1	0	-4.317216523735	-2.60291276634606
CCGCAAATCTTGACCC-1	0	-1.45018161162563	-4.77086673439415
CCGCAAGGTGGAAACG-1	0	-3.61202252730556	1.22049273788063
CCGCAAGGTGTTCCCA-1	0	-5.28710616454311	-2.81156192482384
CCGCAAGGTTAAGTGT-1	4	8.07780968323521	-11.9550186222878
CCGCACACAGAATGAC-1	4	8.45937620774083	-12.9451652592507
CCGCCAACACAATGTT-1	0	1.52058940306477	-0.716443640598377
CCGCCAACACCTACGG-1	0	-4.67264235839077	-3.43547163666161
CCGCCAACACGTTACA-1	1	2.14748191014103	1.63669194518654
CCGCCAACAGAGGGAG-1	0	-5.0901771865768	-2.03270129621895
CCGCCAACATACTCCT-1	0	-5.31658900603481	2.69456209479896
CCGCTAAAGTCATCCC-1	2	3.32299577370457	7.88959731399147
CCGCTAAAGTTCCCAC-1	3	9.99113022461705	9.5170406275901
CCGCTAGCAGGAAGCC-1	1	2.27063357010655	0.32430495559303
CCGCTAGCAGGTTTGC-1	0	-4.62767375334926	-0.401871723541339
CCGCTTAGTCTTGCAT-1	0	-4.94135058745571	2.81744279204933
CCGCTTAGTGCCTCAC-1	0	-3.24845112189479	1.87563409148781
CCGGTAGGTTAATGAC-1	0	-3.27214778289028	-4.26640043915184
CCGGTAGGTTCGGTAA-1	0	-1.26836610659786	-3.87125144661339
CCGGTAGGTTGAGCCG-1	3	10.0284513153153	6.18318213759987
CCGGTAGGTTTACTTG-1	3	10.0901874221878	5.50330390273658
CCGGTTAAGGCTACTG-1	4	8.30702578202061	-13.1206260746804
CCGGTTAAGGTGAAGC-1	1	2.38506113663487	2.01729692756263
CCGGTTAAGTCATTTC-1	0	-4.56482947692104	-3.14258609474572
CCGGTTAAGTTGTCAA-1	1	1.83706163540654	-1.04347134889038
CCGTGCTGTATTGTCC-1	0	-2.76642025336452	-4.22491703689965
CCGTGCTGTCCGTGAG-1	0	-5.96232093199916	-2.18312893570336
CCGTGCTGTCGTTATC-1	0	-3.17358625754543	-1.91855780542763
CCGTGCTGTGCCTCAC-1	0	-3.03110111579128	-2.76719318092736
CCGTGCTGTTCCTCCT-1	1	3.05391060486607	-1.61757556856545
CCGTGCTGTTTATGGG-1	0	-4.18860162123867	-3.16872130096825
CCGTTAACATAGCTTG-1	1	2.49634527340702	0.513851540676038
CCGTTAACATAGGCGA-1	2	1.44753318205647	7.30165137588112
CCGTTAACATCAGCAC-1	0	-3.98494256362148	-3.91429672897728
CCGTTACTCAAACACC-1	2	1.86237191334538	7.84703006087867
CCGTTACTCAAGTGAG-1	0	-5.41732610091396	3.35956610976783
CCGTTACTCATGGCCA-1	2	0.522964350135846	7.9099325114402
CCGTTACTCATTTGTC-1	0	-4.90095437392421	-2.58757446468743
CCGTTACTCGGTCAGC-1	0	-0.790998347846942	-2.11154113472374
CCGTTATGTCAAGTAT-1	0	-4.67078173979946	-1.00264870882901
CCGTTATGTCTTACTA-1	3	10.3523820556717	5.81055964767067
CCGTTATGTGAGACTC-1	0	-4.9655753456039	-2.77318142116936
CCGTTATGTGCTAGAC-1	3	9.85596882477574	5.2878359728965
CCGTTGCGTCCCGGAA-1	4	8.18529402390294	-12.3176199025002
CCGTTGCGTTTCGCGC-1	1	2.56753396168522	-0.628271562465747
CCGTTTGGTACCTTAC-1	1	3.67101942673497	-1.23246650160225
CCGTTTGGTAGTTGGC-1	0	-2.77674377783962	-1.55968858064087
CCTAAAGGTAATCGGC-1	0	-3.9176188789291	-2.99608371914299
CCTAAAGGTATTCGCT-1	3	10.1309579528885	7.02257479964821
CCTAAAGGTCCTTCAG-1	0	-1.97956431731411	-0.177360398181995
CCTAAAGGTGCACGCA-1	2	0.94075091853909	7.47115649520485
CCTAAAGGTGCTTACT-1	0	-4.00402463301845	-2.6851032799569
CCTAAAGGTTTAGCGA-1	0	-1.92863834723659	-4.31708775223168
CCTAAATCAACAGCCT-1	2	2.25348281040959	7.74633063613502
CCTAAATCAATGAAGC-1	0	-3.31043232306667	1.42982973395912
CCTAAATCATAAGGAC-1	0	-0.683905252067523	-3.49914727867516
CCTAAATCATTAAACC-1	5	-0.478983172027545	4.22186555205909
CCTAAGCCAGGCCATT-1	3	9.76579224243931	5.05436982452003
CCTAAGCCATAGACCC-1	1	1.91246139183812	1.65008558570472
CCTAAGGTCCAAGTGT-1	0	-3.7191621147079	-0.711772901424487
CCTAAGGTCCCTGGAA-1	0	-2.13284886702724	-4.2836447781411
CCTAAGGTCCTAGTCC-1	0	-3.5160394988937	-3.8217946118203
CCTAAGGTCGCTAGAT-1	0	-5.35351432189174	3.06925286590187
CCTAAGGTCTTTGACT-1	0	-2.90039075240322	-0.36288337171944
CCTAAGTAGCTGTCAG-1	4	6.99510990753941	-11.6084514683572
CCTAAGTAGGTCCGTA-1	0	-1.45477784499355	-2.66865955055626
CCTAAGTAGTAACCAC-1	0	-5.19319976195522	-4.83043299377831
CCTAATAAGGGTGAAC-1	1	2.17649077549748	-1.26118592680367
CCTAATAAGTAAGTCC-1	0	-4.09492553099819	-1.77496908367546
CCTAATCGTATTTGCC-1	0	-1.7354990325851	-2.85226438702019
CCTAATCGTGCACGCA-1	2	0.883147931845708	8.43900813399879
CCTACTGGTAATAACC-1	0	-1.37310398444362	-2.33018813789757
CCTACTGGTCCGTGAG-1	0	-3.37052739485927	-1.52909160912903
CCTACTGGTTGCACAA-1	1	2.43970667496495	1.55400122939674
CCTACTTCAACGTGCT-1	0	-2.64199841841884	-4.09700904549034
CCTACTTCAAGGTCCT-1	0	-1.33642137870021	-1.91881803930672
CCTACTTCAAGGTGGC-1	0	-2.11103189810939	-3.30237994850548
CCTACTTCAGGTTTGC-1	3	9.77717720642857	6.0985425883445
CCTAGTTGTATTTGCC-1	1	3.66123997345738	-0.44490401209267
CCTAGTTGTGAGGTGA-1	0	3.36849438324742	0.17059971629707
CCTAGTTGTGCATTAG-1	3	9.98123776093296	6.41882790862648
CCTAGTTGTGTCACGG-1	0	-2.9541121803207	0.260432260623852
CCTAGTTGTTAAGTGT-1	0	-5.74229968413539	-0.876490486272891
CCTAGTTGTTATCCTA-1	0	-3.47765363082119	-0.698569042095264
CCTATAGCATCCATCT-1	0	-2.05480635985561	-3.33336101234825
CCTATAGCATTTAAGC-1	0	-2.13200105055996	-2.0694815343705
CCTATATTCAGGTTTA-1	0	-1.62174642905422	-3.37989292801293
CCTATATTCCTTGAGG-1	0	-3.68954337462612	-2.85236297310265
CCTATATTCGTTAAGC-1	4	8.4836229003983	-13.1656929081765
CCTATATTCTGCAAAC-1	3	10.2574199356156	7.05609359084694
CCTATATTCTTAAGTG-1	0	-5.51287425383754	2.34722723304359
CCTATATTCTTGAGCG-1	3	9.76145302429966	4.96101369201271
CCTATTGTCTAGCTAA-1	0	-4.95741284712978	3.47645701705543
CCTATTTAGCACGATT-1	2	1.36778532639317	7.08150996505348
CCTATTTAGGAACCGG-1	2	0.22562246695332	8.43796481429664
CCTCAATGTAGGATTT-1	1	3.41571008339695	0.234715002170483
CCTCAATGTGCCTCAC-1	1	2.18278526440434	2.1595434123191
CCTCAATGTGCGCGTA-1	3	10.4125255264359	8.40295829116432
CCTCAATGTTTGGTTC-1	0	-1.44251407012172	-4.2852681702462
CCTCAGTTCAAGACTC-1	0	-4.39281857833095	-1.52214328707131
CCTCAGTTCCCGCATT-1	3	10.5367864288407	8.5893234187278
CCTCAGTTCGTGCTAG-1	3	10.579364172371	6.01949395476906
CCTCCTCTCAAGCCTG-1	2	3.86526428833775	6.41835488616554
CCTCCTCTCGCTAGCA-1	3	10.2592652954178	7.46586932479469
CCTCCTCTCTGGCTTC-1	0	-1.2600009523315	-2.77801941097649
CCTCCTGAGCAATAGG-1	4	8.00472628250889	-12.2442833012429
CCTCCTGAGCATTAGC-1	1	3.18055545464329	0.114530461421887
CCTCCTGAGCCTGGTA-1	0	-3.34497607573696	-2.14836446703347
CCTCCTGAGCGAAGTA-1	0	-3.16960490569301	1.66732944785682
CCTCCTGAGCTCCTTA-1	3	10.0092614807206	9.08078231155006
CCTCCTGAGTTAGCTA-1	0	-2.2393323264999	-2.7158490246621
CCTGAATAGCTGGAAA-1	3	10.3072312988358	9.89471568404762
CCTGAATAGGCATTAC-1	2	2.85970770493321	7.93956507979957
CCTGAATAGTCCTGAG-1	1	2.46083020344548	0.719030635944287
CCTGACTTCCGTAAAC-1	0	-5.4485699020309	-2.05855069816979
CCTGACTTCGATATTG-1	0	-2.81759107932277	-4.35662637413414
CCTGACTTCGCTAGCA-1	3	9.95392262116246	9.26686324416725
CCTGACTTCTCACTCA-1	0	-5.4790235839767	-2.54368923366936
CCTGAGTCATGCTCCC-1	0	-1.9222883068008	-1.76142279566201
CCTGATGAGACAGGCG-1	1	1.85029303208165	1.73776926337806
CCTGATGAGCAACAAG-1	0	-5.14733947142788	-1.17549352110298
CCTGATGAGCTTAACA-1	0	-4.40825284346767	-0.936887485393604
CCTGATGAGGAGCATA-1	1	3.60708438530735	-0.807303530582507
CCTGATGAGGCATTGT-1	4	7.79020487442784	-13.1816412037698
CCTGATGAGGCTTAGT-1	0	-5.63686145171352	3.15119923888771
CCTGATGAGTCACGAT-1	2	0.182642511280102	7.68962706863014
CCTGCTCCACAAAGGT-1	0	-4.1957885108871	-1.41071094334992
CCTGCTCCACCTCAGG-1	3	9.45767532959752	9.635041611782
CCTGGATCACAACAGG-1	1	2.63750766888432	-1.33406927944096
CCTGGATCAGGCATCT-1	0	-4.9970227561874	-1.58630625666054
CCTGGTAAGCACTTGG-1	1	2.82763110771946	0.635676401248852
CCTGGTAAGCCTAACG-1	3	10.434266439827	8.15210379897682
CCTGGTAAGCGATACT-1	0	-1.12693584784694	0.0116065913352172
CCTGGTAAGCGGTTAT-1	0	-1.52894175872036	-2.7087027853814
CCTGGTAAGCTCCTTA-1	0	-4.93285811766811	-0.62565295160683
CCTGGTAAGGATAAAC-1	0	-4.97787917479702	-4.97088657081993
CCTGGTAAGGGTTAGA-1	0	-2.4598425708694	-2.91944144428643
CCTGGTAAGTTTCCGC-1	0	-4.22236026152797	2.74375452338783
CCTGTAACAACAGGAT-1	0	-5.40608228072353	-1.90804247320565
CCTGTAACAATAACGA-1	0	-5.12982238158413	2.13655556975929
CCTGTAACAATATACC-1	2	2.01236521378331	6.61408747970192
CCTGTAACATTTAAGC-1	3	9.97597157135777	5.65831841765968
CCTGTATGTAATTAGC-1	3	10.1021531738358	8.19470919906227
CCTGTATGTACTGAAT-1	0	-3.22277773245998	-2.85226391018303
CCTGTATGTGGCTTCC-1	0	-3.66323531493373	2.73381938277809
CCTGTTGGTCTCAGCC-1	2	1.76774012223057	6.30009831725685
CCTGTTGGTGAGACTC-1	0	-0.743465193359332	-3.26752529800804
CCTGTTGGTGTTCCCA-1	0	-5.39412034377285	2.3169821673545
CCTGTTGGTTTGCTGT-1	0	-1.97405422553249	-1.84268031776818
CCTTAACGTAGGTTAT-1	0	-4.81320155486293	-0.652728123077472
CCTTAACGTGCTCCGT-1	2	1.52142142430119	7.63052405654518
CCTTAACGTTCCAGGG-1	0	-1.89445556029506	-0.317835492500385
CCTTACTCAAATACCT-1	0	-1.95730603560634	-2.75397549332054
CCTTACTCAGGAATCG-1	4	6.95549141541295	-11.6124559468118
CCTTACTCATTCAGCA-1	0	-3.72393573149868	-2.2716898745385
CCTTAGTGTAATGGCC-1	2	3.76015602722935	8.33829249679176
CCTTAGTGTATTGAGT-1	0	-2.06897819861599	-0.838317436584552
CCTTAGTGTGCACGCA-1	0	-5.27968419417568	2.00956787406532
CCTTAGTGTGCTCCGT-1	0	-3.45397771224208	1.63090886413185
CCTTAGTGTTCCTCCT-1	0	-1.67318070754238	-1.31589950383576
CCTTATGTCATGAGCT-1	4	7.91183697357945	-11.4008747166482
CCTTATGTCGCTAGAT-1	4	8.03981243744664	-13.2140422886697
CCTTCAATCATGCTAA-1	0	-3.33126796111293	-3.30752239883812
CCTTCAATCCCTCAAC-1	0	-5.80230391844936	2.83081521331398
CCTTCAATCGGGATTT-1	0	-4.51887763365932	-1.09853535653027
CCTTCAATCGTCCTTA-1	0	-5.01742566451259	-2.4276238507119
CCTTCAATCTAACCTT-1	1	2.12356995716862	1.51985778152076
CCTTCAATCTCACTAT-1	0	-4.23080170973964	2.76480759917823
CCTTCAATCTTACTCG-1	2	3.84974657669835	6.24706687270729
CCTTCAGGTAATAGCT-1	0	-4.08151734694667	-2.65963576496514
CCTTCAGGTGATTTGG-1	3	9.92329918518834	8.19618071853248
CCTTCAGGTGCATCGG-1	3	9.34218918457798	4.72623576461403
CCTTCAGGTTACAAAC-1	0	-1.17764128073879	-4.39879141510399
CCTTCAGGTTGTCCAT-1	3	9.67509209290318	7.84894789992897
CCTTCGGTCATTATGG-1	0	-1.98371756896205	-2.98276851833733
CCTTCGGTCTTGGACG-1	0	-0.632749804107623	-3.94238768280419
CCTTGCGTCCTGATTT-1	2	2.10544406548314	6.85449637710182
CCTTGTTCAGCAAGAT-1	2	2.14117526188664	7.17672957717506
CCTTTAGTCTCACAAA-1	0	-5.23115790709682	-1.35939724505814
CGAAATGAGGTCCTAG-1	0	-4.8205729804916	-1.07708508283766
CGAACAAAGCTGTACG-1	5	-0.617544540016132	4.10339488326637
CGAACAAAGGATAAAC-1	0	-0.672384508697467	-2.97290669144066
CGAACAAAGGCTACTG-1	2	3.59085618630223	8.21266021071998
CGAACAAAGGTACCGC-1	0	-1.05770064219661	-3.85243855179222
CGAACAAAGTGGCGGA-1	4	8.51577030793004	-10.4498497074929
CGAACCGGTGCTCACC-1	1	2.94159471169285	-1.05043422938259
CGAACCGGTGGACCTG-1	3	10.0193904556351	6.97226943313209
CGAACCGGTTACTTCA-1	0	-2.27399195059963	-0.949427140363773
CGAACCGGTTTATTCG-1	0	-4.90555537566371	-4.11758051575096
CGAAGAATCACAGGAA-1	0	-4.82142651900478	-1.8869379586068
CGAAGAATCATGCTCC-1	0	-4.72418082579799	-1.05477167428406
CGAAGAATCATTACTC-1	2	0.733739986272378	7.9289812022361
CGAAGAATCCGCCTCA-1	0	-3.20411146506496	0.99682726203529
CGAAGAATCCTGATGG-1	0	-3.47641671523281	-5.05088029564293
CGAAGAATCGCTAGAT-1	0	-1.33294475897975	0.820719378581921
CGAAGAATCTTTGAGA-1	5	-0.420332916824298	4.31941069900123
CGAAGCCTCAAGGACA-1	0	-1.29143858775325	-4.17663179100426
CGAAGCCTCATAACTG-1	0	-2.72866094931789	-3.46818981827172
CGAAGCCTCCCTCAAC-1	1	2.73626171723179	0.371825235477368
CGAAGCGAGAACAAGT-1	0	-3.27918089255519	-2.48557112873467
CGAAGCGAGACAAAGT-1	0	-2.53313506468959	-0.160783154377063
CGAAGCGAGCTTCTCA-1	0	-3.3811494193954	-0.157436711200793
CGAAGCGAGGAGGTTA-1	3	8.93955742493443	4.30751027404396
CGAAGCGAGGAGTCGG-1	2	2.82527267113499	7.53916777907936
CGAAGCGAGGCGAATA-1	2	3.82969533577733	6.73413600265114
CGAAGCGAGTTGGGCC-1	1	1.58494686260991	1.93054308234779
CGAAGGCCACATAGCC-1	0	-4.90266192778774	-4.58594761551293
CGAAGGCCAGGTTAAA-1	0	-0.83715213164516	1.10858406364052
CGAAGGCCAGTATGTT-1	0	-3.88294661864467	3.04184569655983
CGAAGTAAGGCCCAGT-1	0	-1.76967347487636	-0.154256922611316
CGAAGTAAGTCTCACC-1	0	-5.14395345076747	-0.47691689194115
CGAATATGTAAGGTTT-1	3	-0.132574030010181	-1.9911922639695
CGAATATGTATTGTGG-1	0	-1.79505575522609	-3.98138056457909
CGAATATGTCATGCCC-1	0	-3.02658379897304	-0.763776344665607
CGAATATGTTACGCAA-1	5	-0.357412584869342	4.67772950469581
CGAATATGTTGCACGG-1	2	0.451146609337849	7.37230910598366
CGAATCTAGGACAATG-1	2	2.58198892250828	7.4154142314109
CGAATCTAGTCAATTG-1	0	-2.01594341620632	-4.6657522744027
CGACAAGCAAACTCAT-1	0	-0.471358903495746	0.353106754413525
CGACAAGCACTAAGAA-1	4	7.40659748688511	-12.861971480259
CGACCTGCATGATTGT-1	0	-2.57599581107326	-1.51929075778397
CGACCTGCATTAAGTC-1	1	2.59053324833683	0.0563903027686279
CGACTAAGTCACAGCG-1	0	-5.26832068785854	3.46050633727638
CGACTAAGTCCTTCTC-1	0	-2.13305295333095	-3.50982533157738
CGAGCGAAGGTTAGAG-1	0	-3.68869126662441	0.305460708728711
CGAGCGAAGTCACTAA-1	3	8.91762291565709	9.23296489059059
CGAGCGAAGTGTGATC-1	3	10.102479330452	7.43523158370582
CGAGCGAAGTTGTCCC-1	4	8.51044117584996	-10.4422861164895
CGAGGAAGTACGGGTT-1	0	-4.92599929198452	-1.33968889475735
CGAGGAAGTGGATTAT-1	1	2.61267458573155	0.160630839458386
CGAGGAAGTGTTGTAG-1	0	9.39045368805699	4.62884177505104
CGAGGAAGTGTTTGCT-1	2	0.201244018228573	7.9811405116233
CGAGGAAGTTACTTGC-1	0	-5.40673602446743	-2.48165033520134
CGAGGAAGTTAGCTGA-1	0	-1.6678949676437	-2.1862748688546
CGAGGAAGTTCCAGGG-1	0	-4.7622381530685	2.87655581771461
CGAGGAAGTTCCTGTG-1	0	-3.97797025069423	-3.8099218434182
CGAGGCAAGAGCAAGC-1	1	1.33607368841938	1.88565291701881
CGAGGCAAGCGCCTTT-1	0	-2.33334434851833	-3.81802306831749
CGAGGCAAGGCCTAAT-1	0	-4.14628566130825	-4.04439984024437
CGAGGCAAGTGAAGTG-1	0	-4.42049754485317	1.51790584861366
CGAGGTGAGCTGTACG-1	0	-6.14428199156948	-1.98233793438347
CGAGGTGAGGGTGGAT-1	0	-1.93822849616237	-3.77509103477867
CGAGTCGGTAAGGTCC-1	0	-5.00361407622524	-0.290506703266223
CGAGTCGGTTACATCC-1	4	8.5384792007523	-10.3755460804787
CGATATTCACAAAGAC-1	0	-3.81367457732387	-1.42263936758908
CGATATTCATGAAATG-1	3	10.6915553726273	5.03401316939918
CGATCCTTCCCTCAAC-1	4	7.39935146942906	-11.8363891667214
CGATCCTTCGGGACCT-1	0	-4.83959925994106	1.40371455489723
CGATGTCCACTTGTTC-1	0	-4.3812419258041	-2.68198834122094
CGATGTCCATTAAGCT-1	0	-4.02352822646328	-2.93926487625511
CGATGTCCATTTGCTC-1	0	-3.28487957343288	-1.21448346362384
CGATTATCAACTAGGG-1	1	2.92394291535191	0.790806906810681
CGATTATCAGGTTATT-1	0	-5.4698945365829	-3.88669810951622
CGATTATCATTCAGCA-1	0	-5.36860097274013	-0.772968632587512
CGATTCCTCATTAGGC-1	0	-2.26287616118618	-4.0151265686837
CGATTCCTCCCTCAGT-1	0	-3.14609874114223	-0.423368317493518
CGATTCCTCTCACTCA-1	0	-3.44310344084926	-3.37316523254784
CGATTGAGTACCTTAC-1	2	3.52341972962193	8.15118064223854
CGATTGAGTTTGAGGC-1	2	2.40103363171391	6.44095839797584
CGATTTGCAATTTGGT-1	0	-5.23108018264003	2.40923322974769
CGATTTGCAGCTCATA-1	4	8.4602526344376	-10.4573951786843
CGATTTGCATTGCAGC-1	0	8.8082021392899	4.29191245376198
CGCAAATTCAATGTCA-1	3	10.4400056518631	7.61692275344459
CGCAAATTCAGTTCCC-1	0	-2.72675860747524	-3.85746370018395
CGCAAATTCATGGCCA-1	5	-0.863350280372577	3.207879918209
CGCAAATTCCTCACTA-1	2	-0.141727813331561	8.0844234400901
CGCAATCCAAAGGCCA-1	0	-2.89349974021144	-0.416051549324115
CGCAATCCACATAACT-1	0	-1.54752910956569	-4.97646771133812
CGCAATCCAGGATTAA-1	0	-4.78908360823818	3.06441964446632
CGCAATCCATGGTTAT-1	0	-5.6702872596664	2.80214227973549
CGCAATGTCATGCATA-1	0	-4.42534697875209	-2.79696009815605
CGCAATGTCATTATGG-1	0	-3.41670716628261	-3.3873508995858
CGCAATGTCCACCCTG-1	0	-4.21135104521938	-3.78326020897301
CGCAATGTCCCTGATC-1	1	3.03446208611302	1.07061995803444
CGCAATGTCCTCAGTC-1	1	3.79085528031163	0.0275470191153686
CGCAATGTCGCTAGAT-1	1	3.65560995713047	-0.666833621868213
CGCAATGTCGGGACTC-1	0	-5.17462027892299	-2.16838954151543
CGCAATGTCTAGCGAT-1	0	-2.26494158133693	-3.83782897652062
CGCAATTAGCGTGCAC-1	1	2.80758105889134	-1.66098572076233
CGCAATTAGGCCAATT-1	0	-0.260708340255695	1.41303529082863
CGCAATTAGGGTTATC-1	0	-5.58791936263271	2.61352266608802
CGCAATTAGTTAGGCT-1	0	-2.65412963256069	1.4562279158744
CGCACAATCACACAGT-1	0	-3.62133324965663	-3.22776256264122
CGCACAATCATAACGC-1	0	-2.72812260016628	-3.32077155769738
CGCACAATCATCCTAT-1	0	-4.26652921065517	-0.838599008926471
CGCACAATCGATTTGA-1	5	-0.549711950866657	4.1652921610984
CGCACAATCGCGACAC-1	0	-0.0974210582656435	1.51619424163429
CGCACAATCTGGCAAT-1	0	-4.14365924224086	-3.87844334305199
CGCACAATCTTGTTCG-1	0	-0.467280157653766	4.77195729552833
CGCACACAGCTGTCAG-1	3	10.3545125640946	6.18036689101783
CGCACACAGGTTTACA-1	3	9.91870438233189	7.84305800735084
CGCACACAGTCCTGAG-1	3	10.0018581070023	8.25737704574196
CGCACCACATTGCAGC-1	2	1.83724199906163	7.39721240340797
CGCATATAGGACCTTG-1	0	-3.09827435836025	-2.45109461010369
CGCATATAGTCAATCA-1	0	-5.55788195952602	-1.36898511410626
CGCATGATCCTTAGGG-1	2	0.651551294328494	7.95812262832252
CGCATGATCGATTTGA-1	0	-4.45325435027309	-4.91332970322045
CGCATTACACAACAAA-1	0	-4.09308827742763	-1.99263791502388
CGCATTACACAGGGAC-1	3	9.98777805939488	6.93273867904274
CGCATTTGTATGGTGC-1	0	-0.524222501365619	1.45242561637489
CGCATTTGTTAAGCCA-1	0	-3.80934871062465	-3.44075928390892
CGCCAAATCAAGACTC-1	0	-3.8927747093124	-1.50382350147637
CGCCAAATCATTGTCT-1	1	2.52101146355442	-0.661219162353595
CGCCAAATCCAAATCA-1	0	-2.01751507147975	-2.86270819366844
CGCCAAATCCTTTACG-1	0	-4.57703603133388	-5.1293638771859
CGCCAAATCGATTTAG-1	3	10.5335849441605	7.52011813460914
CGCCAAATCGGCTAGC-1	5	-0.488486775009113	4.46226825057594
CGCCAAATCGTTAGTA-1	0	-5.044173844902	-2.21260712803276
CGCCACACAAGGTGCA-1	4	8.5466431297379	-10.3822189396706
CGCCACACAGAAATTG-1	0	-4.58596528395839	-1.34624106944474
CGCCACACATAAAGCA-1	4	8.26084982529454	-12.2455888813821
CGCCACACATAGCGGA-1	2	2.18925415650181	7.50535048781959
CGCCTCATCAAGCTTA-1	0	-0.739580162612873	-2.629114014515
CGCCTCATCCAGGAAA-1	0	-4.62021602019496	-4.01406584442528
CGCCTGTGTACAATGT-1	0	-2.5023287616653	-0.0984010523644288
CGCCTGTGTGTTTCAC-1	3	10.1299680389481	6.91877784072487
CGCCTGTGTTAACAGT-1	1	3.00669919625096	-1.26789624006422
CGCGATTCAACTAGGG-1	0	-2.70679558142849	-3.15557037056359
CGCGATTCAATATGGA-1	0	-4.4825054489059	-2.26513658226403
CGCGATTCAGCGCTTG-1	4	8.1248525299149	-11.3841930455056
CGCGATTCATCTAGCA-1	3	9.99779926911168	8.25803031264869
CGCGATTCATTGTCAG-1	0	-5.32160151824184	-3.74087629974755
CGCGGATTCGAAGTGA-1	0	-3.61156380995937	-3.63099156082543
CGCGGATTCTTAGGAC-1	0	7.95211016312413	-12.0520301884499
CGCTAACCATAGTCAT-1	2	3.78231512680821	6.04320802032081
CGCTAACCATCCCTCA-1	2	3.86456596031956	6.17064418136207
CGCTAACCATCGTTCT-1	0	-2.28195513114162	-1.88020448149117
CGCTAACCATGTTTGG-1	0	-4.00634635314174	-3.34685502708824
CGCTAATAGAACCTGT-1	0	-1.10968018397518	-4.6508368080941
CGCTAATAGACACTTA-1	1	3.31635510102086	-0.00488959015281987
CGCTAATAGACAGGTA-1	0	-5.30425227507778	-1.77056215465935
CGCTAATAGCGAGTAA-1	1	2.76516806259922	-0.753279996522983
CGCTAATAGCTATTAG-1	0	-2.73204315528102	1.84709324180214
CGCTAATAGCTTATGA-1	1	2.54810535088353	-0.248842758545001
CGCTAATAGGACTTAC-1	1	2.69622098580174	0.689953463664929
CGCTAATAGTAGCCAT-1	0	-1.44458878859706	-2.62620351971062
CGCTACTTCATGTTTC-1	2	2.73368059769444	7.41462268172828
CGCTACTTCCCGTTGT-1	1	2.75150500908665	-0.594100040802081
CGCTACTTCCTGGCTT-1	0	-2.76565636023708	-3.01796255768212
CGCTACTTCGAGGTGG-1	0	-4.25996125563808	3.02946080504982
CGCTACTTCGCTAGTG-1	0	-5.49716914519496	-0.632321340450366
CGCTATGAGCTTTGTT-1	0	-5.57034123763271	-0.588964325794299
CGCTATGAGTTAGCTA-1	0	-5.15871585234829	-0.773253244766315
CGCTCAGCAAACCCTA-1	0	-0.88163364752956	-4.34128008545311
CGCTCAGCACCTGGTG-1	3	10.3059123672562	9.2729524546775
CGCTCCATCACTTCAT-1	0	-4.70745576247402	-2.0034689134446
CGCTCCATCGAAGTGA-1	0	-4.25648845061489	-4.2055779522744
CGCTCCATCTAAGGAG-1	4	7.52186762467198	-12.7174945896951
CGCTGTGCAACTAGAA-1	1	3.06221472397618	-0.0129206007805664
CGCTGTGCAGGATTAA-1	2	3.34714686051182	1.07886328040687
CGCTGTGCAGTTATGT-1	0	-2.54210174903102	-2.942959052929
CGCTGTGCATAGACCC-1	2	2.63044499531559	7.53496970473854
CGCTGTGCATTGGGAG-1	1	2.98453318253331	0.766592400661389
CGCTTAACACATACTG-1	0	-4.45636809691616	3.12979735671608
CGCTTAACACCACAAC-1	1	2.74428855553441	1.54008902846901
CGCTTAACAGCATGTC-1	2	3.82302247658543	6.58346833526222
CGCTTACTCATGTTTC-1	1	3.62655531540684	-0.965419632801135
CGCTTACTCCTGGCTT-1	2	3.12573134079747	7.31238307296364
CGCTTACTCCTGTTCA-1	0	-5.0918542228622	-0.750475568183978
CGCTTACTCGCAAACT-1	0	-3.25333512648769	-4.50242076576622
CGCTTACTCGCAGGCT-1	0	-4.93575776442714	-0.266730231651386
CGCTTACTCTAATTGG-1	0	-5.80630505904384	-2.71298585594567
CGCTTCTAGCAGGTTT-1	0	-5.33785308226772	-1.84360496462258
CGCTTCTAGGGTCTAT-1	0	-4.97158587798305	-1.91669849813851
CGCTTCTAGTAAGTGG-1	0	-1.48666036948391	-1.86779992044838
CGCTTCTAGTAGCGCC-1	2	3.48845969811253	7.95270575820533
CGCTTCTAGTTAGGCT-1	0	-0.931111343948322	-2.22650132835778
CGCTTGCGTAAGCTCA-1	0	-5.11484921797939	-1.9505879706231
CGCTTGCGTACCTTAC-1	0	-5.91342986449428	-2.01949594677361
CGCTTGCGTGATTACG-1	0	-2.13617933615871	-5.6997619694558
CGCTTGCGTTATCGAG-1	0	-2.6641095958633	0.416691558948437
CGGAATCGTACCAGGT-1	0	-2.21236551627346	1.14474310218422
CGGAATCGTCGACTAA-1	0	-4.51718152388759	2.18831838904945
CGGAATCGTTAAGGCC-1	0	-5.10437930449672	-0.999281106003841
CGGACAACACGTTACA-1	0	-2.59447038993068	-0.894585443147739
CGGACAACAGGCTTCG-1	0	-3.88741362914272	-0.290371043094714
CGGACAACAGTTGCGT-1	0	-4.43632424697109	2.51522149383156
CGGACCTAGCTTCCCG-1	3	10.3161672271805	9.84254111587135
CGGAGCAAGACAACAG-1	0	-4.77976716384121	-3.24415527046593
CGGAGCAAGGACTAAG-1	0	-5.4024821601791	3.15369977294532
CGGAGCAAGGCTAAGA-1	1	3.28548156395726	-0.648929638275226
CGGAGCAAGGCTGGCT-1	0	-2.75275696143337	-3.21833239258202
CGGAGCAAGTGCTGTG-1	0	-4.5043469749374	-0.580215079197009
CGGAGCAAGTTGCCTC-1	1	3.30233108177952	0.492748396984021
CGGAGTCTCAGCTAAC-1	1	3.35980879441075	-0.577085477718433
CGGAGTCTCATAGCCG-1	2	1.35600917712025	7.9515642100486
CGGAGTCTCATGCTAA-1	0	-3.39828408583828	-2.24549482525261
CGGAGTCTCCGGTTGA-1	0	-1.65156639441677	-2.13868818939598
CGGAGTCTCGCGACAC-1	0	-4.6709443412704	1.11742653190223
CGGAGTCTCTCACTAT-1	2	1.92593216076664	7.04546584426491
CGGAGTCTCTGTAATG-1	4	7.38799082413487	-13.0480352467385
CGGATAAAGATAGACG-1	0	-3.55646909102626	-1.27565420181425
CGGATAAAGCCATCAG-1	0	-2.14402473792263	1.00584949790565
CGGATAAAGCGAGTAA-1	0	-5.20007384642788	-1.13217426971467
CGGATAAAGTATCGCG-1	3	10.048693052681	5.53500928222267
CGGATTAGTAAGCTCA-1	0	-0.399409779159503	1.43778242408363
CGGATTAGTGAGCGAA-1	0	-3.72668803557582	2.32671512900917
CGGATTAGTTGAATCG-1	0	-1.95820225104518	-3.52987514198693
CGGCAATGTACCGGAT-1	1	2.75270091667942	-1.4402085369912
CGGCAATGTCAACAAT-1	0	-2.74553216323085	-2.06949083269509
CGGCCATAGCAACAAG-1	4	8.2660969413834	-10.8559213703957
CGGCCATAGTCCTGAG-1	0	-3.38660539015956	-2.29693840206536
CGGCCATAGTTCCCAC-1	0	-2.51053298339077	-3.97735796631249
CGGCTAATCACAGACT-1	2	0.0704522646980711	7.91787661849586
CGGCTAATCCGGGACT-1	3	10.0631383575516	6.24672164260475
CGGCTAATCCTAACGG-1	2	0.788945100458188	8.47794570266334
CGGCTAATCTCCTCAA-1	0	-5.80150807723232	-3.08228204906853
CGGCTCACACTGGCTG-1	0	-4.01325000151821	-3.27569709480675
CGGCTCACAGCTAATT-1	0	-2.36382377967067	-3.80446754158409
CGGGACAAGACCATAC-1	0	-5.39998210295864	2.39893068610756
CGGGACAAGAGCCGGA-1	1	3.14854776039891	-0.880180520423969
CGGGACAAGAGGAGGA-1	3	10.1059135116654	7.41048373519508
CGGGACAAGGCATGTT-1	0	-4.12679446562954	-2.33284495533379
CGGGACAAGGGATGAC-1	0	-5.50159705504604	-1.74350772560509
CGGGACAAGTCTTGAA-1	0	-3.81763995513149	-2.84413884342583
CGGGACAAGTTTGGGT-1	2	0.202787897737546	7.81813277541725
CGGGCTTAGACTTACA-1	0	-0.927941688148456	-4.1797424382058
CGGGCTTAGCGCTCAA-1	0	-4.02120364531704	-0.822725755580981
CGGGCTTAGGGTGGAT-1	3	9.35110890045933	8.15916384994117
CGGGCTTAGTTATGTG-1	3	10.6395610488968	5.26162089644996
CGGGTATGTAATGACT-1	2	0.716612498463912	7.89481200515358
CGGGTATGTCAGGAAG-1	0	-5.85178340300746	-2.5526649779168
CGGGTATGTGCACGCA-1	0	-3.20370663031765	0.585014241329114
CGGGTATGTTTCCTCC-1	3	9.99579273834996	8.13597907363502
CGGGTCTAGAGAGGCT-1	0	-1.39600289687343	-0.745932502159198
CGGGTCTAGCGAAGTA-1	5	-0.593934186546283	4.26405515014259
CGGGTCTAGCTGTAAC-1	0	-2.56248176917263	1.34472646056739
CGGGTCTAGGAGGACT-1	0	-5.44457114562221	-3.50600038231285
CGGGTCTAGTATTGCA-1	0	-5.39928449019619	-3.55435238541039
CGGGTCTAGTTGGGCC-1	1	3.30340396538548	-0.454418641933521
CGGTAACGTGGATGTC-1	2	2.92338239327244	7.64214362441627
CGGTAACGTGTGTCCC-1	0	-0.618645199386554	0.896494763484875
CGGTGAACAACCCTCC-1	4	8.36560808792881	-12.2402397221413
CGGTGAACAATGCCTA-1	1	3.10342108383946	0.130246298900525
CGGTGAACAGCAAATA-1	4	8.28049885407261	-12.5779682225076
CGGTGAACATCGCTCC-1	2	2.78377520218663	8.0174240046653
CGGTGAACATTGTGCA-1	0	-1.77485526427455	-0.239037317642291
CGGTGAGAGCATGAAG-1	0	-3.61149800643154	0.489788430324475
CGGTGAGAGCTATTAG-1	0	-1.46392048224636	-1.50151611627014
CGGTGAGAGCTGTACG-1	2	3.73203670159153	8.42304934798805
CGGTGAGAGTAAGTCC-1	0	-2.13123930319973	-0.406161529430469
CGGTGAGAGTGTTGCG-1	2	0.57666685357861	7.70679511367408
CGGTTATAGCCTGACA-1	1	3.75869809761815	-1.23202096433314
CGGTTATAGGATTGCT-1	3	9.83459507599644	5.68005599319069
CGGTTATAGGGCTTAT-1	2	3.5465997375565	6.75071420013038
CGGTTATAGTAGCCAT-1	1	3.3014608539658	0.141767161479871
CGGTTATAGTTTCCGC-1	2	3.41737949028782	1.52633203803627
CGGTTCCGTAGGTTAT-1	0	-4.53287995680996	-3.48830114067467
CGGTTCCGTCCGTGAG-1	0	-4.05596364363857	2.88002814590065
CGGTTCCGTGATTTGG-1	0	-2.33808387145229	-2.39169834316643
CGGTTCCGTGGAAACG-1	1	2.35809599533848	1.9124251776847
CGGTTGGGTAATGACT-1	0	-4.6052762351913	-0.301281256088336
CGGTTGGGTAATGGAA-1	4	7.44218527451329	-13.1357122486916
CGGTTGGGTCGCAAAC-1	0	-1.09495008811184	-0.0835850066033204
CGGTTTCTCACACAGT-1	0	-2.01198185309597	0.0813877755316894
CGGTTTCTCCTTCAAT-1	0	-3.80282033309169	-2.72824738682183
CGTAACCCACAGCCTG-1	0	-4.15042651519008	-2.81577478111656
CGTAACCCACATACTG-1	0	-4.8350240074081	-4.48225341499718
CGTAACCCATCAATCG-1	0	-6.08128703459926	-1.82727490127953
CGTAACCCATCGCTTT-1	0	-4.71485150679775	-3.57843909920128
CGTAACTAGCTAATTG-1	3	10.2565911926346	5.09238566695778
CGTAACTAGCTAGAAG-1	0	-0.884498365966754	-2.64164171875389
CGTAACTAGTATTGGC-1	0	-0.565413364021259	-2.99697361648949
CGTAATGGTAAGCTCA-1	0	-0.240064927188831	1.55532373725502
CGTAATGGTCAAAGAA-1	4	8.13561188355259	-11.3101278370705
CGTAATGGTGATGGCT-1	0	-5.90208114012905	-3.0351849621621
CGTACGGGTAAACAAG-1	0	-2.48943794593044	-0.594781798729022
CGTACGGGTAATAACC-1	0	-2.63750923499294	0.619635241619031
CGTACGGGTCATGCAA-1	0	-1.58779800757595	-1.88341794670494
CGTACGGGTTATCCTA-1	0	-4.87065804824062	-2.58852861584099
CGTACGGGTTTGGTTC-1	2	1.17248957529835	6.98297442733375
CGTAGTTAGCGGATTT-1	0	-2.13469470366664	-4.0355831211892
CGTAGTTAGTATTGGC-1	0	-3.80785859450527	2.75841869651405
CGTCAATAGTCATGCG-1	0	-4.1789280258102	-1.10561393708857
CGTCATTGTAACGAGG-1	3	10.0532640136795	7.94513930617897
CGTCATTGTAAGTCGC-1	1	2.72583305016331	0.989790814510266
CGTCATTGTAATCACG-1	0	-4.71732724532314	3.05559291183082
CGTCATTGTACCCACC-1	0	-2.06261361464687	-2.36563120544823
CGTCATTGTGGTTCTT-1	0	-3.52879060134121	-1.23362125218781
CGTCCTAGTAATCGTG-1	0	-5.5434185348434	2.40630425750343
CGTCCTAGTAGGTTGC-1	0	-5.50036633834072	-2.40316830337914
CGTCCTAGTCACCTAT-1	3	10.2745755828934	10.1696685725364
CGTCCTAGTGACATGC-1	0	-4.36081755980678	-0.750633282074054
CGTCCTAGTGTTTGCT-1	4	8.60222517624669	-10.3141122883645
CGTGACATCACTAAGC-1	0	-2.27950228079982	-4.03400431335839
CGTGACATCATGCGTG-1	4	7.33007036820225	-12.9906965321389
CGTGACATCGAAGTAG-1	2	3.78555833473973	6.65015591918556
CGTGAGGAGATGCCTG-1	0	-4.61798919066616	-1.5620070225087
CGTGAGGAGCTATATG-1	0	-3.83862698897548	-2.82528505981835
CGTGAGGAGCTGAGGG-1	0	-3.71875108107753	1.57514538108436
CGTGAGGAGCTGTAAC-1	0	-1.37623680457302	-3.06140099228295
CGTGAGGAGGCTAATC-1	2	2.63801550045781	7.62531794845192
CGTGAGGAGTACCGCA-1	0	-5.30989659651943	-3.11574731529625
CGTGAGGAGTTCCTGC-1	0	-1.81264460906215	-5.17532215774925
CGTGCACAGACTTATG-1	3	10.2100585617142	9.94784201919166
CGTGCACAGCCGCTTT-1	0	-4.08800471648403	-1.13120137662562
CGTGCACAGCTATTGA-1	0	-2.47788894995876	-1.42275076867016
CGTGCACAGTGACCTG-1	4	7.38836323395543	-13.1112342900124
CGTGCTGCAAGGTCCT-1	3	8.80785309449009	4.33915652572242
CGTGCTGCAATTGCGC-1	2	4.04260837212376	6.50029362975685
CGTGCTGCACAGGGAC-1	0	-5.92280686721035	-3.02765844524773
CGTGCTGCACCCACAG-1	0	-1.70561970099636	-1.23198432237776
CGTGCTGCATCCCTCA-1	0	-3.78036177977748	-3.01155267418297
CGTGCTTTCTAGCGAT-1	0	-4.63339150771328	-3.76184044540795
CGTGGTTCAAACTGCC-1	3	9.58281933441929	5.38386143981544
CGTGGTTCAAAGCGCA-1	0	-2.72537554129787	-2.25761745632561
CGTGGTTCACAGGAAT-1	2	2.95801531449131	1.14273895560829
CGTGGTTCACTGGCCA-1	0	-3.1441482387466	-3.79542766273888
CGTGGTTCAGGCCAAA-1	0	-4.96887362822719	-0.975066286930164
CGTGTGTCAAGGACCA-1	4	7.37048756256871	-11.6669736927834
CGTGTGTCACAGGATG-1	0	-2.78786695822902	-1.26281309635313
CGTGTTACAATAATGG-1	0	-1.61747229918666	-1.56207833946617
CGTGTTACATGCTATG-1	4	8.09995972290806	-11.6372448033181
CGTTAAATCATCCTCA-1	0	-4.13407195433803	1.05027379333107
CGTTAAATCTAATCTC-1	1	2.18806230202488	0.146387117496411
CGTTAAATCTGCAAGT-1	0	-0.386173733322101	1.26496137916176
CGTTAAATCTGGTCCT-1	0	-1.53926504477687	-2.79852638901146
CGTTAAATCTTGGACG-1	0	-3.282779105751	-2.96713338554772
CGTTAACAGACTAAGG-1	0	-5.10676444396205	-3.58342300117882
CGTTAACAGCCTGTTC-1	5	-0.469750174133258	4.51040496169655
CGTTAACAGGAGGCAT-1	0	-0.576756008712726	-2.77850888431938
CGTTAACAGGGCCACT-1	0	-3.48073304518886	-3.58305082977684
CGTTAACAGGGCTTAT-1	3	10.636848799141	5.82215728103248
CGTTAACAGTAAGTGG-1	0	-4.5468479476852	-0.523334545501788
CGTTAACAGTGAAGTG-1	0	-1.45703733786769	-4.13624010742577
CGTTAGGTCAATCATG-1	0	-1.74824608191677	-4.35139880836876
CGTTAGGTCATCCTCA-1	0	-3.18693650588222	-2.74910221756371
CGTTAGGTCCTCACTA-1	0	-0.798804648963886	-2.99408422172936
CGTTAGGTCCTGATTT-1	0	-1.4711312137527	-3.41774783790978
CGTTAGGTCGACCTGA-1	4	8.05841290131382	-11.6367536610452
CGTTAGTAGCTGCACA-1	2	9.51179443970494	7.80224551498024
CGTTATCGTTACTTGC-1	0	-4.69845164641567	-3.5989318913308
CGTTATCGTTGCACAA-1	0	-1.73687995299526	-3.82724176109703
CGTTATCGTTTCCACG-1	1	2.72519861832432	1.12043012916176
CGTTATTTCACTTCAT-1	3	9.93518387451939	9.61940802871315
CGTTATTTCATGCATA-1	0	-0.790189035980182	-3.16260789097222
CGTTATTTCGACAAAG-1	0	-3.66281283721157	-3.22500954330834
CGTTATTTCTTGCTAT-1	2	2.07625304833226	6.98241366683571
CGTTGCAAGGTCCACA-1	0	-2.64469993933864	-2.97216211021813
CGTTGCAAGTAACCAC-1	0	-4.56836903914638	-1.43317286432656
CGTTGCAAGTCACCAG-1	2	2.95178639069371	7.37333812057106
CGTTGCAAGTCACGAT-1	0	-2.87744940146633	-1.873702985653
CGTTTCTCATGCTTAG-1	0	-3.77022374495693	-3.38844023407372
CGTTTCTCATTGGGAG-1	0	-4.41727364882656	-0.872822714456638
CGTTTGGAGAGGAGGA-1	2	3.93895327225499	6.56717147170631
CGTTTGGAGCATGTCG-1	0	-4.76598418578334	0.617805498233716
CGTTTGGAGGAGCATA-1	0	-2.10426271781154	-1.2254749550012
CGTTTGGAGGGATGAC-1	3	9.67652260437779	7.43402900039283
CGTTTGGAGGGCCATC-1	4	8.40738236084752	-12.5963331288186
CGTTTGTGTCCTCCAA-1	1	2.84814011231236	0.877745288005749
CGTTTGTGTGACCTGG-1	0	-3.75627911910244	1.7649871283683
CGTTTGTGTTGCTTCG-1	0	-4.6872435890121	-2.18898568809899
CTAAAGCTCAACAAGG-1	0	-4.34893334731288	0.908849375835339
CTAAAGCTCCACAATA-1	0	-3.81514895781704	1.67125334083168
CTAAAGCTCCCGTTAC-1	1	3.09315144196324	-1.19060904015722
CTAAATGTCGTCATTT-1	3	10.1644624389725	8.16946639358131
CTAACCCTCATGGCCA-1	1	3.23805581703953	0.350484150043408
CTAACCCTCCAAACAC-1	0	-4.51259482726284	-4.18958292663964
CTAACCCTCGGTAACT-1	0	-3.58698666915126	1.72011222182838
CTAACCCTCTCACACC-1	0	-0.358871348945575	1.55107631026832
CTAACCCTCTCGCCTG-1	4	8.27750527039341	-11.7727323597756
CTAACCTGTCAAAGAA-1	0	-5.03283990248867	2.07409776984779
CTAACCTGTTATCGAG-1	0	-4.35248149260707	-1.12857802347215
CTAACCTGTTCCTCCT-1	3	10.0374101318436	8.09301890670387
CTAACCTGTTTCAGGA-1	0	-3.03811300620266	-4.15333352745446
CTAAGGTTCATCACTT-1	3	10.5004914917069	5.60009612380592
CTAAGGTTCGTAATCA-1	0	-4.85204041823574	-1.12439636276038
CTAAGGTTCTTAGTGA-1	0	-1.87218225821682	-2.75941775501641
CTAAGTCAGCTATTGA-1	1	3.56702338829808	-0.392677528270801
CTAAGTCAGCTTAGTA-1	0	-1.27673304900356	-3.81256566704186
CTAATAGTCCCAGTAG-1	2	2.50734590664677	6.81934298812477
CTAATAGTCCGCAAAT-1	0	-5.04801333769985	-2.8548414534417
CTAATAGTCCTTGTTG-1	0	-1.61801184043117	-0.459438962349017
CTAATAGTCGTCAAGT-1	0	-1.53122938498684	-4.46578560532006
CTAATAGTCTTAATGG-1	0	-3.86103690489955	-1.01785678923996
CTAATCCGTTTCAGGA-1	0	-2.62529338225551	0.342137234798352
CTAATCGCACCAGGTT-1	0	-3.53089345320888	-3.95956216514977
CTAATCGCAGAGAGCC-1	2	3.775556913765	6.03372992812721
CTAATCGCATGGTTAT-1	0	-5.11612952574916	-0.736965877422412
CTAATCTTCAGCAAAG-1	2	1.04244955554776	7.80445994674293
CTAATCTTCATTGCGG-1	1	3.81652938500218	-1.25352667034539
CTAATCTTCCATAAGC-1	0	-2.58662808760829	-4.03180156410607
CTAATCTTCCCGCAAA-1	0	-0.950149186698871	-1.99641917408379
CTAATCTTCGCTAGTG-1	0	-4.32877314910121	-2.37548635662468
CTAATCTTCTAGCTAA-1	3	10.176960340889	5.77051963149635
CTAATGTCAACTGGGA-1	0	-4.71906340941616	-3.84431968391808
CTAATGTCACAGGATG-1	0	-2.17964781150051	-0.27094457806023
CTAATGTCACATTAAC-1	3	10.5932162918168	7.48346938430397
CTAATGTCATAGACTT-1	0	-4.93934977873989	-0.895296228536685
CTAATGTCATTAAGTC-1	0	-3.99468530043788	2.92809571563331
CTAATTGAGCATGCAT-1	2	3.57822929993443	7.74753321944801
CTAATTGAGCGATAAG-1	2	3.64702879563145	8.02732409774391
CTAATTGAGGCTTAGT-1	0	-5.11708224639125	-3.56070075691613
CTACAACAGGGTCCAC-1	0	-1.46016944274135	-1.9350604242173
CTACAACAGTAAAGGT-1	0	-1.55877674445339	-3.78808746994408
CTACCGGCAGAAACGT-1	4	7.65309940949254	-11.7749057835427
CTACCGGCATGACTAT-1	0	-5.79412425383754	2.53806485473243
CTACCGGCATTGCGAC-1	5	-0.649734028427082	4.21100510894386
CTACCTCAGGCTCATG-1	1	2.94604884758763	-0.624616128810962
CTACCTCAGGGACTAA-1	2	3.86959158554844	6.13391436874
CTACGAAGTCATTGAG-1	0	-3.47744906768032	1.4646302634391
CTACGAAGTGAGCGAA-1	4	8.46509920731358	-10.5138603276101
CTACGAAGTTAACAGT-1	0	-1.44136417731472	-0.504421336063464
CTACGAAGTTCGCGCT-1	4	8.62389027252964	-10.2867208546487
CTACTTAGTAGCTGGT-1	0	-0.716063507644611	0.665163534274976
CTACTTAGTCATGCCC-1	0	-5.18261254653163	-2.06051157177361
CTACTTAGTCCCGGAA-1	0	-5.1315590225143	-2.57559393108757
CTACTTAGTGTGCACG-1	4	8.43818222657017	-13.1248346394387
CTACTTAGTTCGCTTG-1	0	-3.32609999999233	-1.81611512363823
CTACTTAGTTGCGGAT-1	1	3.52904044762425	-0.00299583137901616
CTACTTAGTTTAACCC-1	1	3.57796537056736	-0.39791218698891
CTAGATTCAAGGTAAC-1	2	2.40672146454625	7.30912627517311
CTAGCGGGTTGTTGGA-1	2	3.85896598473362	6.5328515940818
CTAGCGGGTTTGGCGG-1	0	-5.67746175154872	-2.30925820530327
CTAGCTGAGCAAACCT-1	1	1.82597910538487	1.99814452468483
CTAGCTGAGCACAGGG-1	0	-4.90039409026332	3.2956255847129
CTAGCTGAGCGCCTTT-1	2	3.93984901085667	6.31768454848854
CTAGCTGAGTTTCCGC-1	3	10.6483539260941	5.42786874114601
CTAGCTTGTACCAGGT-1	1	2.0234668172913	2.02385534583656
CTAGCTTGTGGTTATG-1	0	-2.09298766478725	0.22731472789375
CTAGCTTGTTGGTGAC-1	2	2.87776099816136	7.90872897445289
CTAGGACGTCGCATAA-1	0	-4.62538302764125	-2.97592018307122
CTAGGACGTGACCTGG-1	0	-1.55098880156704	-4.72303901375206
CTAGGACGTGCAACTA-1	0	-4.22427857741542	-3.55184994400414
CTAGGACGTGTGTCCC-1	0	-2.26007665023037	-0.275530976661762
CTAGGCGGTATTGTCC-1	0	0.300740919263882	1.60415281592933
CTAGGCGGTCAAACTG-1	0	0.264143279941601	1.61167563735573
CTAGGCGGTGAGCACT-1	2	3.78419100418858	8.48905028640358
CTAGGCGGTTCAAGAT-1	0	-5.597893842308	-1.40453873337181
CTAGTAATCACCTGTC-1	0	-0.688537009803729	-3.95852313698204
CTAGTAATCATGCCTC-1	0	-6.02661145552822	-2.04720334471138
CTAGTAATCGAAGCGG-1	0	-3.17672861441799	-0.937875953921397
CTAGTAATCTGGCTTC-1	0	-0.699604757873493	-1.96966151655587
CTAGTAGGTGCTTAGA-1	0	-0.432860025016742	-1.78816275061043
CTAGTAGGTTATCCTA-1	0	-2.76051963195034	-4.87085614860924
CTAGTAGGTTGAATCG-1	2	2.50284945145421	7.14148082076637
CTAGTCGAGCAAGGGT-1	1	1.80605947151951	1.99311746894447
CTAGTCGAGCAAGGTA-1	0	-3.71342910155483	-0.273212534793933
CTAGTCGAGGCATTGT-1	0	-3.0569375835342	-0.395152551540454
CTAGTCGAGGTCCACA-1	0	-4.56092322692104	-2.06949995220574
CTAGTCGAGTGTGATC-1	0	-1.73599470481105	-2.99360082806023
CTAGTGAGTAAGGTCC-1	1	2.5421265281754	-0.0281611508217652
CTAGTGAGTTAATGCG-1	0	-2.79475534781642	1.88949288665382
CTAGTGAGTTACGCAA-1	0	-4.53984988555141	-2.705490095028
CTAGTGAGTTTAGCTC-1	4	7.02249228134922	-11.6203352040139
CTAGTGAGTTTGCAGA-1	1	3.26005493775181	-0.11778329075249
CTAGTTGCAAACCCTA-1	1	3.74973284378819	-0.50307975471886
CTAGTTGCAACTAACT-1	3	10.3413718856888	6.65150489150612
CTAGTTGCAATCCCTT-1	0	-0.95365501269527	3.02427377044288
CTAGTTGCACGTAATT-1	0	-1.52194035872646	-0.705862415441592
CTAGTTGCACTAAGTT-1	0	-4.40169442519374	-4.36087976158531
CTAGTTGCATAATGTC-1	0	-5.2447763763351	-2.80845115841301
CTAGTTGCATAGCTTG-1	0	-1.7701670013351	-4.48702583969506
CTAGTTGCATTAGGCC-1	0	-4.55514443740078	-0.650212985881885
CTATAACCACTTAACG-1	0	-3.3031488738937	1.62370003997413
CTATAACCATTAAAGG-1	1	2.686285845192	1.65727652846901
CTATAACCATTAGCCA-1	0	-0.76402402743526	-2.7965135401574
CTATGACAGAAAGCAT-1	0	-4.03876317366787	-1.65604643286141
CTATGACAGAATCTCA-1	1	2.53911708966069	1.51403297721473
CTATGACAGGAAACTG-1	0	-4.66782105788417	-2.65570805729302
CTATGACAGTATTGCA-1	1	2.50832628384404	0.452887552371899
CTATGACAGTTAGCTA-1	1	2.15760420933537	1.88535680114357
CTATGAGGTAACAGGG-1	0	-1.89083255156704	-4.03234754265221
CTATGAGGTACGGTAC-1	0	-5.01018107756801	-3.58100448311241
CTATGAGGTCCTAAGA-1	3	10.2076505340653	5.32378234206764
CTATGAGGTGAGGTGA-1	0	-5.63044083937831	-0.895996821531375
CTATGAGGTGTGCAAC-1	0	-3.45391524657436	-3.44709215820702
CTATGAGGTTAAATGC-1	3	10.2752507843094	9.24202861129371
CTATGAGGTTGAGGTC-1	0	-4.56861222609706	-1.30179123342903
CTATGATCAAAGCTCC-1	1	2.75261389389805	0.435587542644421
CTATGATCACAGGGAC-1	0	-4.29993022307582	-2.14353219927224
CTATGATCACTTAACG-1	0	-3.96837199553676	0.572676079860608
CTATGATCACTTAGGC-1	0	-1.23807752951809	-2.24984834850701
CTATGATCAGCAGGTA-1	0	-1.94347370490261	-4.80467329681786
CTATGATCAGGAACAT-1	1	2.73807417527012	-1.82547859609993
CTATGATCAGTTGCGT-1	0	-3.37353862151332	-4.90572915733727
CTATGGCCATAATGTC-1	1	3.04685007706456	0.0636494332465332
CTATGTTTCATGAGCT-1	0	-2.79358805045314	-2.53401718796166
CTATGTTTCATTACGA-1	0	-2.82557881697841	-1.96535204113396
CTATTACTCCAGGAAA-1	2	3.93225776329808	6.64758147536842
CTATTACTCCAGGGAG-1	0	-4.82511628493496	-2.79906700313958
CTATTACTCCCTGGAA-1	0	-3.02480924948879	-2.1688839024392
CTATTACTCCTCACTA-1	3	10.2252153076249	9.6084655696067
CTATTACTCGCTATAA-1	0	-4.94582999571987	-4.82699142158898
CTATTCAGTGATTACG-1	2	1.06464906707577	8.34810294448463
CTATTCAGTTAAGTGT-1	3	10.4507983841019	6.06448640166847
CTATTCAGTTAGGACC-1	2	2.54505383148961	7.14047660171119
CTATTGAAGCACAGGG-1	2	1.76439427510075	7.31909980117408
CTATTGAAGCTAAAGG-1	2	2.34352647438816	6.41632832824318
CTATTGAAGGAGGCAT-1	0	-0.705202468482929	-2.60680161178978
CTCAATAAGAGAGGAG-1	0	-3.5141216598434	-4.95807204903038
CTCAATAAGCAAGATG-1	3	10.6470588363724	5.67321099578468
CTCAATAAGCACAGCC-1	2	1.16506179347805	6.94039477645485
CTCAATAAGGGTTAGA-1	0	-4.56412995680996	2.54929270087806
CTCACAACACGAACAG-1	0	-5.2030454955978	-3.48473320663842
CTCACAACACTAAGTT-1	0	-4.93522942885585	-1.25054392726096
CTCACAACAGTAATAG-1	0	-3.6596671424789	2.87274159728614
CTCACAACAGTAGCCT-1	0	-4.42861283644863	-3.6047228401986
CTCACAACATAGCAGG-1	1	1.93299280777745	-1.4462538784829
CTCACAACATCAGTAT-1	4	8.22023522034459	-12.1767240589944
CTCACACTCAAACCGT-1	0	-3.06607139929958	-2.9956900900689
CTCACACTCAGCAAAG-1	2	0.667007557304425	7.11345328628151
CTCACACTCATTGCAA-1	0	-5.21497357711025	3.19031132995216
CTCACACTCCTAACGG-1	4	8.21602903977208	-10.8617654866067
CTCACACTCCTTAATC-1	0	0.0421343363838621	1.34899796783058
CTCACACTCGGGCCAT-1	0	-0.217439063636737	1.13876332580177
CTCACTCAGGATCACT-1	0	-5.37645686492153	2.31604589759437
CTCACTCAGGTGTCCA-1	0	-0.0454903326911501	-1.65971104563149
CTCAGGATCCAAACAC-1	0	0.0471604384499021	1.60370148955909
CTCAGGATCCACCTTA-1	3	10.5113290466385	5.08697070418922
CTCAGGATCTTACTCG-1	5	-0.461566217987018	4.10304965316383
CTCATCATCATAGACC-1	0	2.56659292355351	0.316747444263379
CTCATCATCCTAAGGT-1	3	10.1695073761063	6.55109299956886
CTCATCATCCTAGTAA-1	3	10.0069001831131	8.33876361190407
CTCATCATCCTGGTCT-1	0	-1.19024647101589	-4.76645885170372
CTCATCATCGATATTG-1	0	-2.57579577788539	-3.75905833900841
CTCATGACAATTGACT-1	3	10.5191596664505	4.89100398360817
CTCATGACACCACAAC-1	0	-3.55168546065517	-2.60828159511956
CTCATGACAGGCGATA-1	2	1.11549632921986	8.30830992995826
CTCATGCTCACGCGGT-1	2	-0.0582506738586001	7.92636241256325
CTCATGCTCATCCTCA-1	0	-2.1355406127853	-3.50987468422325
CTCATGCTCCCGCCTA-1	3	10.0849670089798	8.12401618301002
CTCATGCTCGTTATAG-1	2	4.06806193962864	6.46748198806373
CTCATGCTCTCGACCT-1	0	-3.65389693602748	-1.2178469202009
CTCATTAGTAGCCTCC-1	0	-3.07734907492824	-0.82651890576752
CTCATTAGTCAAGTGC-1	0	-3.47322953566738	-0.865647447713931
CTCATTAGTCACTCGC-1	0	-3.14121616706081	-2.42588685215386
CTCATTAGTCGCAATA-1	0	-3.17306483611293	-2.23949728668602
CTCATTAGTCTAACCT-1	0	-2.03784526213832	-4.58682308853539
CTCATTAGTGCATTAG-1	0	-2.66635382994838	-0.908905071624835
CTCATTGTCAGCATTA-1	0	-5.32895625456996	3.06561364471046
CTCATTGTCATAACGC-1	4	6.88477884903721	-11.5598732060281
CTCATTGTCCCGTTTA-1	0	-4.72365010604091	3.05735530196754
CTCATTGTCGCTTCTA-1	3	10.2288774169999	5.79056729613868
CTCATTGTCTGTGAGT-1	3	10.6656602539139	9.39584101974098
CTCATTTAGAATCTCA-1	2	0.862751743944211	6.69801749526588
CTCATTTAGAGGCTAA-1	0	-0.957508691398578	-3.054233652958
CTCATTTAGCATTTCT-1	0	-4.7717424713058	-1.00735039771469
CTCATTTAGCCGCAGT-1	5	-0.763428934661823	3.52419795333473
CTCATTTAGCCTTAAA-1	0	-1.61022365912624	-2.96144126118096
CTCATTTAGTAAGTGG-1	0	-1.81671250685878	-2.23316798866661
CTCATTTAGTAGCCAT-1	5	-0.474127658454852	4.4258541041526
CTCATTTAGTCATGCG-1	0	-4.25418341979213	-2.73308704555901
CTCCAAACAAACGCGA-1	3	8.80695950165562	4.17442311584083
CTCCAAACAATCCTAG-1	0	-5.77688229903408	-1.33802830935391
CTCCAAACACTAGCGT-1	3	10.0825675643998	7.91385497390358
CTCCAAACATGCTATG-1	0	-4.92907679900356	-5.05869017303856
CTCCAACTCCAATTAG-1	0	-5.30058492049404	-3.86044893921288
CTCCAACTCCGTGACA-1	0	-1.43793786391445	-3.67094455421837
CTCCAACTCGCCTAAG-1	0	-5.17803252562709	-2.74418233097466
CTCCAACTCTTTGACT-1	0	-4.351715692131	-2.26257429779442
CTCCATCAGAACCTGT-1	0	-3.63355220183559	-1.26126599074276
CTCCATCAGCAAGACA-1	0	-4.72496379241176	-0.877570224412997
CTCCATCAGCGATAGA-1	3	10.3596957840043	6.96996058761207
CTCCATCAGTTAACCA-1	0	-3.91487515792079	-3.68782268227013
CTCCCTGAGATAACCC-1	0	-4.25254500731655	2.47197331725685
CTCCCTGAGCAGGTGG-1	0	-5.50693477019496	3.03924645721046
CTCCCTGAGGCACAGG-1	4	7.84005390778355	-12.8066621846047
CTCCCTGAGTTTAACG-1	0	-3.08359778746791	0.34743978320686
CTCCGGACAAATTCGT-1	5	-0.189118453113513	3.93619860946266
CTCCGGACAGCTAACC-1	0	-3.51104701384731	-1.52411935985955
CTCCGTCCAAATTCGT-1	0	-3.05750764235683	-0.26160345734032
CTCCGTCCACTCGCTC-1	0	-4.04896844252773	-2.25843690098198
CTCCGTCCATTCAGCA-1	3	10.6889842666703	8.74400080978004
CTCCTAATCGATTATG-1	0	-2.80975139960475	-0.975187045940479
CTCCTAATCTCCATGC-1	0	-4.99756205901332	3.21013488113014
CTCCTCACAAGGTGGC-1	0	-4.11161006316371	-0.547685248264392
CTCCTCACAGAACCGA-1	0	-4.14477551802822	1.36593164741127
CTCCTCACAGCTTACA-1	0	-0.736713536827045	-3.72322259605797
CTCCTCACAGGAATCG-1	4	7.43674170151524	-12.6860939091531
CTCCTGAGTGAGAAAC-1	0	-3.47998774871059	-3.77984152496727
CTCCTGAGTTGCGGAT-1	0	-1.59186280593105	-2.15021775425347
CTCCTGAGTTTATCTG-1	0	-5.60743153914638	-1.86252121389778
CTCGACAAGACACTTA-1	0	-3.76498473509975	0.876154320827405
CTCGACAAGCGAAGTA-1	0	-6.14272464141079	-1.49792040646942
CTCGACAAGGCTAGAA-1	2	0.591669670494122	8.4179309779319
CTCGACAAGGTGAAGC-1	1	2.36791073456578	2.020548718563
CTCGACAAGGTTACGT-1	0	-4.52675975188442	-2.42898212135704
CTCGACAAGTATTGTG-1	2	4.00684510842137	6.44002427398292
CTCGACAAGTGAGCGG-1	2	2.70424758568577	7.73775805770485
CTCGACAAGTTTGGTA-1	1	2.75024997368626	-0.770363790401538
CTCGCTAGTGCTTTAC-1	1	2.4403129734116	0.15076603232948
CTCGCTAGTGGATTCA-1	0	-4.74273455962368	-0.60034070671471
CTCGCTAGTTAGTTGG-1	0	-3.65910113677211	-3.55850325287255
CTCGCTAGTTGTTCAC-1	3	10.7585376419144	8.7973779612693
CTCGCTCCAATCCCTT-1	0	-1.90330398902126	1.31639565764991
CTCGCTCCAATGCGCT-1	1	3.61244212761692	0.534793632617871
CTCGCTCCACATACTG-1	5	-0.428237088767963	4.08824099837867
CTCGCTCCACCAGGTT-1	0	-5.0654493652267	-3.14915619553002
CTCGCTCCACCTAATG-1	2	1.96207379475407	7.04071463882057
CTCGCTCCACTAAGAA-1	0	-4.48834384307094	-2.46966252983483
CTCGCTCCAGTTTGGC-1	1	3.82132136002354	-0.535791558631976
CTCGCTCCATAATCGT-1	1	2.58823155537419	-0.669005197891315
CTCGCTCCATCACTTC-1	1	3.04602991715245	0.996251242748181
CTCGCTCCATTATGCG-1	0	-2.57197011336513	-0.699341697105487
CTCGTTATCATGTGGT-1	0	-4.57830537184902	-5.23702965439232
CTCGTTATCCCGTTAC-1	2	0.647725670786423	8.32616557418434
CTCGTTATCCGCAAAT-1	0	-5.62613356932827	-3.43481383980187
CTCGTTATCTGGTCCT-1	0	-3.3963614784164	0.329372780910413
CTCGTTATCTGTTCAT-1	0	-4.1636315666122	-2.07627622545632
CTCTAAGCACAAACTT-1	1	8.72031819001011	8.94938411056129
CTCTAAGCAGTAAAGC-1	1	2.31948947087101	-0.249680203804096
CTCTAGCTCACCTGCT-1	0	-3.17674291953273	1.52518905936805
CTCTAGCTCATTATGG-1	0	-2.35994017943569	1.1708115512046
CTCTAGCTCCAGCACA-1	0	-3.30879343375392	-2.83002887428673
CTCTAGCTCGAAGTAG-1	0	-3.69296992644496	-1.79977224529656
CTCTAGCTCGTAATCA-1	3	10.0699819244461	5.42347802459327
CTCTAGCTCGTCCTTA-1	0	-3.62068570479579	2.69244040786354
CTCTAGCTCTCACATT-1	0	-4.97838223799892	3.03484620391456
CTCTAGCTCTTAAGTG-1	0	-4.4815722785873	-5.08326564491661
CTCTATGTCATCCTGC-1	2	1.99627780094914	7.52499903976051
CTCTATGTCCTTCTAG-1	0	-3.9069553695602	-0.931012613185962
CTCTCACAGACCATAC-1	0	-1.91361988410183	-2.80827818573387
CTCTCACAGCTTTGTT-1	0	-4.26804030760952	-3.00699411095055
CTCTCACAGGAACGCG-1	5	-0.485759743301349	4.37245644866554
CTCTCACAGGACGTAA-1	0	-2.96984113082119	-1.40888195992382
CTCTCACAGGTCCAAT-1	3	10.6699384368973	8.73212184249489
CTCTGTTCATTATGCG-1	1	3.78008519783787	-0.98223867774876
CTCTGTTCATTCAGCA-1	1	2.43385993614964	1.92186512290565
CTCTTGATCACGCGGT-1	0	-4.49603618010707	-1.13078317553671
CTCTTGATCCTAGTTT-1	1	3.58701120987706	-0.53197459638985
CTCTTGATCGCTAGTG-1	0	-0.930922754852252	0.817322390666882
CTCTTGATCGTGCTTC-1	2	0.737154080720467	7.62317313491432
CTCTTGATCTTACTCG-1	0	-1.46629036292263	-4.56194649399193
CTGAAACTCTTGACCC-1	0	-3.68152726515956	0.657885091892163
CTGAATATCCCGTTTA-1	4	7.94350945130162	-13.2114368504372
CTGAATATCGACAAAG-1	0	-4.18117011412807	2.72452463447181
CTGAATATCTCAATAG-1	3	10.3453859008866	7.666948693386
CTGAATATCTTAGTGA-1	0	-1.12823177203365	-3.751179797062
CTGACATAGCCACAAT-1	4	7.98683869019322	-11.3780475682107
CTGACCAAGCAAACCT-1	1	2.8962992347794	0.819653647533337
CTGACCAAGCCTCTGT-1	0	-3.28849066123195	0.171472447505872
CTGACCAAGCCTTAAA-1	2	0.26887243166737	7.82385386764137
CTGACCAAGCTTCCCG-1	3	9.72181545868687	5.54284848510353
CTGACCAAGGATGATG-1	0	9.73893963471226	7.41500891982643
CTGACCAAGTCCTTCA-1	0	-2.88477719649501	-1.22161854938539
CTGATCACAAGTTATC-1	4	8.16944491043858	-12.9301363056985
CTGATCACACAAAGCG-1	0	-2.22102034911342	-2.79160700500878
CTGATCACACACTAAT-1	1	3.22281467095189	-1.47136790812882
CTGATCACAGACAAAC-1	0	-4.76017487868496	2.38524712859718
CTGATCACAGTTATCG-1	0	-2.02383912429042	-2.34147999943169
CTGATCACATCTTGAG-1	2	3.7355703033524	8.42319812118141
CTGATCACATTCCTCG-1	0	-1.13627041205593	-3.7557169026223
CTGCAATAGGAGTCGG-1	2	1.88727509156041	7.58896865188209
CTGCAATAGGATTGAG-1	0	-5.02068007811733	-1.25455306232842
CTGCAATAGTATTGTG-1	0	-4.71358168944545	2.81518210708229
CTGCTACTCTACCTCA-1	0	-4.9824382148666	-5.08015404404076
CTGCTATGTACGCGCA-1	1	8.19587837830357	-12.3489757603494
CTGCTATGTCATAGAT-1	0	-5.49935496672817	-3.48908386886986
CTGCTATGTGCTGTAA-1	0	-0.577915438262897	-2.26623175800713
CTGCTATGTTGGATCA-1	0	-3.23690045699306	-3.43722258270653
CTGCTCCCACAGCCTG-1	1	3.10583840981297	0.256893652072827
CTGCTCCCAGTATGTT-1	0	-4.28268254622646	2.66310133277504
CTGCTCCCATAGTCAT-1	1	2.97334109917454	0.790860550990979
CTGGACCAGTAATCCA-1	0	-3.25692380294033	-4.26946244896324
CTGGACCAGTTAGAGG-1	1	2.8395947136002	-0.675951940425952
CTGGATGTCAGGGCCT-1	0	-6.15484536513515	-2.14434979618462
CTGGATGTCCCGAAGC-1	0	-2.59084618910976	-0.954922375687679
CTGGATGTCGCGCTAA-1	0	-3.61951220854946	-2.3575475043145
CTGGATGTCTCACACC-1	0	-4.59664214476772	-2.09889547289284
CTGGCTAAGCAGGCCT-1	3	10.4249471344071	9.86365927993385
CTGGCTAAGCCTTAAA-1	0	-1.49683798178859	-4.46946535766991
CTGGCTAAGTTTGCGG-1	1	3.88419138565831	-1.1947583327529
CTGGCTTTCCGGTATG-1	1	2.01744805947117	-0.712274563917239
CTGGCTTTCTTGCAAA-1	0	-1.69266737326809	0.861426966777722
CTGGTAAGTGCATTAG-1	0	-4.23487580641933	0.383958118549268
CTGGTAAGTGCTCCAC-1	0	-1.11846757754512	-2.02097759903344
CTGGTCAAGCAAGGTA-1	2	0.578296966107411	8.42965449630348
CTGGTCAAGTCACTCC-1	2	3.70798455849461	6.59126366912452
CTGGTTACAATTTAGC-1	0	-2.46519196852871	-2.04578725756081
CTGGTTACATGCATAT-1	0	-3.32605660781093	-1.06325372815998
CTGGTTTGTAGCCATA-1	0	-4.58070004805751	-0.869555754074176
CTGGTTTGTTATAGCG-1	0	-3.27882135733791	-1.20843551442893
CTGGTTTGTTGTTGCT-1	2	3.54781304970555	8.08335246383278
CTGTAACAGTTATGGC-1	0	-2.19853080138393	-0.492383403190692
CTGTAACAGTTCCTGC-1	0	-5.58545363768764	-1.97104982794197
CTGTACCTCTGCAACG-1	1	2.31092118397526	-0.224956495174487
CTGTATTTCAAACCGT-1	0	-5.55989516600795	-1.86552266539009
CTGTATTTCAATCTCT-1	0	-4.41881287917324	-2.64246855438622
CTGTATTTCAGCACGC-1	0	-1.88285482749172	-3.36297379196556
CTGTATTTCCCGTTTA-1	0	-4.44545567855068	2.77030052482216
CTGTATTTCGATTTGA-1	3	9.08921658173375	4.43945397674171
CTGTATTTCGTAACGT-1	0	-4.36420358046718	-2.17823491753014
CTGTGTGAGCTTACTT-1	0	-5.58201516493984	-3.20970259369286
CTGTGTGAGGCTGTGC-1	0	-4.77381194457241	-2.50631664455803
CTGTGTGAGTATTGTG-1	4	8.46380697861485	-12.5440116947976
CTGTGTGAGTTAGCTA-1	2	1.21917157545857	7.90445269881813
CTGTTAAAGAGGAAGG-1	4	8.44304215088658	-12.0443502491799
CTGTTAAAGCAACATC-1	0	-3.95057452544399	0.474661367526929
CTGTTAAAGCCTGTGA-1	0	-5.13013900145717	-2.55717716873558
CTGTTAAAGCTAAAGG-1	2	1.80000387802891	7.28895606338112
CTGTTAAAGGGTGGAT-1	0	-0.940526612846332	-3.01259217918785
CTGTTAAAGTAAGAAC-1	0	-1.90958751067348	-3.64167676628502
CTGTTAAAGTGGACAA-1	0	-2.82473862990566	-4.41386233032616
CTGTTCATCAGCTAAC-1	0	-5.18973124846645	-3.80952726066979
CTGTTCATCATTTAGG-1	0	-4.963851579277	-5.12842117012413
CTGTTCATCCGGTATG-1	0	-4.65660012587734	-1.44652242720993
CTGTTCATCCTAGTTT-1	0	-4.48747742995449	2.44296540557472
CTGTTGGAGCAAGGGT-1	0	-0.12933803424068	-1.9698117202607
CTGTTGGAGCCTGACA-1	1	2.72291671410374	0.359121220699231
CTGTTGGAGCCTGGTA-1	0	-2.93382013663478	-0.131173235782703
CTGTTGGAGCGCATTG-1	0	-2.61564935073085	-4.68363032997521
CTGTTGGAGGAACGGT-1	3	10.4002288498002	6.17194642364113
CTGTTTAGTACCGGAT-1	0	-5.23517144545742	-2.95495627582939
CTGTTTAGTAGCTAAT-1	1	2.37406241074376	-0.902496469625552
CTGTTTAGTCATTACC-1	1	3.82938133850865	-0.350011271843036
CTGTTTAGTTAGACCA-1	1	1.22521733418278	1.91390408813087
CTTAACAAGACACCGC-1	5	-0.446948894111591	4.2470849925193
CTTAACAAGACTCGCA-1	0	-6.00519288405605	-1.46878306330117
CTTAACAAGGCGAAAC-1	1	2.68205796852879	-0.468186420806964
CTTAACAAGGGACCTC-1	2	3.89724170342259	6.13850869475929
CTTAACAAGTCACGAT-1	0	-3.40772117003627	-2.45622549713524
CTTAACAAGTCATGCG-1	0	-1.68353451117702	-2.19254301250847
CTTAACAAGTTTCCTG-1	0	-5.72681392058559	2.66416444121925
CTTAAGATCAAGCCTG-1	0	-2.23933542594142	-4.29330859840782
CTTAAGATCTTAGGGT-1	4	8.27655016556553	-11.1812950199929
CTTAAGATCTTGCAGG-1	0	-2.41144312247463	-1.87955651939781
CTTAAGGGTATGTGGC-1	1	2.29952203408055	-0.660650712856372
CTTAAGGGTATTGTGG-1	2	2.47310780659489	7.27803935348121
CTTAAGGGTGTAACCA-1	0	-3.77414000853725	-1.35792779684933
CTTAAGGGTTGTCCAT-1	0	-3.08547247275539	-3.68132839859398
CTTAATGAGGCACAGG-1	0	-4.96322263106533	-2.36538885296257
CTTAATGAGGGCCATC-1	0	-3.52006734236904	-4.84824023903282
CTTAATGAGGGCTAAA-1	1	2.09511553421788	2.09833730994789
CTTAATGAGGTTACGT-1	0	-2.59833253249355	0.00925876437751461
CTTAATGAGTCACGAT-1	0	-5.27048219069667	-0.497653407463153
CTTAATGAGTTTAACG-1	1	3.84245669022374	0.13876332580177
CTTACCGGTACCGGAT-1	0	-2.10499299391933	-5.55852709473046
CTTACCGGTACTTCAC-1	0	-2.68532527312465	-4.43537626922997
CTTACCGGTATTTGCC-1	0	-3.29097545966335	-0.544499320396503
CTTACCGGTTATCGAG-1	0	-2.19241870269008	-5.68560229004296
CTTACTAGTGCTTACT-1	0	-5.09677518233486	-0.209362966426929
CTTACTAGTTACAAAC-1	0	-3.03547609671779	-1.16041217134269
CTTACTAGTTGCTTCG-1	1	1.98584221974186	-0.775584650644382
CTTACTAGTTGGCGTG-1	0	-2.92396844252773	-3.17951963604363
CTTACTAGTTTCGCCA-1	1	2.35702716484837	0.342008846393506
CTTAGGAGTAACGGGA-1	0	-4.35404027327724	2.66797103225319
CTTAGGAGTCAATACG-1	0	-4.89384854659267	-1.6513470536557
CTTAGGAGTCACAGCG-1	0	-0.701007016746478	1.25309862433998
CTTAGGAGTGCTCCAC-1	5	-0.428851612655597	4.46835030852882
CTTAGGAGTGGTGAGA-1	0	-4.88996852263637	-3.32742891968163
CTTAGGAGTGTGCACG-1	2	0.760609871895833	8.4515994959983
CTTAGTTTCAACAAGG-1	0	-3.48769963607021	-4.15639362991722
CTTAGTTTCACAGACT-1	2	1.97646414414219	7.21140803634254
CTTAGTTTCATGCAAC-1	0	-1.75520361289211	-3.46841226280602
CTTAGTTTCATGCCTC-1	0	-3.28725636824794	-3.83027182281884
CTTAGTTTCCGTTATT-1	1	2.48236810341649	-0.103151184925159
CTTAGTTTCCTGGCTT-1	2	2.51453184262089	7.85543193160621
CTTAGTTTCGTTTCTG-1	2	-0.0644698224944643	8.18526782332985
CTTATGTTCAGCTAAC-1	0	-4.55057204589077	-3.91739021004113
CTTATGTTCAGGAACA-1	0	-4.80622018202968	-0.796837670215686
CTTATGTTCATCCTCA-1	0	-0.537053950874286	-1.76832495392235
CTTATGTTCATTGACA-1	0	-3.61890996321865	-0.490749103435596
CTTATGTTCCTTGCGT-1	0	-3.18409813269802	-2.91035412014397
CTTATTGGTGCTCCGT-1	0	-4.17978537902065	-4.49511037529381
CTTCAATTCCAAACAC-1	0	-2.3003252826614	-1.98579899729164
CTTCACTCACATAACT-1	4	8.37490593567662	-12.4596439427224
CTTCACTCATGAATCT-1	0	-2.7295757614059	-1.98210952938469
CTTCACTCATGCTTAG-1	0	-0.941826113311725	-4.19743595779808
CTTCAGGAGCAAGGGT-1	2	3.81801592484288	6.11718358337013
CTTCAGGAGGCTATGT-1	2	1.61328738108448	7.60015239059059
CTTCAGGAGGCTTAGT-1	0	-5.72306645735927	-0.961489585646709
CTTCAGGAGTGAGAGC-1	0	-3.69579232558437	2.80257667838661
CTTCATCCAAACGCGA-1	1	3.39964114800267	-1.47351707280548
CTTCATCCAAACTCAT-1	0	-4.29880631789394	-1.8639910048333
CTTCATCCAATTTAGC-1	2	2.78949844017796	7.84909476577369
CTTCATCCACTCGCTC-1	0	-4.58607638701625	-1.85529087246331
CTTCATCCAGCAACAG-1	2	3.35994183197789	7.92922820388405
CTTCATCCAGGCTAAG-1	0	-1.24150765761562	-2.24523471058281
CTTCATCCATTTGCTC-1	4	7.35815035477452	-13.0489307469216
CTTCGCGTCCGCCAAA-1	3	10.0123675979691	7.13123168288795
CTTCGCGTCCGCCTAT-1	0	-4.27193892821498	-1.12807716936739
CTTCGCGTCCGCCTCA-1	0	-5.21795714720913	-1.13938313857587
CTTCGCGTCGTACCGA-1	2	2.53746317997746	7.14558448134987
CTTCGCGTCGTTAACA-1	2	3.53584443703465	6.88508357345192
CTTCGCGTCTCCATGC-1	0	-5.21299041136928	-4.36479602516564
CTTCTAAGTTGCAATG-1	0	-1.72053397521205	-3.51603398979576
CTTCTAAGTTGCCTCA-1	0	-3.15196503028102	1.25650538741676
CTTCTAAGTTGTAACG-1	0	-3.34943211898037	-3.47164855659874
CTTCTAAGTTTAGCTC-1	0	-4.44266856536098	-1.67894167960556
CTTCTCAAGCTTAACA-1	0	-3.52386439665981	2.43843807517616
CTTGAACAGCTCAAAC-1	3	10.0449870742875	10.1595434123191
CTTGAACAGGATCCGC-1	0	-1.25625825747676	-3.46238027275475
CTTGAACAGTTAGCTA-1	3	10.2627614654618	7.53195514022438
CTTGAATCAACAGCCT-1	0	-3.3765541397018	-1.00683425129326
CTTGAATCAAGGTACG-1	0	-3.42592061385341	1.14796079932777
CTTGAATCAGTTGCGT-1	4	8.1927121795731	-12.862122160801
CTTGAATCATTGTCCT-1	5	-0.345709212867694	4.63587464629738
CTTGACGAGACTATTG-1	0	-5.00068724974819	-3.94978581131371
CTTGACGAGAGCCGGA-1	0	-4.09951079711147	0.246276157489697
CTTGACGAGAGGAAGG-1	3	10.2557328857499	7.05184592544166
CTTGACGAGGACTAAG-1	0	-3.48727858885952	1.66407050429908
CTTGACGAGGGCCACT-1	0	-5.2911425910873	-0.802217108615955
CTTGCAACAATTGAAG-1	0	-4.65223325118251	-1.33447082103165
CTTGCAACACTAGCGT-1	0	-4.32446444853969	1.2379445010337
CTTGCAACACTAGGTC-1	1	3.38486014977269	-1.17730979383858
CTTGCAACACTGACCG-1	2	0.815945766122861	7.91390742599098
CTTGCAACAGTCTAGC-1	0	-4.27968896254726	2.77349104224769
CTTGCAACATCCGTAA-1	4	8.44230496064	-12.4728275364724
CTTGCATGTGGATGTC-1	3	10.5030015625077	9.11612452804176
CTTGCATGTTAGCCAA-1	4	7.77151285782628	-12.9880682057229
CTTGCGCGTAGGTGTC-1	1	1.8572664178925	1.94762815772621
CTTGCGCGTTAAGCCA-1	3	9.88559662476353	9.82337035476295
CTTGCGCGTTCCTGAT-1	0	-2.71166718825527	-4.01478825271996
CTTGCTCAGGTGTCCA-1	1	3.79043947830967	-1.07230746508511
CTTGGACCAACACTTG-1	1	3.67052256241612	0.412571209064404
CTTGGACCAAGTCGCT-1	3	10.4219020523148	9.28151835738746
CTTGGACCACCTGCCT-1	5	-0.599606402961688	3.99674262343971
CTTGGACCAGCCAGTT-1	3	9.91058670655064	5.39815415679542
CTTGTCCAGGCGAAAC-1	3	10.4390996612626	9.54329051314918
CTTGTCCAGGCGCACT-1	4	8.62797485962681	-10.3550087040749
CTTGTCCAGTCTGGGC-1	1	1.2541586674767	1.86287226020424
CTTGTCCAGTGTTGTA-1	1	2.58204721585087	1.9946435862693
CTTGTCCAGTTGCGTG-1	2	-0.0831934891624025	7.87815322219459
CTTGTTCCAATACTGT-1	0	-5.26815904006191	-1.75659225643547
CTTGTTCCACCATATG-1	4	8.08656679764561	-13.2183815068093
CTTGTTCCACGTAAGG-1	0	-5.1291610084457	-3.56962452591332
CTTGTTCCAGGAACCA-1	0	-4.00351060256191	3.02354468642799
CTTGTTCCATTAGGCC-1	0	-3.35074723586269	-3.60927115143212
CTTGTTTAGCACAGGG-1	0	-5.7196093879623	-1.16985361599298
CTTGTTTAGTTTGTCT-1	0	-5.74631322249599	-3.02529535950096
CTTTAGGCACAGGAAT-1	0	-4.28659165724941	3.07001437484352
CTTTAGGCAGGGAGCT-1	0	-5.14618314131923	-0.78069410980614
CTTTAGGCATAATCAC-1	0	-4.73776973113246	-2.36638162792595
CTTTAGTTCAATCATG-1	0	-2.81307042464443	-4.17682681740196
CTTTAGTTCGCTATGG-1	0	-4.62560904845424	2.65169038116066
CTTTATGGTAGGTTTG-1	2	3.65025769844822	8.30789508163063
CTTTATGGTGCGCAAT-1	1	2.71933709755711	0.119672077289502
CTTTATGGTTGGCCGA-1	1	2.24186455384068	2.15566744147865
CTTTATGGTTTGCGCC-1	0	-3.2182780586166	1.40191950141517
CTTTATGGTTTGTGGA-1	0	-4.00463164672084	2.5802992755088
CTTTCTTGTAGCTGGT-1	0	-4.81162370070644	-2.06338290632637
CTTTCTTGTCTAGCTT-1	0	-2.251049884407	-4.76542697609337
CTTTCTTGTTGGGTTA-1	0	-1.52910269126125	-3.99944434822472
CTTTGAGCACATACTG-1	3	10.3000177063065	8.94973410903541
CTTTGAGCACTTAGGC-1	0	-3.06760133132167	0.484720962634961
CTTTGGGAGCCACATG-1	0	-2.68251956328579	-4.7503663128701
CTTTGGGAGGCCAATT-1	0	-3.16150225028225	-3.26648173988732
CTTTGGGAGGGTCCAC-1	0	-0.484432943908649	-2.41451655090721
CTTTGGTGTACCGAAC-1	1	2.91821443215184	0.764801519504468
CTTTGGTGTGATGAGG-1	1	2.57337211743168	1.06016148864357
CTTTGGTGTGTTTGCT-1	4	7.47324501648716	-11.6883407658425
CTTTGGTGTTCCGCAC-1	0	-5.24205077513881	-2.6865658587304
CTTTGGTGTTGGCCGA-1	0	-0.451908119766193	1.24210323630897
CTTTGTCCAATCGCAC-1	2	-0.0351865969581179	7.93519820510475
CTTTGTCCAATTGAAG-1	0	-2.46993578299709	-1.3461325293866
CTTTGTCCACAGGAAT-1	1	2.9527219451981	-0.0667346543160279
CTTTGTCCACGAATCC-1	0	-5.53127683028408	-2.98472295463951
CTTTGTCCAGGTTTGC-1	0	-3.47017825469204	-2.97851572693261
GAAACCCGTACCCACC-1	3	10.5814946807938	5.60999669372169
GAAACCCGTATTCGCT-1	0	-2.21350372657009	-3.83641253174218
GAAACCCGTTAGCTGA-1	0	-5.74487555846401	-2.69320140541466
GAAACTGAGCCTGAGC-1	0	-3.60405314788051	-2.13067273558052
GAAACTGAGCTGAGGG-1	3	10.7074006713944	5.11877717315284
GAAACTGAGTAACTCA-1	2	3.73951231613926	6.0867165499839
GAAACTGAGTCAGTAC-1	0	-2.7135206542892	-1.05688765407475
GAAACTGAGTGTTGCG-1	0	-4.93205560073085	1.51074995338051
GAAAGCCAGCTCCTAC-1	0	-3.79347527846523	-4.42370591820153
GAAAGCCAGGAGGTTA-1	0	-4.74413026198574	2.3748458796653
GAAAGCCAGGCAATAG-1	3	9.25875698700718	9.27293147384254
GAAAGCCAGGCATTAC-1	0	-1.88408673628994	-2.18755958736809
GAAAGCCAGTAGGCGG-1	2	3.72996746674351	8.44478549300758
GAAAGCCAGTCAGTAC-1	0	-2.4685517631454	-4.33509264648827
GAAAGCCAGTCATTGA-1	3	9.97307049408726	8.23831881820289
GAAAGGCTCGGGACTC-1	0	-1.96105683669277	-0.837983173736652
GAACACAAGGAACGGT-1	0	-3.75381816252895	-4.20915017784508
GAACCAAAGACCATAC-1	2	3.23708140030674	6.90770663558571
GAACCAAAGATTGAGG-1	3	10.0690883316117	6.4919957095298
GAACCAAAGCGGGCAA-1	0	-1.3685180030746	-2.41861925781639
GAACCAAAGGAACCGG-1	0	-2.06488288268276	-4.41919289291771
GAACCAAAGTCATTTC-1	2	0.739858220519347	8.11471213637916
GAACCAAAGTCTATGA-1	0	-4.75611222609706	-1.24879477680596
GAACCAGCAATATACC-1	1	3.03792368546299	-1.33466017008694
GAACCAGCACAAAGGT-1	0	-5.40896190032192	2.80656160651771
GAACCGCTCGCTAGCA-1	2	1.97239004746251	7.18584002791969
GAACCGCTCTGTGCCT-1	0	-0.553676971046405	-1.8210826939431
GAACCTGTCAATTACG-1	0	-1.08409345969387	-2.31693409145745
GAACCTGTCACTCAAA-1	0	-0.990969427673297	-1.81330273807915
GAACCTGTCAGCTAAC-1	0	-3.64159549102016	-4.04415283859642
GAACCTGTCCTCAGCT-1	0	-1.06121743544765	-3.61497722328575
GAACCTGTCTGTAAGC-1	0	-5.8649426780624	-1.72520218552025
GAACCTTAGATAGACG-1	0	-5.18133986815639	-4.65635762871178
GAACCTTAGCATGCAT-1	5	-0.617196091262775	4.31883944808571
GAACCTTAGCTATATG-1	1	2.49184810295872	-0.353491467842181
GAACCTTAGGCGAATA-1	0	-5.11584485396572	-1.23327588797482
GAACCTTAGTGGCGGA-1	0	-3.36814320906826	-2.62464247406395
GAACGAATCACCTGTC-1	0	-0.586950310317951	-3.52599702537926
GAACGAATCATCAGTA-1	1	2.94961105957798	-0.710263741621097
GAACGAATCATTGTTC-1	1	3.87302958145909	-1.00545413554581
GAACGAATCCCTCATA-1	2	0.00487195626072368	8.26512851058571
GAACGAATCGCACACA-1	0	-5.732406266777	-2.86932323635491
GAACGAATCGTTAGCG-1	0	-0.99136138781734	-2.13616083324822
GAACGAATCTGTTGCC-1	0	-2.40790832862087	-1.58846358717354
GAACTTATCATGCAAC-1	0	-2.87448395117946	1.48862804709999
GAAGCCTGTAGCCATA-1	3	9.67732082978062	5.22888888656227
GAAGCCTGTCACAGCG-1	4	7.01261936798863	-11.6580730503884
GAAGCCTGTCATCATC-1	0	-5.64313472136684	-1.7377241081086
GAAGCCTGTGATCAGC-1	0	-4.35315955504604	2.46312655746071
GAAGCCTGTTAAGCTG-1	0	-5.65318501815029	-2.79608736694725
GAAGCCTGTTACCTGT-1	5	-0.511169560996967	4.19006242095558
GAAGCCTGTTCCATTA-1	4	7.67296110764317	-12.8121448582497
GAAGCCTGTTGGCCGA-1	3	10.3193954147416	5.06542863189308
GAAGCCTGTTTAGTCC-1	1	2.4924461759644	0.0985206538352172
GAAGCTAAGTAGCGCC-1	0	-1.1385821185989	-3.28469882667931
GAAGCTAAGTTGTCTT-1	0	-4.14797366484829	-3.18001065910729
GAAGGAACAATTAACC-1	0	-3.36207927092739	-2.64173124493035
GAAGGAACATAGGCGA-1	0	-4.13441956862636	1.58291544257728
GAAGGATGTACCTTAC-1	1	2.85820018425755	0.417564290157239
GAAGGATGTACTGATG-1	0	-5.04477561339565	2.94053544341652
GAAGGATGTAGTTACG-1	1	2.71418224945836	1.13681639968483
GAAGGATGTCATCAAG-1	0	-5.57424128874965	-2.80774865806969
GAAGGATGTCCTGATT-1	0	-3.21825111731716	0.15074743568031
GAAGGATGTCGAAGTC-1	0	-5.55687678679653	2.73661507903663
GAAGGATGTGCGCAAT-1	0	-3.64056647643276	-1.49768344820412
GAAGGCCCAAGTGTTT-1	0	-3.04255832061	-4.79664502800377
GAAGGCCCATAGCTGC-1	0	-0.729650505630451	-2.62784121693047
GAAGGCTAGGACACTT-1	0	-5.23142732009121	2.64052833854286
GAAGGCTAGGGTCTAT-1	0	-0.17631799802013	1.65229501067726
GAAGGCTAGTATTGCA-1	2	3.84743987694554	6.49349345504371
GAAGTAAGTCTCAGCC-1	1	2.30475055352025	1.06881369887916
GAAGTAAGTGTTTGTC-1	0	-1.47315061911769	-4.31327663124474
GAAGTATAGCATCCAG-1	0	-5.03804791793056	-4.81643281639488
GAAGTATAGCTTTGGG-1	0	-5.01033414229579	-1.27782140434655
GAAGTATAGGAGTCTT-1	1	2.47573660984806	0.0369663411292236
GAAGTATAGGCTGGCT-1	2	2.69665586129002	7.74177493392555
GAAGTATAGTCAGTAC-1	0	-4.10617555007167	-3.68841086090477
GAAGTCAAGACCATAC-1	0	-5.97788728102871	-1.77267662943276
GAAGTCAAGCTGGACC-1	1	3.81179558411412	-0.263104540714343
GAAGTCAAGGACCTGC-1	0	-2.92566312178798	-1.88394151390465
GAAGTCAAGGCCTGGT-1	1	3.23647939339451	-0.577115101226886
GAAGTCAAGTAACGAG-1	0	-5.93392384871669	-3.21472774208458
GAAGTGATCGACCTGA-1	0	-3.71044076308437	-4.69369540871056
GAAGTGATCTGTAATG-1	0	-1.03349829539486	-3.27459703148278
GAATTTGTCAAACTCA-1	0	-5.24319756850429	-2.06267367065819
GAATTTGTCAATCTCT-1	0	-2.22958839759059	0.378136890521924
GAATTTGTCGCGACAC-1	0	-2.44677794799038	-2.84086785972985
GAATTTGTCTCCTCTT-1	4	7.950530401619	-11.5304752415505
GACAATACAATGAATG-1	0	-5.1373134933395	-4.69722090423973
GACAATACACAAAGCG-1	0	-1.64122570380397	-1.50819329679879
GACAATACACCAAAGG-1	1	3.39137279167942	-0.293036205181201
GACAATACACCTGGTG-1	0	-1.14003361090847	-3.77289210022362
GACAATACATTGACAT-1	4	7.06444870606236	-11.7055250233498
GACACCGGTATTGTGG-1	0	-4.51632178649135	-1.18242044835286
GACACCGGTCCTGATT-1	3	10.3908790268021	4.97546233474342
GACACCGGTGCAATAT-1	1	3.0558918632584	0.330529826274792
GACACCGGTGCTGGTG-1	0	-2.29000414237209	-3.77154479683312
GACACCGGTTATCCTA-1	0	-2.53294123038478	-2.4190469807473
GACACTAGTACCTTAC-1	0	-3.40266097411342	1.64508261024086
GACACTAGTTAAGCGC-1	0	-1.99021805152126	-2.42584500969323
GACATTATCACCGGTA-1	0	-2.43109262808986	-1.56014351309212
GACATTATCCACCTGT-1	0	-5.66020406111904	2.3325170451316
GACATTATCCTAAATG-1	1	3.52927838936619	-1.04325897754105
GACATTATCGCTAGTG-1	0	-4.84853566512294	-0.864356917747577
GACCGAACACCTAATG-1	0	-1.88104761466213	-3.08619235218438
GACCGAACAGGTTTGC-1	1	2.92891394272618	0.040839570156018
GACCGAACATAAGTTC-1	3	10.298054090889	9.98929442702858
GACCGAACATCATGTG-1	1	2.28752063885502	-0.438165826210101
GACCGTTCAAATGCCC-1	0	-3.12513411864467	-4.01108155907067
GACCGTTCACAGGGAC-1	3	10.6139978088456	5.00810183822242
GACCTAAGTAGTAAGA-1	2	1.83060323372654	7.32678450881569
GACCTAAGTGACATGC-1	1	3.42999207154087	-1.75676153362664
GACCTAAGTGTTAGCA-1	0	-1.55339825972744	-0.426244003185352
GACCTAAGTTCGCTCA-1	0	-5.14622128829189	-1.59864674271019
GACCTAGTCAATAGCC-1	0	-0.514952429382282	-3.33267532051476
GACCTAGTCCGCATGA-1	0	-4.95541251525112	3.29134454070656
GACCTAGTCCGGTTAG-1	0	-5.88229668959804	-2.06724188984307
GACCTAGTCGCGCTAA-1	0	-2.79541242942043	-2.26041517914208
GACCTAGTCTAGCGAT-1	0	-5.49733937606044	-0.950909418472369
GACCTAGTCTTACTCG-1	2	0.142356804760022	7.69486750899879
GACCTCAAGAGGAAGG-1	0	-4.05781186446376	-2.85911927879723
GACCTCAAGATGCCTG-1	0	-2.62937272414394	0.170074599376599
GACCTCAAGGAGGACT-1	1	2.57771908417515	0.511581318965832
GACCTCAAGTGAGCAA-1	3	10.1730579055863	7.88301219283668
GACCTCAAGTTCCCGT-1	0	-1.46131671294399	-2.42837260425957
GACCTGATCCCTCAAC-1	3	10.5429004348832	9.38556231795875
GACCTGATCCTTAGTT-1	4	8.11435019150547	-11.3701444691506
GACCTGATCGCTATAA-1	0	-1.98841346129604	-5.19518957794579
GACCTGCAGATGGAGC-1	5	-0.541641720382648	4.07712926208107
GACCTTTGTATTACCC-1	0	-4.73972810134121	2.781126635662
GACCTTTGTCAACAAT-1	1	-1.25774539336391	-3.64970122040184
GACCTTTGTGCAATAT-1	1	2.35802768841557	-0.736235958942493
GACCTTTGTTAAGGCC-1	0	-5.89045489653774	-2.75026319683464
GACCTTTGTTTGTGGA-1	0	-5.77088845595546	-1.32774768532189
GACGCAACAACCTGGT-1	4	8.27653299942784	-11.3032995289651
GACGCAACACCTAATG-1	3	10.6461366333085	8.90863360702125
GACGCAACAGTCTATG-1	0	-2.08632601126857	-3.42059074104698
GACGCAACATCTTGAG-1	0	-1.64725316390224	-0.817909432062228
GACGCAACATTAGGCC-1	0	-2.04117167815395	-4.58192668617638
GACGTAAAGGAAGTAT-1	0	-1.13962913378902	-2.87251029671105
GACGTAAAGGGCTTAT-1	3	10.5554050125199	5.23159064590065
GACGTAAAGTGTTGTA-1	0	-2.44150484427639	-5.52484665573509
GACTAATGTCCTAGTT-1	0	-1.76775539740749	-2.7531956261483
GACTATTCACAATACT-1	2	3.89072667733006	6.54996861754982
GACTATTCACCCTCAC-1	1	2.70561300888829	0.873244660488049
GACTATTCACTTCACT-1	1	3.69198643341832	-0.830759150394519
GACTATTCATGAAATG-1	0	-4.1396943412704	-2.98017881573113
GACTCACCAATAACCT-1	0	-5.51326669081874	2.79404129325477
GACTCACCAGGACACA-1	0	-5.52845776900478	2.83886994659034
GACTCACCATAGACCC-1	0	-5.05401862487026	-3.86552391708763
GACTTACAGCACCACA-1	1	3.50121533051304	-0.80013911188515
GACTTACAGCTCATAA-1	2	3.27103673592381	1.24231328307716
GACTTACAGTGAACCT-1	3	9.95072113648228	9.32380523025123
GACTTAGGTTGCACGG-1	0	-2.56798327788539	-4.46548710525902
GACTTGGTCATAACTG-1	1	2.89437996521763	0.380973833194653
GACTTGGTCGCGCTAA-1	3	10.0273393310624	9.23126735030739
GAGAAACGTAAGCTCA-1	0	-3.56871713027187	2.10572900115577
GAGAAACGTATTGGAT-1	3	10.3399652160721	5.54359521209327
GAGAAACGTCAGGCCA-1	0	-2.02966416701503	-5.19651995361717
GAGAAACGTCTAGCTT-1	0	-2.36265886649318	-2.07731251181038
GAGAAACGTGTCCTGC-1	0	-2.38305986746975	-3.22298393906029
GAGAACCAGAACCTGT-1	4	8.55414044037632	-10.2843147343484
GAGAACCAGACACTTA-1	1	3.25139915123753	-0.0440574711647828
GAGAACCAGGACTTAC-1	3	10.6983617462235	8.83781279861061
GAGAGGCGTGCACGCA-1	3	9.65736900940709	5.81598319350807
GAGAGGCGTGTAATAC-1	0	-1.43063486441799	-0.431247455486377
GAGAGGCGTTGCACGG-1	0	-3.7133027397079	-2.30776391685875
GAGATAAGTAGCCTCC-1	0	-4.66438210829921	-0.936455649742206
GAGATAAGTAGTTACG-1	2	2.54199563637547	7.00561179458229
GAGATAAGTCACAGCG-1	4	7.54535805359654	-12.7767168110696
GAGATAAGTTAGGTGC-1	0	-3.60122645720668	0.461992638698498
GAGATAAGTTCCATTA-1	3	10.1020787872391	6.70460929214088
GAGCAAATCAAGCTAC-1	3	9.05026852265171	9.30985678969948
GAGCAAATCAAGCTTA-1	3	9.98033749237828	8.79144515334694
GAGCAAATCCTTCTAG-1	0	-0.615049251167255	-2.69009361923607
GAGCAAATCGCAACAT-1	0	-4.80095971450038	-2.29519556225212
GAGCAAGGTATTCGCT-1	0	-3.64151919707485	1.34941138564674
GAGCAAGGTGTGCACG-1	0	-5.280511029808	3.12695302306739
GAGCATGCAACATAAG-1	3	10.1536286987381	5.65809239684669
GAGCATGCAATTAGCT-1	0	-1.46720708235927	-3.80529366196068
GAGCATGCACCTGCCT-1	0	-3.31156314238735	-3.51773415268334
GAGCATGCATCCCTCA-1	0	-3.57735885008998	2.59472956000892
GAGCCACTCAGTATTG-1	0	-4.45262730941005	-0.598106784233173
GAGCCTTCAAGGATTA-1	0	-4.92767299040981	2.89496936141578
GAGCCTTCAGAGAGCC-1	2	2.45561241284184	6.53005065261451
GAGCCTTCAGCACGTT-1	2	2.7048827327805	7.28500785171119
GAGCCTTCATTATGGT-1	1	2.96833264008336	-0.378968877204974
GAGCGAAGTTAAGGCC-1	1	3.15856825485997	-0.410378975280841
GAGCGAAGTTTGCAGA-1	3	9.77277790680699	9.90599097549049
GAGCGATAGAGGAGTC-1	0	-3.81373751982875	2.82512940703956
GAGCGATAGCACAGGG-1	0	-5.50337136611171	-3.3903411454049
GAGCGATAGGTCCAAT-1	0	-0.568350919334369	-2.12093870104225
GAGCGGTCAACACCTA-1	3	9.83281075135045	9.36024703322975
GAGCGGTCAATAATCC-1	0	-4.14927495345302	-1.97465775669487
GAGCGGTCACCTACTT-1	0	-0.711773761360126	-2.31264672935875
GAGCGGTCACGAATCC-1	3	10.7923310913163	9.2785324031028
GAGCGGTCATGAAGTA-1	3	10.6491397537308	5.28079022704689
GAGCGGTCATGCTATG-1	3	8.96811806336216	4.26426352798073
GAGCTAGCAACTGGCT-1	0	-4.08551991805263	-2.86082361400994
GAGCTAGCAATCATGT-1	0	-4.30959046706386	-3.28569970787438
GAGCTAGCACCTAATG-1	3	10.5725816406327	4.95359696685402
GAGCTAGCAGGACACA-1	0	-2.13394559249111	0.986694234004895
GAGCTAGCATGGAGGC-1	0	-1.26738036498256	-4.60502181709679
GAGCTGCTCAATACGC-1	1	3.61055528298191	0.63035370647041
GAGCTGCTCACCGGTA-1	0	0.00528442040256938	-1.6425446695176
GAGCTGCTCACTAATG-1	0	-5.61682523116298	2.75535573302833
GAGCTGCTCATTTAGG-1	0	-2.48159254416652	-1.80436502159508
GAGCTGCTCCTCCATA-1	0	-3.98988736495204	1.45368756591407
GAGCTGCTCGCTCACT-1	0	-2.7552915893478	-4.55453143776329
GAGCTGCTCTTGAGGT-1	0	-3.14811051711269	-1.12978848577412
GAGCTTAGTAATCACG-1	2	1.12191360369496	8.39048137008278
GAGCTTAGTAATCCCT-1	0	-4.25559724196621	-3.59545384109886
GAGCTTAGTACAATGT-1	0	-5.11292947158046	2.72224749862281
GAGCTTAGTGGCTTCC-1	0	-2.68486178740688	-1.31750283897789
GAGCTTAGTTGCATCT-1	0	-5.19806779250331	3.09820927917091
GAGCTTAGTTTAACGG-1	2	4.01642405167393	6.41465653716652
GAGCTTGTCACGAATC-1	1	2.23912417069249	-1.31344315172108
GAGCTTGTCTAAGTCA-1	0	-3.14635933264919	0.189355271449963
GAGGACTAGCACTAGT-1	1	2.71237455979161	0.502661245456616
GAGGACTAGGGCTTTG-1	0	-1.43144071921535	-1.82518087089928
GAGGAGGCAGGTTCAC-1	1	3.37380563393406	-1.16409109854074
GAGGCAAGTCAAGTAT-1	0	-5.12985051497646	2.17962898551552
GAGGCCTTCATAACCA-1	0	-4.5688000999374	-2.43808279693993
GAGGCCTTCTCACACC-1	0	-5.81609404906459	-2.91742692650231
GAGGCTACAACTGGGA-1	0	-0.231633969394641	-2.62538765133293
GAGGCTTGTAATTAGC-1	0	-4.60421431883998	-1.40849996865662
GAGGCTTGTCCTCCAA-1	0	-0.0736004792136721	-1.86114977062615
GAGGGAGCAACAACAA-1	4	8.07888495102696	-11.4497810429421
GAGGGAGCAGAAACGT-1	3	10.6673568405228	8.87183131515114
GAGGGAGCAGCAAGAT-1	0	-4.70862639769741	1.28634013473121
GAGGGAGCAGTAATAG-1	0	-0.878861077873187	-4.4083059853402
GAGGGAGCATAGTCAT-1	3	10.3768314041214	5.78679074584572
GAGGTACAGCCTGAGC-1	2	1.14052133932881	7.87693824111549
GAGGTACAGCGGATTT-1	0	-1.81308663710781	-2.89027820290001
GAGGTACAGCTAATCA-1	0	-1.44090951308437	-0.676750225433429
GAGGTACAGGAGGACT-1	0	-6.0241428695602	-1.5105597800103
GAGGTAGGTAATAGCT-1	0	-4.17422831877895	-2.68948851288231
GAGGTAGGTTGAAGCC-1	0	-1.66175592765041	-1.54482553661736
GAGGTGAGTAAGCACC-1	4	8.31107460633091	-12.6060768193093
GAGGTGAGTACCTTAC-1	0	-0.53155172690578	-2.68046651543053
GAGGTGAGTGATGAGG-1	0	-3.30205620154567	-3.4320822781411
GAGGTTAAGAGGCTAA-1	0	-4.87946427687831	-1.56307606161507
GAGGTTAAGCAAGGTA-1	0	-3.81884826049038	2.56566848098365
GAGGTTAAGCACAGCC-1	1	3.71315132752232	-1.16046699085208
GAGGTTAAGGACAACA-1	0	-2.93082106932827	0.905372994533459
GAGGTTAAGGCAACAA-1	0	-3.44846261367031	-0.393597227939685
GAGGTTAAGTAACCAC-1	0	-4.30479205474086	-3.6613143509713
GAGGTTAAGTCAGGCC-1	0	-5.77091706618496	-2.86595009029778
GAGTAACCAGGCCTTG-1	0	-1.2134157501144	-2.27678523720177
GAGTAACCATTAAAGG-1	2	1.83034919873051	7.36288012801735
GAGTAATAGGAAGCAC-1	4	8.05258642807774	-13.2138601368752
GAGTAATAGGAGTAAT-1	0	-5.58967603072353	-1.10743343592556
GAGTAATAGTATGTGC-1	3	10.1097682632523	8.0807556086692
GAGTAATAGTATTGGC-1	2	2.83196198120884	7.81458319961158
GAGTAATAGTCCTTTG-1	1	2.67667972222142	-0.0867787426796753
GAGTATCTCAGGCTAT-1	1	3.20203220024876	0.805896776309888
GAGTATCTCAGTATTG-1	2	-0.114307769386249	8.14255275069801
GAGTATCTCGGGATTT-1	0	-1.97000373229213	-2.55747435749443
GAGTATCTCTAGCGAT-1	3	9.61148106232457	9.55398787795631
GAGTATCTCTCCTCTT-1	0	-5.22520030364223	-4.62493024528893
GAGTCAAAGACAGGCG-1	0	-3.38398516997524	1.61931242286293
GAGTCAAAGCAGGCCT-1	0	-0.119317837802844	1.51240720092384
GAGTCAAAGCTGGACC-1	3	9.97837483063511	8.07743110000221
GAGTCAAAGTCATTGA-1	0	-5.23061478957363	-2.95336089790734
GAGTCAAAGTTGGGCC-1	0	-1.48834956511684	-3.46472106636437
GAGTCATTCCGCATGA-1	0	-2.15425289496608	-2.66442809761437
GAGTCATTCGATTATG-1	3	10.6475394882279	5.96598424254982
GAGTCATTCGCTCCAT-1	1	2.72538077011876	-1.31907325745495
GAGTCATTCTAATCCT-1	0	-1.23324216231533	-2.66396282375725
GAGTGAGGTACGGGTT-1	0	-5.14047397002407	3.44195641814796
GAGTGAGGTGCTGGTG-1	0	-1.66816295012661	-4.54234181106957
GAGTGAGGTGGTTAGC-1	0	-4.33194220885463	-1.36722360313805
GAGTGAGGTTTACGTC-1	0	-3.58007634505458	2.36085285483925
GAGTGATCATTAAGCT-1	0	-1.82598031386562	-1.31857844949635
GAGTGATCATTGTGAT-1	1	3.57020031586461	0.369233029476086
GAGTGTTTCAATACGC-1	0	-4.69025958403774	-4.91065226257714
GAGTTACTCATAACTG-1	3	8.87878357544712	9.17924823104469
GAGTTACTCGCTAAGT-1	2	-0.186809011547046	7.88306655227272
GAGTTACTCGGCTATG-1	4	8.26677881851963	-13.0875125950661
GAGTTGCGTGGTTCTT-1	0	-4.78493655547329	0.680765050044934
GAGTTGCGTGTTGCAA-1	4	7.888518682869	-12.8735090321389
GAGTTGCGTTGCAGTA-1	0	-4.15995705947109	-2.86962626636895
GAGTTTGGTAATGGCC-1	0	-2.56134713515468	-0.314800245174487
GAGTTTGGTTCGGGAT-1	3	9.80915962830357	5.27758969604103
GAGTTTGGTTGCCTCA-1	0	-4.57766307219692	-0.953098562964519
GATAAAGGTAGGTGTC-1	0	-4.31645406111904	2.60177769004432
GATAAAGGTATTTGCC-1	3	9.06905113831334	4.40165604888527
GATAAAGGTCCTAATC-1	5	-0.463406213371234	4.19001569091408
GATAAAGGTCTAACCT-1	1	3.01764618531041	-0.955589455970844
GATAAAGGTTATTGCC-1	4	8.06811224594883	-11.6023460453835
GATAAAGGTTTGCTGT-1	0	-1.889646419136	-1.67792348326119
GATAACGAGATGGAGC-1	3	10.1498044647294	10.2031654292258
GATAACGAGCTAAGTC-1	3	10.2334808029252	7.15189208327858
GATAACGAGGAGGGTT-1	1	2.43018650189213	-0.691317660221179
GATAACGAGTCCTGAG-1	0	-3.59452594145961	1.12182511626808
GATAACGAGTTTCCTG-1	0	-5.29897178038784	2.79411186515419
GATAACGAGTTTGGTA-1	0	-3.00562370642849	-3.1726543730584
GATAAGCCACAGGAAT-1	0	-4.28174460753627	-1.04159018159779
GATAAGCCAGGCTTCG-1	3	10.1811193145829	5.45566310226051
GATAAGCCATAGCGAG-1	0	-1.57087910994716	-3.53748760879906
GATAAGCCATGGCCCA-1	0	-3.25906241759487	1.09734787284462
GATAAGCCATTATGGT-1	1	3.64747845307164	-0.255211693653186
GATAATCGTCACGGAT-1	0	-5.56049645766445	2.49102582275001
GATAATCGTCCCGGAA-1	0	-3.38972867354579	0.495199936023633
GATAATCGTGGATTCA-1	0	-2.53876484259792	-2.32367108524712
GATAATCGTTAAGTGT-1	2	3.88168441429905	6.69318045913307
GATAATCGTTCCTCCT-1	0	-2.17296207770534	-2.62003312767418
GATAATCGTTGGCCGA-1	0	-3.04988253936	0.0508165532263916
GATAGACCAACAGGTG-1	0	-4.83050263747402	-2.56763158501061
GATAGACCATCACAGC-1	0	-1.35124195441433	-4.42996392906578
GATCAAGAGAAACTGG-1	1	2.94424354210667	0.868191617122571
GATCAAGAGAAAGCAT-1	3	9.89727245941929	9.64949073134987
GATCAAGAGAGGCTAA-1	1	2.71179186478428	0.857448237529675
GATCAAGAGGAGGACT-1	4	8.00473152771763	-13.2426725453225
GATCAAGAGGCTATGT-1	4	8.19762980118565	-12.4814725941506
GATCACTAGACTATTG-1	4	6.95559870377354	-11.6418834751931
GATCACTAGGGCCACT-1	0	-4.14538539275356	-3.83738361061486
GATCACTAGTATCGCG-1	2	3.82941662445836	6.1638797694358
GATCACTAGTTAACCA-1	0	-1.49867785796352	-2.38842175663384
GATCACTAGTTAGCTA-1	0	-1.7110005699081	-2.64237461746605
GATCAGTTCAAACACC-1	0	-2.32692802771755	-3.39656053245934
GATCAGTTCAACCAAC-1	0	-2.23178804740139	-3.38138352096947
GATCAGTTCTCACACC-1	0	-4.89195168837734	-1.29914692551764
GATCCGTCAAACAACA-1	0	-3.46803534850307	-3.59986696899803
GATCCGTCAACCTAAT-1	0	-5.00412953719326	-0.0088391131249268
GATCCGTCACCTGCTC-1	0	-1.78908670767971	-0.88126556337746
GATCCGTCAGGCTTCG-1	3	10.4647334732132	7.6236251765403
GATCCGTCAGGGAGGA-1	0	-3.56470454558559	-3.20801292122277
GATCCGTCATATTGAC-1	0	-3.61839974745937	-4.42328010261925
GATCCGTCATCCTAGA-1	0	-4.02011693343349	-2.14287440241249
GATCCGTCATGAAATG-1	0	-0.927806147186237	-2.56208155811699
GATCGAGCAGCAAGGC-1	0	-3.71610320433803	-1.09078372032317
GATCGAGCATGAGCAG-1	0	-1.72302354201503	-1.2581712505308
GATCGATTCAATCATG-1	0	-2.30694926604457	-5.46798096359642
GATCGCTCAAATTCGT-1	1	2.07694815769963	2.13554491340248
GATCGCTCAATAATGG-1	3	10.1489547409134	5.07978286086647
GATCGCTCACGCAACT-1	0	-5.86515868529506	-2.17106280983361
GATCGCTCACGGTTTA-1	2	3.89863144532017	6.7008580142173
GATCGCTCATACTCCT-1	1	3.86456834450535	-0.0881806439247925
GATCGCTCATCCAGGT-1	0	-2.21979630812831	-0.313011748203357
GATGAGGGTATTGTCC-1	0	-3.33825267180629	0.326838272205273
GATGAGGGTCATTGAG-1	0	-3.86929763182827	2.86995543777076
GATGAGGGTGCATCGG-1	0	-4.26981414183803	3.02883614837257
GATGAGGGTTCGGTAA-1	3	10.0682519592362	10.2132467204246
GATGAGGGTTGAAGCC-1	0	-1.6260019622726	-0.119763595470508
GATGCAGCAGCTAATT-1	0	-1.41309274062343	-4.95281205833824
GATGCATTCGCTAGTG-1	3	10.0147727645951	10.1129831248435
GATGCGACAATGAATG-1	0	-4.16917050704189	2.30299271880714
GATGCTTAGCCGCAGT-1	0	-1.47301805838771	-3.57684026420983
GATGCTTAGGAGCAAC-1	0	-0.581928738204914	-1.55268688262375
GATGCTTAGTTAGTTG-1	4	8.11958538666539	-11.7818952626077
GATGCTTAGTTATGTG-1	1	2.39779137745671	-0.64938364685448
GATGGACAGACAAACG-1	0	-0.473602183906513	1.45795955001442
GATGGACAGAGAGCCG-1	5	-0.48483074530788	4.45212830840675
GATGGACAGCACGATT-1	2	3.62309657707982	6.99603595077125
GATGGACAGCATGGTT-1	0	-4.79868377074428	-0.545065683731158
GATGGCTGTAATGACT-1	0	-3.60977042540737	-3.12701843441399
GATGGCTGTGCACGCA-1	0	-1.6572736583633	-2.16834644735726
GATGGCTGTTCCTGTG-1	0	-2.73479760512538	-4.03804741562279
GATGGCTGTTGCGCGA-1	0	-4.77245820388027	2.55168761550514
GATTAAGCACAGCCTG-1	0	-3.15958107337184	1.49375333129493
GATTAAGCACTCGCTC-1	3	10.159758917244	6.7827123576316
GATTAAGCACTTACAG-1	1	2.58927761689	1.05453433333961
GATTAAGCATCCTGAA-1	0	-2.15992368087001	-2.44363818825157
GATTACGGTATTCGCT-1	4	8.08685385361485	-11.4477449482766
GATTACGGTCATCATC-1	0	-2.29570735320278	-2.51539633930596
GATTACGGTCTCAGCC-1	0	-5.35076440200038	-1.58113823593529
GATTACGGTGAACAAA-1	0	-3.58984149321743	-2.47779319942864
GATTACGGTTGGCGTG-1	0	-0.776407250015216	-2.82793663204583
GATTACTCAAGCTTAT-1	3	10.4524730362015	9.4773620539817
GATTAGCTCCGTAAAC-1	0	-5.08433926924892	2.82761611281959
GATTAGCTCTCGACCT-1	3	10.268006674202	10.0803693705711
GATTAGTGTAGTTACG-1	0	-5.13110936507412	-1.99327604235085
GATTAGTGTGTTTGCT-1	1	1.6881168998795	1.82595767318336
GATTAGTGTTAAGGTT-1	0	-4.64377320632167	-0.487668794998248
GATTAGTGTTCGGTAA-1	0	-4.78156531676479	2.21444978057472
GATTAGTGTTGCTTCG-1	1	2.05029701367192	-0.64575348556908
GATTATGTCAGTGAAG-1	0	-1.16583395823665	1.15151037513344
GATTATGTCCAAGTGT-1	4	8.31337534561924	-12.3798137730447
GATTATGTCCCTCACG-1	0	-0.785827287284809	-2.96064541996392
GATTATGTCTAGCGTG-1	0	-2.61339963301845	0.474884527316968
GATTCAATCCACCTGT-1	0	-4.6449548087997	-0.834122491487582
GATTCAATCGCACACA-1	3	10.4532560028153	9.86230696975319
GATTCAATCGGCCAGT-1	0	-4.42688287123867	2.59171952544777
GATTCAATCGTTTCGC-1	0	-1.37302983626552	-4.15903936088951
GATTCAATCTTGCTAT-1	4	8.0957792915421	-11.4212156361428
GATTCAGGTAACGAGG-1	4	7.50813995972447	-12.9161935871926
GATTCAGGTCAAGTGC-1	1	3.7656954444962	0.456070798030774
GATTCAGGTGAGCGAA-1	3	10.07866799012	8.79610003768532
GATTCCTGTAACGGGA-1	1	2.48356269970707	0.710634487262646
GATTCCTGTACAATGT-1	0	-2.91925395354457	-0.552488965400775
GATTCCTGTCTTGCAT-1	0	-4.26162064894863	2.55838670074073
GATTCCTGTGGTTAGC-1	0	-1.90364278182216	-5.13764582336815
GATTCCTGTTAGGTTG-1	3	10.3318837799149	6.04786958037941
GATTCCTGTTCCAGGG-1	0	-2.59145749434658	0.0881092721137207
GATTCCTGTTTATCGC-1	1	3.26793014183812	-0.437855941661914
GATTCGCCAATACTGT-1	0	-5.24034036025234	-2.66013882816704
GATTCGCCAATATAGG-1	0	-4.59815562590786	-1.21826707706722
GATTCGCCAATCGCAC-1	0	-3.76559842452236	1.41323460876075
GATTCGCCACCAACCG-1	1	3.550299517067	0.640932338825146
GATTCGCCAGGAAGCC-1	2	1.67014848366551	6.5480030947837
GATTCGCCATCCAGGT-1	0	-1.08067239150234	-3.35788379372032
GATTCGCCATTAAGCT-1	0	-2.98788870200344	0.840712445369641
GATTGATGTAAGCTCA-1	2	1.97552441731266	7.38905753432838
GATTGATGTAGCAGCT-1	0	-4.31759942397304	-3.83873091400536
GATTGATGTTACAACG-1	0	-4.52199519499965	-3.3733550137368
GATTGATGTTACGCGG-1	0	-1.44514311179348	-1.66993464291962
GATTGATGTTGGTTAG-1	1	3.25626312866978	-0.53316609323891
GATTGCAGTAATTAGC-1	1	2.57645367756657	0.179918902507703
GATTGCAGTCAGGCAT-1	0	-4.67056477889247	-2.39440868557366
GATTGCAGTGTGTCCC-1	0	-3.16976083144374	-2.8675515478936
GATTGCAGTTGCGCGA-1	0	-4.05652106627651	-2.34649906814965
GATTGCAGTTTGAGCA-1	2	0.845821953566594	6.95407523452369
GATTGCGTCTTAGCCC-1	3	10.4469941772538	6.42181672393409
GATTGGCGTCATTGTC-1	1	2.83748160973362	-0.674455029377063
GATTGGCGTCCTTCAG-1	0	-0.942398794738727	-2.62275944412621
GATTGGCGTGCTTACT-1	0	-2.02878487929531	-1.26428500325354
GATTGGCGTTTACCGT-1	0	-4.30157054290004	-0.737701368936618
GATTGGTTCATGCTAA-1	2	2.11806213036351	7.42848052321998
GATTGGTTCCCGCAAA-1	3	10.0050691284256	5.12449397384254
GATTGGTTCGCTAGAT-1	4	8.07384859696202	-11.2897115773049
GATTGTTCACTAAATC-1	0	-4.31430924758144	1.1619209223899
GATTGTTCAGTACCGT-1	0	-3.92760432585903	0.154240983119885
GATTTGCAGCGAAGTA-1	2	3.65647684708409	8.21924056350319
GATTTGCAGGAAACTG-1	2	3.79634868279271	8.37421645461647
GATTTGCAGTAGGATG-1	0	-3.47496283873745	-1.88799880207451
GCAAACAAGCTATTAG-1	0	-5.51992190703579	-2.71832428635033
GCAAACAAGGACTTAC-1	2	0.296234390886349	8.51347197829811
GCAAACAAGTAAAGGT-1	3	9.95503269806675	4.91163291274635
GCAAACAAGTCACTAA-1	0	-4.11041034087368	1.15850676833717
GCAAACAAGTTAGACC-1	0	-2.47589624747463	-4.35151253403099
GCAAACAAGTTAGGCT-1	0	-2.43200100287624	-2.40411506355675
GCAAACCGTAATGGAA-1	0	-1.8804067455215	-0.0942783182946045
GCAAACCGTCACCAAA-1	0	-4.46546662673183	-4.23857246101769
GCAAACCGTTAAATGC-1	0	-4.11737788542934	1.79575647651283
GCAAACCGTTGGCGTG-1	1	8.31578432694249	-11.8653484410134
GCAAACTTCCAAATCA-1	3	10.3094934143143	7.88648738204567
GCAAACTTCCATAAGC-1	0	-1.56667364463039	-2.67093120277794
GCAAACTTCCCTGACT-1	0	-5.52850974425502	-2.84544943035515
GCAAACTTCCTAGTAA-1	0	-2.27120459899135	-3.04305468262108
GCAACAGCACCTGTAA-1	0	-1.83258927687831	-3.50383887947472
GCAACAGCAGAAACGT-1	0	-4.56709636077114	0.624740141025464
GCAAGCCTCAGCACCA-1	2	0.127877704055829	7.88631095229713
GCAAGCCTCATGTGGT-1	0	-5.51550591811367	-3.11791847408684
GCAAGCCTCTTGTCCA-1	2	1.68060605898671	6.86420573531715
GCAAGTCGTCAAACTG-1	3	10.4062493957596	9.35593451797096
GCAAGTCGTCCACAAA-1	0	-2.29675854071804	-1.98265050114067
GCAAGTCGTGGATTCA-1	0	-4.27272523268886	-2.9375229901162
GCAAGTGCATGAGTTT-1	0	-0.982854136077838	-1.36609373749169
GCAATAGAGAGGATAT-1	2	3.74285136833958	6.913606064907
GCAATAGAGCAACAAG-1	2	2.51553665772252	7.98234595595924
GCAATAGAGGACTTAC-1	0	-1.29254079684444	0.204285162082593
GCAATAGAGGCTAGAA-1	1	1.34992121830754	1.52722062408058
GCAATAGAGGGATGAC-1	3	9.75940262451939	8.19850196181862
GCAATAGAGGTAAGGC-1	0	-4.55352462157436	-3.34753308952721
GCAATAGAGGTTAGCT-1	2	2.89148413315587	7.76939811050026
GCAATAGAGTATTGTG-1	0	-1.06124890670009	-3.91063509643944
GCAATATGTCTAACCT-1	0	-2.61363042220302	-2.47260568798455
GCAATATGTCTTTATG-1	0	-3.35484422072597	-3.57942901314171
GCAATATGTGTAATAC-1	1	2.70889484062962	-0.537017626175006
GCAATATGTTCATCTA-1	2	1.10760470405392	8.02110137282936
GCAATATGTTTGCGCC-1	0	-4.73513759001918	-5.10134111107262
GCAATCTAGGAAACTG-1	2	1.15519886389546	8.01364745437233
GCAATCTAGGCATTGT-1	0	-0.825649031249957	-2.50341270626458
GCAATCTAGGTGTTAC-1	0	-5.22392810210414	-4.57484398544701
GCAATGAAGCGATACT-1	2	1.0253230251389	8.32457770644752
GCAATGAAGTCAGGCC-1	0	-3.57232583388515	-2.10471944273384
GCAATGAAGTGTTGCG-1	1	2.18570100441746	-0.666729015716632
GCAATGTTCAATAGCC-1	4	8.38547169342808	-12.9843183583108
GCAATGTTCATGTCAA-1	0	-2.26850975379177	-5.69615898788842
GCAATGTTCATTGTTC-1	0	-3.77061856612392	-4.40598879516991
GCAATGTTCCCGTTTA-1	0	-2.66871441230007	-2.95728085697563
GCAATGTTCGGTTACG-1	0	-3.86497271880336	-3.01484809578331
GCAATGTTCTTGCTAT-1	1	2.38733863011174	2.09613837539283
GCACATTAGCGAGCGA-1	1	1.85054551735691	-0.692543429740985
GCACATTAGCTTGCTC-1	0	-2.94244516715236	-2.15505842626961
GCACATTAGGAAGCTA-1	0	-4.74978888854213	0.945871489635388
GCACATTAGTCACTCC-1	2	2.66874133721165	6.26709832488624
GCACATTAGTTAGACC-1	0	-3.26362837180324	-3.76997671783837
GCACCTAAGCACAGAA-1	0	-1.21284199580379	-3.45228801430138
GCACCTAAGTGAGGTA-1	1	1.91934608593754	-0.819010180839618
GCACGAACACAGCCAT-1	0	-2.20728433951564	-3.15215526283654
GCACGAACACCAGGTT-1	3	9.8790668167191	9.419953721157
GCACGAACACCGGTAT-1	0	-2.63316501006313	-1.23199802027019
GCACGAACAGAACCGA-1	1	2.46188389435582	0.117023723712842
GCACGAACAGGAACCA-1	5	-0.506912001220661	4.0640262538108
GCACGAACATTGCGAC-1	2	0.158455065639538	8.29338492690651
GCACGCTAGAGGAGGA-1	0	-1.35710204467006	-3.98073635757836
GCACGCTAGCACTTGG-1	0	-4.81509316786953	-2.43425987423333
GCACGGTTCGATTCTT-1	1	3.83094083443455	-1.41645855964096
GCACGGTTCGCCTAAG-1	1	2.6719248212891	0.704263465991894
GCACTAAGTACCGAAC-1	0	-4.25325358733364	-1.22129393131407
GCACTAAGTCCAAGAC-1	0	-3.94661820754238	-1.60396329821022
GCACTAAGTCGCATAA-1	0	-1.6962574802322	0.0258994275244873
GCACTAAGTGCCGCAA-1	0	-3.1281467758102	-3.26063690842064
GCACTAAGTGCTGGTG-1	3	10.279481283577	5.66523446380226
GCACTAAGTTTGCAGA-1	4	7.64801775589756	-13.2254940098611
GCACTTACAAGTGAAC-1	1	2.95507012978367	-0.869824898847659
GCACTTACAATCATGT-1	0	-1.86066187247463	-3.30149660766991
GCACTTACACATAACT-1	0	-5.4499183975143	-3.42991624534996
GCACTTACAGTTATCG-1	3	9.92366634980015	5.30564011870949
GCAGCAACAACCGCCA-1	0	0.0824004925804563	1.35267319022743
GCAGCAACACAACAAA-1	3	10.0277293838578	9.99320926009742
GCAGCAACATTGTGCA-1	0	-5.25113404616542	-0.663142187007983
GCAGCCAGTCGCGCAA-1	4	8.27939211502842	-12.3309637135354
GCAGCCAGTGCACGCA-1	0	-2.42754901274868	0.15920473872749
GCAGCCAGTTAAGTGT-1	0	-4.89377940520473	0.737267511478345
GCAGCCAGTTAGGTGC-1	0	-0.540317662803607	-3.26409850777062
GCAGCTATCCTTAATC-1	2	1.50058805123143	7.98301829635231
GCAGGAAGTACGGTAC-1	0	-2.68911326750942	-3.70159969986351
GCAGGAAGTCAACAAT-1	1	3.09057079926304	0.0544436150702636
GCAGGACCAACTAGAA-1	0	-3.0893660865707	-0.904535514720996
GCAGGACCACACCAAC-1	0	-1.77715671881862	-4.84027634323509
GCAGGATAGAAGGTGC-1	0	-3.91321194991298	-3.6311789578286
GCAGGATAGATGGAGC-1	1	3.41580330506138	-0.872497630724033
GCAGGATAGTTGGGCC-1	0	-4.76401389464565	-1.9860744899598
GCAGGCAAGCACAGGG-1	1	2.0312313951569	2.34809293090431
GCAGGCAAGCCTCTGT-1	0	-2.87878740653225	1.38161720573036
GCAGGCAAGTAAGAAC-1	4	8.17250811234288	-10.9859825199929
GCAGGCAAGTGTGATC-1	0	-4.01512349471279	-4.20179091156395
GCAGGCTTCACGCATG-1	0	-4.67636645659633	2.83410920440284
GCAGGCTTCCCTGTTA-1	1	3.5705312408524	-0.742384565481265
GCAGGCTTCGTTTCCA-1	0	-4.67538321837612	-0.953759742387851
GCAGGTGAGCACGTTG-1	0	-4.27155650481411	-1.3219620710698
GCAGGTGAGCTTAGCG-1	2	1.795576445015	7.12639464675514
GCAGGTGAGTAAAGGT-1	1	1.85147022381596	-1.06317851454886
GCAGGTTGTTAACAGT-1	2	0.766529663653893	8.01053942977516
GCAGGTTGTTTGGCTT-1	0	-3.93224013671108	2.17482723533241
GCATATATCACCGGTA-1	0	-4.46904528960414	-0.065621120342334
GCATATATCATTCATC-1	0	-5.21531594618984	-2.81317446888359
GCATATATCCTCCCTC-1	0	-4.99386466368862	1.65878977119056
GCATATATCCTGAGTG-1	0	-3.69370807036586	2.3437544280204
GCATATATCGCACAAT-1	3	10.511638037117	8.51027621566383
GCATATATCTACCTGC-1	0	-5.3893076263351	-2.87199435890587
GCATCCTTCACTAAGC-1	1	1.88310133591465	1.92647065459816
GCATCCTTCATGACCG-1	5	-0.150173195449787	3.91835107146827
GCATCCTTCATGCATA-1	0	-3.81307042464443	1.14539398490516
GCATCCTTCGATATTG-1	2	1.45655738488011	7.86367072402565
GCATCCTTCGCTAAGT-1	3	10.3979381240921	6.78245677291481
GCATCCTTCTCACATT-1	0	-1.71454346999355	-3.73680649460228
GCATCCTTCTGTGCCT-1	0	-2.89528549536892	-3.87167845428856
GCATGAAAGCGAGTAA-1	3	10.1026290573197	9.77971877395241
GCATGAAAGCTATATG-1	0	-5.02366841658779	-3.86332045257958
GCATGAAAGTAACCCG-1	0	-2.76058400496669	-3.26503430069359
GCATGAAAGTCCTTCA-1	2	1.20477574244313	8.00690974532692
GCATGAAAGTGAACCT-1	3	10.7453597702103	8.83019961654274
GCATGAAAGTTATGGC-1	0	-4.89092887267299	-2.36788938702019
GCATGAGCAAGGGTTG-1	1	3.23687230721287	-1.07505141706141
GCATGAGCACGCAACT-1	0	-2.40917123183437	-2.22855983436974
GCATGAGCAGTCTAGC-1	1	3.31618725434117	0.299614565959851
GCATGAGCAGTTTGTG-1	4	8.36910235062413	-10.6326070851174
GCATTAGGTAATCACG-1	0	-2.73101747855373	-1.27525674314173
GCATTAGGTCATAGAT-1	0	-2.57982457503505	-1.8374760574189
GCATTAGGTCGTAAAT-1	3	10.4101051010209	5.04146327315895
GCATTGCCAGAGAGCC-1	0	-3.99470055922695	2.98719586669532
GCCAACATCAAGTGAG-1	2	2.08127724304966	6.90039767562477
GCCAACATCATAGACC-1	1	2.62774645462803	-0.513165695079883
GCCAACATCATGAAGG-1	0	-4.0644956909103	-1.95676992596062
GCCAACATCCTGGTGA-1	4	6.90325676575474	-11.592928511509
GCCAATAGTAGTCAAT-1	4	8.09186112061314	-12.2309385365334
GCCAATAGTGAGACTC-1	0	-5.29537595137783	-3.23666988075646
GCCAATAGTGTTGCTT-1	2	2.68947397843174	7.49310149489967
GCCAATTAGAAAGGAA-1	0	-5.72790587767788	2.49443997680275
GCCAATTAGCACAGGG-1	0	-4.46770776137538	1.01279510795204
GCCAATTAGCAGGTTT-1	0	-4.30736173018642	-2.58067546547325
GCCAATTAGCTAATTG-1	4	8.32961451187901	-10.7396427220193
GCCAATTAGGGCTTTG-1	1	3.30491983071141	-0.210356158622821
GCCACAATCAGGCCTA-1	0	-4.89342082366176	-2.25232694805535
GCCACAATCATGAGCT-1	3	10.3492540039139	7.61579360305397
GCCACAATCATGTCAA-1	0	-3.44699538573452	-1.91611884296807
GCCACAATCGGTACGC-1	0	-2.55624569281765	-2.23682282627495
GCCACACAGCAACATC-1	0	-2.51545799597927	-4.77553711594017
GCCACACAGCCACATG-1	0	-3.46192134246059	-1.84236107529076
GCCACACAGCGATACT-1	3	10.0891975082474	5.38609542190162
GCCACACAGGGCTTTG-1	0	1.71773027554326	6.34138001739113
GCCACACAGTCAGGCC-1	0	-1.91148532256313	-2.60670266807946
GCCACACAGTCTTGAA-1	0	-5.61133540496059	-2.38008104027184
GCCACTAAGAAGGTGC-1	0	-3.53608620986171	2.50290192901222
GCCACTAAGCAGGTTT-1	0	-2.62157429084011	-1.99926750124367
GCCACTAAGGCTGGCT-1	0	-1.43113005980678	-4.05244765938195
GCCACTAAGTCACTCC-1	3	10.0391410507279	9.35688914596168
GCCAGGAAGACAACGA-1	0	-4.10705102309413	-0.914562833913882
GCCAGGAAGAGGCTAA-1	3	9.9456590332108	9.69652785598366
GCCAGGAAGTAGAGGC-1	0	-1.13497186526485	1.67027415572731
GCCAGGAAGTATCGCG-1	0	-4.21973813399501	1.38814939796058
GCCAGGTTCAATGTGC-1	1	3.08483730927281	0.0142299109610717
GCCAGGTTCATCAGTA-1	1	2.63678621426396	0.533508437267224
GCCAGGTTCCTAAGAC-1	0	-1.93857706412502	-5.35969982803734
GCCAGGTTCGCTAGCA-1	3	10.4986604370194	5.97867001830665
GCCATGATCAACAAGG-1	3	9.95302902832798	9.95342006026832
GCCATGATCGGTTCCT-1	0	-4.92648375853725	-4.87257109344872
GCCATTACATTGGGAG-1	0	-1.89041794165798	-2.65522823990258
GCCCAAATCAAGTGTC-1	0	-2.83347977027126	0.655479925266186
GCCCAAATCAATTGGC-1	0	-2.47697795256801	-2.49994776905449
GCCCAAATCCCTCTAA-1	0	-2.80670703276821	-0.391522032627185
GCCCAAATCCTTAATC-1	0	-4.86654008254238	-5.1317037171212
GCCCAAATCGTAACGT-1	2	2.85309015885167	6.30614890395729
GCCCATAAGATACTTG-1	0	-4.28381169661708	-2.30966447056206
GCCCATAAGCTTAGCG-1	0	-1.69744432791896	-1.31394043327244
GCCCATAAGGCGTAAA-1	2	0.122415176780743	7.85944499312965
GCCCATAAGTTATTCC-1	3	9.41210495606236	9.60827102004616
GCCCATAAGTTCCTCA-1	3	9.89372002259068	5.01583518325416
GCCCTCATCATTTGTC-1	0	-3.9332472167892	-2.66824696720513
GCCCTCATCCAAGTTA-1	0	-2.8194469295425	-3.85634003342064
GCCCTCATCCTGAATA-1	0	-6.06639636382289	-1.64599807322892
GCCCTCATCTGTGCCT-1	0	-1.36172784194179	-0.462528092273792
GCCCTCATCTTACTCG-1	0	-5.97336066588588	-1.93358741463097
GCCGTGAGTACAATGT-1	2	0.681516027498839	8.18486632644264
GCCTAATAGAACCTGT-1	0	-2.09734428748317	-5.11081824959191
GCCTAATAGATTGAGG-1	0	-2.00776112899013	-2.35043047130974
GCCTAATAGGTGCGGA-1	0	-3.03284109458156	-1.63665379346283
GCCTAATAGTGAACAG-1	0	-5.58222592696376	2.8610781603965
GCCTACTTCATAACCA-1	5	-0.454080947486835	4.36222590743629
GCCTACTTCATTACTC-1	0	-4.42970431670375	2.28172458945839
GCCTACTTCATTGCAA-1	0	-4.49070227965541	-3.3394206589547
GCCTACTTCCTAAATG-1	0	-3.824447282402	-2.15964446724327
GCCTACTTCGCTAGAT-1	0	-4.02330649718471	2.20902551948158
GCCTACTTCTATTGTC-1	4	8.6100705780106	-10.3504463261453
GCCTACTTCTCCATGC-1	0	-4.33125747069545	-4.74199853599938
GCCTATTGTACCGAAC-1	0	-3.60834897383876	2.64064373313514
GCCTATTGTGAGGTAG-1	0	-2.87490857466884	-3.77650724113854
GCCTATTGTGGCTTCC-1	1	3.11650311127476	0.666403668514172
GCCTATTGTTAGTTGG-1	1	1.93677972927861	1.40633072196571
GCCTCAAAGATGGACA-1	0	-4.62171424254604	-3.71212611854943
GCCTCAAAGCTAGAAG-1	0	-2.35988725051113	-2.57676885784539
GCCTCAAAGGTGTCCA-1	1	2.60496174469761	1.92365278541176
GCCTCAAAGTGGCGGA-1	0	-3.98473084792324	-2.88392124832543
GCCTCCATCCAGGAAA-1	0	-2.29385341033168	-0.419722301372607
GCCTCCATCTGTTCAT-1	2	0.931419215353055	6.45689286529152
GCCTCGACAGCAAATA-1	3	9.63367592469029	5.49862183868019
GCCTCGACAGCATGTC-1	3	9.04090248719029	4.38103188811866
GCCTCGACAGCCAGAA-1	0	-4.6222349487228	-1.016616029152
GCCTGACAGCTCAATA-1	0	-4.19352496489711	-2.01605139435204
GCCTGACAGGCTGTGC-1	5	-0.107935615627246	3.97557057677833
GCCTGAGGTGTTGTGA-1	0	-3.98435557707973	-3.92155609787377
GCCTGAGGTTAGGACC-1	2	3.6571749366837	6.444856064907
GCCTGAGGTTTCAGGA-1	0	-3.86253846511074	2.2218369418296
GCCTGCTGTCATGCAA-1	2	3.62612711563878	7.88146628676979
GCCTGCTGTCTTGCTG-1	0	-3.10321796759792	-2.32939670742424
GCCTGCTGTGAGGTGA-1	0	-2.04888976439663	-5.68031464279564
GCCTGTGCAGTAGGTG-1	0	-2.86009014472194	-4.93296919525536
GCCTTAACAGCCAGTT-1	1	2.34732197895817	2.04064668952552
GCCTTACTCAAACTCA-1	0	-1.51838267668911	-4.77403126419457
GCCTTACTCACAGGAA-1	3	10.0990956939774	7.43078269301979
GCCTTACTCGCTATGG-1	0	-2.54043615683742	0.126062291255872
GCCTTACTCTAACCTT-1	0	-2.91477907523342	-4.21239576996239
GCCTTGCGTAATCCCT-1	1	3.26720534935765	-0.148339611896594
GCCTTGCGTGGATGTC-1	4	8.13917433396153	-12.9840322560159
GCCTTTATCCATCAGG-1	0	-4.91767419203945	-4.86123548210533
GCCTTTATCGACCTGA-1	0	-2.76312149390407	-0.421026451000293
GCCTTTATCGAGGAAC-1	3	10.0081761993485	8.10650481521217
GCCTTTATCGATATTG-1	0	-2.75893176421352	-0.327729386695941
GCCTTTATCTACCTAT-1	0	-4.49678672179409	-2.55495820701989
GCCTTTATCTCCATGC-1	0	-3.12656105384059	0.636883395305554
GCCTTTGGTATTGCAG-1	0	-4.41789019927211	-4.73836289108666
GCCTTTGGTCACGAAC-1	0	-3.63787377700038	-2.78761432827385
GCCTTTGGTCCCGGAA-1	0	-0.977525480834918	1.0986167365226
GCCTTTGGTTAAGCTG-1	1	2.16374515667729	-0.684589368709644
GCCTTTGGTTATCGAG-1	0	-4.44047511443325	2.87671698867408
GCCTTTGGTTGGTTGA-1	0	-3.91925490721889	0.894796031108777
GCGAAGCCAAATTCGT-1	0	-2.16545260771938	-5.1558314389077
GCGAAGCCACAGCCTG-1	0	-2.64677537306972	-0.162713868030627
GCGAAGCCACCATATG-1	2	3.43414198532872	7.11182917892067
GCGAAGCCAGACAAAC-1	0	-5.69527209624477	-1.2042713309166
GCGAAGCCATAAAGCA-1	0	-3.52127087935634	1.7139343196067
GCGAAGTAGCAATAGG-1	0	-2.84451545104213	-4.16822586716088
GCGAAGTAGTCTCACC-1	0	-4.69359744414516	1.88606538116066
GCGAGTGAGCACTAAC-1	0	-3.53617299422451	0.329980390659253
GCGAGTGAGGATAAAC-1	0	-4.83587373122402	3.26759948073951
GCGAGTGAGGTCCACA-1	0	-2.30131400450893	-0.00928400219353032
GCGATATTCAAACCGT-1	4	8.59896980896763	-10.3566471165505
GCGATATTCCTCCCTC-1	0	-4.68392861708828	-1.69960628212365
GCGATATTCGGGATTT-1	0	-0.786698707191425	-3.12333474815758
GCGATATTCGTGCCTT-1	2	3.65447532311253	6.42901171981422
GCGATATTCTTGAGCG-1	0	-2.13779414519496	-3.60676274956139
GCGATATTCTTGTCTG-1	0	-2.01744593009182	-5.55305920303734
GCGATTAGTCATGCAA-1	0	-5.06194651946254	-0.0710694617119629
GCGATTTAGGTCCGTA-1	0	-0.698848017303424	-3.66281281174095
GCGATTTAGGTTAGAG-1	0	-2.79155124053188	-0.36268566311272
GCGATTTAGTCATGCG-1	2	2.97130810395054	7.8006853037986
GCGATTTAGTTCCCGT-1	0	-5.8059393249435	-2.932167870411
GCGCAAACAAGGACCA-1	3	10.4763444580155	9.46649398147194
GCGCAAACACTGGCTG-1	3	10.1158374466019	10.1301521235618
GCGCAAACAGTTTGGC-1	0	-0.849439629165607	-2.27249918640526
GCGCAATGTGCTCACC-1	1	2.39042066708378	1.92889060317604
GCGCAATGTGTTTGAG-1	0	-2.56547320708461	-0.0207495516625245
GCGCAATGTTCGGGAT-1	0	-3.6418505988998	1.42770089446632
GCGCCTTGTAAGCACC-1	2	3.7152415432053	6.12782277404396
GCGCCTTGTAGTTGGC-1	0	-4.97397292479702	-3.22573314369591
GCGCCTTGTCTTACTA-1	5	-0.432342537490802	4.64384068786232
GCGCCTTGTTAGGCGT-1	0	-2.81760013922878	-3.46665630997094
GCGCGATTCGTTCACC-1	0	-2.2905687175674	2.06000174819557
GCGCGATTCTCGCCTG-1	0	-0.0384249769134096	-2.09741817177208
GCGCTAGGTAACGTGC-1	0	-2.29651869162746	-2.84940586746605
GCGCTAGGTAGACAAA-1	0	-0.831062325088458	-2.95487557114037
GCGCTAGGTCAAGACC-1	0	-3.99863971099086	2.18511452018348
GCGCTAGGTGGGTACT-1	1	2.49050795212559	-0.168754798778613
GCGCTAGGTGTTTGCT-1	0	-2.49294007643886	-3.68406615913781
GCGCTTAAGCCACAAT-1	3	10.2755483306961	6.14163579284279
GCGCTTAAGTACTGGT-1	4	8.18398749008946	-11.0829282826272
GCGCTTAAGTTAACCA-1	0	-2.86188424452968	-2.05285231531533
GCGCTTGCAATTGAGA-1	0	-2.69146788939663	-4.34690676391991
GCGCTTGCACTTCATC-1	0	-3.47348178252407	-2.24616180122765
GCGCTTGCAGGAACTG-1	0	-3.53870309218593	-3.47258959473046
GCGCTTGCATAGCAGG-1	0	-4.74277222975917	-4.78054104507836
GCGGAACCAATCATGT-1	0	-6.01375974044033	-2.77519546211632
GCGGAACCACCAGGTT-1	0	-5.03212273940273	-0.638929349788745
GCGGATACAATTATGC-1	0	-4.55894053801723	-3.73670850456627
GCGGATACATACTCCT-1	0	-0.217432805149036	1.43749250709144
GCGGATACATCACAGC-1	0	-2.0109158836288	-2.36492369831475
GCGGTTATCCCTCGCA-1	0	-3.61333716735073	2.64812173186866
GCGGTTATCCGTTATT-1	0	-4.97412837371059	-4.2740913456765
GCGGTTATCCTTAAGA-1	5	-0.517673262206989	4.02491416274635
GCGGTTATCTGCAACG-1	0	-5.5532480560226	-3.34990916908654
GCGGTTGGTATTCGTC-1	3	10.6365073837357	5.16262664138405
GCGGTTGGTCTATCGT-1	0	-4.87622702941127	-3.76749263466271
GCGGTTGGTTCAAGCA-1	0	-2.44295848235317	1.27863683044044
GCGTAACGTAACCACA-1	3	10.2697280563431	9.65758456527321
GCGTAACGTTCGCTTG-1	1	1.10121904984288	1.86185373603431
GCGTAACGTTGTTGCT-1	0	-4.13897479399868	-2.11814532936486
GCGTGCTAGACTTATG-1	0	-4.70761597975917	-1.54670990765961
GCGTTTCTCACCATTT-1	0	-2.78954780921169	1.41977538405983
GCGTTTCTCTAAGTCA-1	4	8.64418732300572	-10.2736869877663
GCTAACAGTGGGTACT-1	0	-2.48915065154262	-2.16477136076363
GCTAACAGTTAAATGC-1	3	9.72163998261265	5.47033490478126
GCTAACCCAACCTAAT-1	0	-3.06555069312282	0.777143853298108
GCTAACCCAATCATGT-1	0	-5.59679044112392	2.50406827270118
GCTAACCCACCTACGG-1	0	-1.79713452681728	-3.85186539352806
GCTAACCCAGCTCATA-1	0	-3.54470170363613	-2.35345504940422
GCTAACCCATACTCCT-1	4	8.14510285034947	-11.8706575459328
GCTAAGAAGAGAGGAG-1	0	-1.34674967154689	-0.620583099731525
GCTAAGCGTAAACAAG-1	0	-5.23479617461391	-1.77766702831658
GCTAAGCGTCATAAGT-1	1	3.05494820252232	-1.3417422598687
GCTAAGCGTGTGAGAG-1	0	-4.10506642684169	-0.464286369690021
GCTAAGCGTTGTTGCT-1	2	3.89542471543126	6.12912406264869
GCTAAGCGTTTGAGCA-1	3	10.2596248306351	7.27150859176246
GCTAAGTTCATTAGGC-1	0	-1.99369204863735	-5.13636289299401
GCTAAGTTCGAAGTAG-1	2	3.432783476265	7.13155688582985
GCTAATATCATGCGTG-1	0	-2.30229652747341	-3.26215682686241
GCTAATATCTCAATGA-1	1	3.72495233193211	0.276795881381909
GCTAGCCAGACAAACG-1	0	-5.38907683715053	-1.70343111217888
GCTAGCCAGGACTAAG-1	0	-2.40612233504482	-1.70556615055474
GCTAGCCAGGTCCGTA-1	0	-2.04458058699794	-2.92294893921288
GCTAGCGGTCTCAGCC-1	0	-4.61365092620082	-4.40497599304589
GCTAGCGGTGGACATC-1	0	-4.29581750258632	-3.97342143715294
GCTAGCGGTTTGGCTT-1	3	10.3505500473099	7.96466197311012
GCTAGCTCAAGCGATG-1	0	-1.58585370406337	-2.08757404745491
GCTAGCTCAATAACGA-1	4	8.03359543457798	-12.9720989292947
GCTAGCTCACTGACCG-1	0	-4.26798833235927	-2.16930292309197
GCTAGCTCATGCATAT-1	3	10.3306659378128	5.43223418532936
GCTAGTGTCCGCCTCA-1	0	-3.27536118849941	0.863290923229138
GCTAGTGTCGGCTATG-1	0	-1.53768719062038	-0.0902309244957764
GCTAGTGTCTCTAGCC-1	2	0.752332537622971	8.42980613051979
GCTATAGGTACGGTAC-1	0	-2.04339636191555	0.459236996761243
GCTATAGGTCTAGCTT-1	0	-3.52659524306484	-0.843815994867404
GCTATAGGTCTATCGT-1	2	2.28839837685399	7.03640403091041
GCTATAGGTTCAAGAT-1	0	-2.32886303290554	-2.20426581562432
GCTATAGGTTCATCTA-1	0	-2.99909413680263	-3.39902506531151
GCTATCCTCAATCATG-1	2	0.323599151523633	7.67861785232155
GCTATCCTCATGTGGT-1	0	-3.59718669280239	-1.98940668762596
GCTATCCTCCCGTTGT-1	1	2.42155944481663	-0.34475855291756
GCTATCCTCGGTTTCC-1	1	3.20240556374363	0.864736931911389
GCTATTGCAAACCTAT-1	0	-1.23175335749813	-2.39901099861534
GCTATTGCAACAGGAT-1	0	-5.31573069915004	-1.03371391952904
GCTATTGCACCAGCAT-1	0	-3.97887004241176	-1.57475636661919
GCTATTGCACTCAACA-1	0	-2.81336749419399	-2.41694532097252
GCTATTGCAGCATGAG-1	3	10.7515987075882	8.77203215896217
GCTCAACCAATAACCT-1	0	-3.2120033584518	-1.6729172891465
GCTCAACCAGCTCATA-1	0	-5.36403478011318	-2.97478972137841
GCTCACAAGACAGGTA-1	1	2.05690442696385	-0.800407571205219
GCTCACAAGGGCTTTG-1	1	3.69912921562962	-0.366016728290637
GCTCACAAGTAACCCG-1	0	-5.51125491484829	2.41243542968361
GCTCACAAGTATTGTG-1	3	10.7365869201737	8.59544791518776
GCTCATTGTAAAGCGG-1	0	-3.03429211005397	-0.516630691894611
GCTCATTGTACCAGGT-1	0	-0.0557370267791323	1.63841738044349
GCTCATTGTATCTGGA-1	2	3.67652999535374	7.07325305282203
GCTCATTGTCATAAGT-1	1	2.16681741848759	-1.25319073111685
GCTCATTGTCCGCTGT-1	3	10.0158313430863	8.05028666793434
GCTCATTGTGTTTGAG-1	0	-2.5926460109634	1.44925321876136
GCTCCTTAGTAGAGGC-1	0	-4.49148763045497	-2.95048616588982
GCTCGATCAACACCTA-1	0	-2.4600924335403	-5.2163692540017
GCTCGATCAATCTCTC-1	5	-0.497466333953815	4.13676156341163
GCTCGATCATCAATCG-1	0	-3.37153685912319	-2.00016216696175
GCTCTGGCAACCTGGT-1	0	-3.50109256133266	-1.93886475027474
GCTCTGGCACATGCTA-1	0	-4.84083236083217	-5.0079940384713
GCTCTGGCACTTCATC-1	2	1.98012422695927	7.54607905685035
GCTCTGGCATCACTTC-1	0	-5.20057738646694	-2.25930891693505
GCTCTGTTCATGGCTG-1	0	-1.46823967322536	-4.67241678894432
GCTCTGTTCCGTTATT-1	3	9.73191868439488	5.16935719787208
GCTGACATCTTAGTGA-1	0	-4.3238779388351	-4.29664645851525
GCTGACCAGCATGTTA-1	4	8.24182259217076	-11.9363418644753
GCTGACCAGTTAGTGC-1	0	-1.8941801868362	-2.41975711048516
GCTGACCAGTTTGTCT-1	0	-5.49942935332485	-3.11492012203606
GCTGAGGAGCCTTAAA-1	0	-5.88123381957241	-1.45463068545731
GCTGAGGAGTACCGCA-1	0	-5.69264758452602	-1.57358498633774
GCTGATCCAAGCCAGA-1	1	2.98086725846104	-1.15193195776017
GCTGATCCACCTCAGG-1	1	1.81720875874333	2.05484070121376
GCTGATCCAGCTAACC-1	2	0.370286188276333	8.38779773055641
GCTGCAATCAATAGCC-1	1	1.80747508183293	1.53061999618141
GCTGCAATCACAAGCT-1	0	-1.27236140593715	0.892213957897107
GCTGCAATCATGTTTC-1	0	-4.02579797133632	-1.8087205714074
GCTGCAATCGCGACAC-1	0	-3.32970774993129	-3.29707656563195
GCTGCAATCGGCTAGC-1	3	9.68288742676548	5.75042619048683
GCTGCAATCGGGACTC-1	1	3.89388262406163	-0.297791463741382
GCTGCAATCTCACTAT-1	0	-3.37870372161098	-4.25636063278588
GCTGCACAGACACTTA-1	0	-3.05599439963527	-1.33467757464321
GCTGCACAGATTCCTT-1	0	-5.4105101905746	-1.7846886938897
GCTGCACAGCATGGTT-1	3	10.0969508804398	8.07440509139625
GCTGCACAGGTGAAGC-1	0	-4.48867953643032	2.80491198836891
GCTGCACAGTAATCCA-1	0	-4.78651727065273	-3.35352955521019
GCTGCACAGTACTGGT-1	0	-3.00601542815395	-2.71997962654503
GCTGCACAGTCAGGCC-1	0	-0.668436654655414	-0.197189671405872
GCTGCATCAAGCTACC-1	2	3.77814494744114	6.03396786986915
GCTGCATCACCTCAGG-1	3	10.3462747253495	6.78110732375709
GCTGGATGTAAGCACC-1	0	-0.166608699409442	1.07504095374672
GCTGGATGTACCTTAC-1	0	-4.7785168968124	-2.51214729011925
GCTGGATGTGATGATT-1	1	2.53442072048954	0.621276157489697
GCTGGATGTTTGCTGT-1	0	-1.62441671714016	-3.41378579796227
GCTGGTTCACCGGTAT-1	0	-5.58993447646328	-1.6635757809964
GCTGGTTCAGGCATCT-1	0	-6.06204999312587	-2.2091910666314
GCTGGTTCATACCCGG-1	4	7.93490111008458	-13.19714031876
GCTGGTTCATCAGTAT-1	3	9.28142773285679	9.34262408553688
GCTGGTTCATGTTGGC-1	4	8.69456993714146	-10.3146949833718
GCTGTAAGTAACAGGG-1	0	-5.87319100722499	-2.37744365394982
GCTGTAAGTAACGGGA-1	4	7.35978447571568	-13.0639911717263
GCTGTAAGTGTCACGG-1	0	-2.48567665442653	-3.11253176391991
GCTGTAAGTTACTTCA-1	0	-4.11469472274013	-3.79556189239891
GCTGTACCAATACTGT-1	0	-3.8954430900497	2.92540063201515
GCTGTACCACACTAAT-1	0	-1.46673286780544	-4.44135080040367
GCTGTACCAGAACCGA-1	3	10.0966085113602	10.0841325694236
GCTGTACCAGCAAGTG-1	0	-3.93724215850063	2.87985886870948
GCTGTGATCATTGTTC-1	2	2.10595451966099	7.72030772506325
GCTGTGCAGCGATACT-1	0	-1.50654567107387	-1.80006055296334
GCTGTGCAGCTTCTCA-1	0	-1.87030495032497	-2.70890258015068
GCTTAAATCTAAGTGC-1	0	-0.306350537387805	1.52394022285072
GCTTAACAGACAAACG-1	1	3.45948921814732	-1.23966434360417
GCTTAACAGCATGGTT-1	0	-4.22636569365688	-2.90861259163292
GCTTACCTCCTACCTA-1	1	2.63027106896214	-0.951078859576305
GCTTACCTCGCTAGCA-1	2	3.58295523300938	5.98953856765358
GCTTACCTCGTTAACA-1	1	3.1588941730576	-1.0135858482209
GCTTACCTCTTTAAGG-1	5	-0.428364523498493	4.54584683715431
GCTTAGTAGAATCGCT-1	0	-2.07865894660183	-1.84784881533058
GCTTATCGTACCAGGT-1	0	-5.27211058959194	2.48457516967384
GCTTATCGTAGTTACG-1	1	2.1011332191544	-0.830313993105014
GCTTATCGTCGCAAAC-1	0	-0.356379159538227	1.62448062240211
GCTTATCGTGAGGTAG-1	0	-1.60493219718166	-4.81020961464318
GCTTATCGTTGGTGAC-1	2	0.523838094623608	8.23576583205787
GCTTCGCGTGCTTAGA-1	0	-2.19129503592678	-1.66110487044724
GCTTGACCAAACGCGA-1	1	2.89684354439549	-0.485127014526447
GCTTGACCAAGCTTTG-1	1	3.01579915657811	-0.99885409832867
GCTTGACCACATGCTA-1	0	-2.86882913932033	-1.09669364006193
GCTTGACCACTAAGTT-1	4	8.5273388542252	-10.3082643574563
GCTTGACCACTCGCTC-1	1	2.67362391129307	0.302956836810986
GCTTGACCATAATTGC-1	5	-0.484187134353595	4.22787513076393
GCTTGACCATTAGGTT-1	1	2.76209818497471	1.10602392493812
GCTTGTTGTCAAAGAA-1	0	-5.54588664397426	2.97359599410621
GCTTGTTGTCATTGAG-1	0	-5.11624825820156	-4.88223324478539
GCTTGTTGTCATTGTC-1	0	-5.24012196883388	-3.50163255394371
GCTTGTTGTGGATTGC-1	0	-5.03879559859462	-2.4175810641137
GCTTGTTGTGGCTTCC-1	1	2.31779312268071	0.129251616588513
GCTTTACGTACGTTTC-1	3	10.1241620697098	7.61739100753395
GCTTTACGTTACGCAA-1	0	-1.56897772177883	-2.47174630821617
GCTTTACGTTTAGCTC-1	3	10.4562696136551	5.26657380401222
GCTTTATTCACGCGGT-1	2	-0.123563417045551	8.21875132857887
GCTTTATTCATTGCGG-1	3	10.3660405792313	7.95528544723121
GCTTTATTCCCTGGAA-1	1	1.94471787586979	-1.13289687544974
GCTTTATTCCTCAGCT-1	0	-3.47627938613124	-3.64304481209191
GCTTTATTCGACCTGA-1	3	10.5328897155838	6.96750582992164
GCTTTATTCTGGCATG-1	1	3.91613995209507	-0.912266743787845
GCTTTCATCCTTGCAC-1	0	-2.35590113028713	1.36108865081398
GCTTTGTGTAAATTGC-1	0	-3.46559537276454	-1.95734934271248
GCTTTGTGTAGCTGGT-1	0	-3.88309110030361	1.65627755462257
GGAAACTCAATAATCC-1	3	8.95044647827916	9.19403495132057
GGAAACTCAATCATGT-1	0	-5.9782124839706	-2.49504039944084
GGAACAATCAACAAGG-1	0	-0.570099123565631	1.42286886512367
GGAACAATCATTTGCT-1	0	-5.70312035903163	-2.09520385921868
GGAACAATCCGGAACC-1	0	-5.73040164336391	-1.81021134317787
GGAACAATCGATAACC-1	1	2.52970980778508	0.402134197345654
GGAACAATCGTTACTT-1	0	-2.56045378073879	-1.35946605862053
GGAACAATCGTTTCCA-1	3	10.0829213775711	7.06213988601295
GGAACAATCTCCATGC-1	0	-5.17409146651454	-2.51763818920525
GGAACAATCTGCAAGT-1	0	-0.713095553962665	-3.71228562057885
GGAACCACAGGCCATT-1	1	2.12891518250279	2.09933103858558
GGAACCACATAGCTGC-1	0	-3.3971315704269	-1.5596512085286
GGAACCACATGGAGGC-1	0	-4.37182677611538	-4.24891458214196
GGAACCTGTTAAGCCA-1	2	0.295722744615597	8.32413329421608
GGAACCTGTTACCTGT-1	0	-5.80281985625454	-3.07361338795098
GGAACCTGTTAGGACC-1	0	-4.68934930190273	-5.17524014175804
GGAACCTGTTCGCTTG-1	0	-0.910829790679889	-2.52390299499901
GGAACCTGTTCGGTAA-1	2	3.98402797356419	6.49513043700783
GGAACCTGTTTAGCTC-1	0	-4.45959533080288	-3.50075493515404
GGAACGGTCATTATGG-1	0	-1.49776209220119	-3.38945732773217
GGAACTAAGGAGTCGG-1	4	7.55079733506016	-12.4155002659646
GGAACTAAGGGATGAC-1	0	-3.21854508742519	-4.37532196701439
GGAACTAAGTCACTAA-1	1	3.10242711678318	-0.451776666053851
GGAACTAAGTTAGCCG-1	0	-5.31797850951381	-3.16117475689324
GGAAGCTAGAGAGGCT-1	0	-6.00083506926723	-2.98153339088829
GGAAGCTAGCGGATAA-1	3	10.2769988693314	6.0109542781028
GGAAGCTAGCTATGAC-1	0	-2.21993959769435	-2.41938851536187
GGAAGCTAGGCCTGGT-1	0	-1.17918313368984	-2.59590850532921
GGAAGCTAGGCGCACT-1	3	9.97865807190709	10.0933641368064
GGAAGCTAGTAGCCAT-1	3	9.83402191773228	5.16667737304298
GGAAGCTAGTGTTGCG-1	0	-3.63395322188564	1.13340129195778
GGAAGTATCGCATTAA-1	1	3.12667595520787	-0.520494861015399
GGAAGTATCGGTACGC-1	2	1.14070045128636	6.94817580520241
GGAATCTTCTCACACC-1	0	-5.44756472930141	3.0508655482444
GGACAGCCAATCGCAC-1	0	-1.99050892218776	-4.53635607422264
GGACAGCCAGGCATGA-1	0	-4.88305772170253	-2.61482701958092
GGACAGCCAGGTTATT-1	0	-3.22027600630947	1.38194479285804
GGACAGCCATAGCAGG-1	2	-0.0187550269050173	7.97699202834694
GGACAGCCATAGGCGA-1	0	-5.88543666228481	-1.25616205246123
GGACAGCCATGTCGCG-1	0	-3.58282006606288	1.499552624813
GGACATAAGAGAGGAG-1	0	-4.84295142516323	-3.49785528839501
GGACATAAGGAACACA-1	0	-5.08063042983242	-3.42132101715477
GGACATAAGGACACTT-1	1	2.0430163063126	-0.993669805535396
GGACATAAGGCGTAAA-1	0	-3.58562005385585	-1.31052964688214
GGACATAAGGGACGCA-1	0	-2.41533840521999	-3.01994143188866
GGACATAAGTTAGTTG-1	0	-1.96572125777431	-0.316503090271075
GGACATAAGTTTAACG-1	5	-0.464873798934894	4.1403578692588
GGACCGAAGGAGGCAT-1	0	-2.03125394210048	-2.72725723446282
GGACCGAAGGCGAAAC-1	2	3.49164616242222	8.41821994124977
GGACCGAAGTTTCCTG-1	1	2.77706443444066	-1.48692960799607
GGACCTCAGAACAAGT-1	0	-2.54480064734645	-2.04034231365593
GGACCTCAGCACTAAC-1	0	-4.85771382674404	-1.46734465421112
GGACCTCAGGACTTAC-1	2	3.75428258553318	6.23548449813453
GGACCTCAGGTTAGCT-1	0	-5.17973245009609	-1.36043166876705
GGACCTCAGGTTTGAC-1	0	-2.03209627494045	-2.54942963779839
GGACCTCAGTCACCAG-1	1	2.14148806706242	-0.662644309410175
GGACCTCAGTTGTCAA-1	1	3.02787410393528	0.748254674068372
GGACGAAGTCAGGCAT-1	2	2.03984879627995	7.21943034469215
GGACGAAGTCGTAAAT-1	0	-3.25014627799221	-3.54706178368004
GGACGAAGTGTCCTGC-1	0	-1.01422453746028	-4.43433151901634
GGACGGATCAATGTCA-1	0	-1.44306958541103	-2.65760038555535
GGACGGATCATGGCCA-1	0	-1.53493560179897	-0.333757085212787
GGACGGATCCGCCAAA-1	0	-5.20728648528286	-3.06587491691979
GGACGGATCTGTTGCC-1	0	0.370907328279538	1.44994177161781
GGACTAAAGATGCCTG-1	0	-4.63847220763393	-2.21791861713799
GGACTAAAGATTCCTT-1	1	3.68683039322667	-0.902423781761249
GGACTAAAGCATCCAG-1	3	10.0621093429642	9.86445464431373
GGACTAAAGCTCATAA-1	0	-2.3394504867477	-4.13451467216881
GGACTAAAGGCCTGGT-1	1	3.53720533028416	-0.972066325553973
GGACTAAAGTATTGCA-1	4	7.36980187073521	-12.5416627949563
GGAGCAAGTCAAACTG-1	2	3.5687481082993	8.12978305160133
GGAGCAAGTCACAAAT-1	0	-5.11414397582241	-1.18269080244871
GGAGCAAGTGATCAGC-1	0	-5.37814772948452	2.19157327949135
GGAGCAAGTGTTCCCA-1	3	10.1488584198075	5.02545251189796
GGAGCAAGTTGTGACA-1	0	-5.40927756652065	-4.11678848923119
GGAGCATAGACAAAGT-1	1	2.77618896141819	0.271952884784619
GGAGCATAGAGGATAT-1	0	-4.34274876937099	-0.464320940383991
GGAGCATAGTGAGAGC-1	0	-5.7924910865707	-1.42957792938622
GGAGCGATCATTCATC-1	0	0.0111435569839903	1.40535821258156
GGAGCGATCCCTCATA-1	0	-6.04711926802822	-1.6606455570546
GGAGGTTAGCACAGCC-1	0	-4.09306968077846	-1.50966061414154
GGAGGTTAGCAGGCCT-1	2	-0.129796334354358	8.01505793868629
GGAGGTTAGTACTGGT-1	0	-2.26209200247951	-2.83630715073021
GGAGGTTAGTTGGCCA-1	2	0.596191405506653	8.08443106948463
GGAGTCTGTAATTAGC-1	0	-4.96300900801845	-0.32104108990105
GGAGTCTGTCATCATC-1	0	-1.53769291266628	-4.35723982513817
GGAGTCTGTGTTGTGA-1	0	-0.562386520950275	-2.9568922346917
GGAGTCTGTTACAACG-1	0	-2.30439627989955	-1.82649539173516
GGAGTCTGTTGTTCAC-1	0	-5.43938315734096	-2.83386872471245
GGAGTCTGTTTCCGGC-1	0	-3.40795482024379	-2.77928302944573
GGAGTGAGTAATCGCA-1	0	-4.3748771034164	-2.54852793873223
GGAGTGAGTCACCTAT-1	0	-1.30782187804409	-4.5267883366433
GGAGTGAGTTTCAGGA-1	1	3.41812168732457	0.425307291141431
GGAGTGAGTTTGAGGC-1	0	-4.08157313689418	2.2002886706504
GGATAACCACATTAAC-1	0	-4.21614182814785	-2.66397748649987
GGATAACCAGAAACGT-1	3	9.43892323151402	9.41997947036354
GGATAACCATATAACC-1	0	-1.8317486129684	-5.45724974335106
GGATAACCATGTTTGG-1	0	-5.55918658599086	-0.839459491380771
GGATACTTCAGCACCA-1	3	10.6975692428666	5.67151011764137
GGATACTTCAGGTTTA-1	0	-4.23624051436611	-1.29954673112305
GGATACTTCATCCTAT-1	0	-4.95134890898891	-3.81608830154808
GGATACTTCATGGTGT-1	2	1.07300227061085	7.96442164718239
GGATACTTCCAAATCA-1	0	-2.72228253707119	-3.67435298622521
GGATACTTCCCTGGAA-1	0	-4.77031052931972	-2.04844109476479
GGATACTTCGTGCCTT-1	3	9.55885159149937	4.83046283065407
GGATATTGTAACGAGG-1	0	-0.44685614928432	0.508073108783643
GGATATTGTCACCTAT-1	3	10.2512897171097	10.0974868708762
GGATGAATCATCCTAT-1	2	2.80592738762669	7.6742261820945
GGATGAATCGGGACTC-1	3	10.2344001449662	9.92472113906471
GGATGAATCGTTAGTA-1	0	-1.42530120238491	-4.6727615422097
GGATGAATCGTTTCGC-1	0	-3.94856036528774	3.00441636382667
GGATGAATCTTTGAGA-1	4	8.28483330384068	-11.6274257725564
GGATGGCCACCTCAGG-1	0	-2.60230697020717	-1.85254011810692
GGATGTAAGAGCCGCT-1	1	2.23783074990086	1.82196749984352
GGATGTAAGATAACCC-1	3	10.5201190628128	5.55961026488868
GGATGTAAGCAAGGTA-1	0	-3.78798735961147	0.852334397426526
GGATGTAAGTATGTGC-1	0	-2.40827978476711	-4.35428867996605
GGATGTAAGTTCCTGC-1	0	-2.25066984519191	-4.19589148224266
GGATTATGTAGGATCC-1	0	-1.67760027274318	-3.23928008736046
GGATTATGTCTTGCTG-1	0	-2.02195371016689	-3.10933778942498
GGATTATGTTACTTGC-1	0	-2.70387972220607	-0.615543228992542
GGATTATGTTAGCCAA-1	0	-4.40180981978603	2.66664137183754
GGATTCAGTAATCACG-1	0	-2.76382101401516	-0.270920676597675
GGATTCAGTCATGCAA-1	0	-0.834393628684955	-2.13722125948342
GGATTCAGTCTTACTA-1	2	3.88552295342259	6.14017381011574
GGATTCAGTGAGCACT-1	0	-4.66365445479579	0.445959585300366
GGATTCAGTTACATCC-1	0	-1.50503218993373	-0.412726027378162
GGATTGCGTAATGACT-1	2	1.87338005677037	7.1416744166526
GGATTGCGTCCCGAAG-1	1	2.53021167889409	-0.107438547023853
GGATTGCGTGCGCATG-1	0	-5.73764289244838	-2.55900715053948
GGATTGCGTGTTGTGA-1	0	-0.98371876105495	-3.63640509308251
GGATTGCGTTGTTGTC-1	3	9.95499359741978	9.32424868880836
GGATTTATCATTACAG-1	0	-1.29140115603633	-4.82815037430199
GGATTTATCCAAGTTA-1	0	-3.27083123549648	-2.04262165487679
GGATTTATCCTTTACG-1	0	-2.6366916976852	-0.0215130871620972
GGATTTATCGAAGCGG-1	0	-1.0362255655212	-4.33337317169579
GGATTTATCTATGACA-1	0	-5.28062594756313	-2.63938782871636
GGATTTATCTTCAATC-1	0	-4.91350234374233	-3.06778095425042
GGCAAATCACAATGCC-1	0	-4.28949416503139	-0.21576605499657
GGCAAATCACCACAAC-1	0	-4.15331757888027	2.68315185844032
GGCAAATCACTAGGTC-1	0	-4.20495093688198	2.63122596084205
GGCAAATCATAAACCT-1	0	-3.33960307463832	-2.21213398636254
GGCAAGCCATGCTTAG-1	0	-2.67187798842617	-4.2803648537484
GGCAATCGTCCTAAGA-1	0	-4.64625037535854	-1.40002035857113
GGCAATCGTTTAGCGA-1	3	10.1500190414505	6.56767310439674
GGCATGGAGATAGACG-1	4	8.63846241608433	-10.2787548130837
GGCATGGAGCAAGACA-1	0	-4.02666915282436	-1.7141765183297
GGCATGGAGCTCCTAC-1	1	2.8004261173325	-1.28836180777224
GGCATTAGTAGTTAAC-1	0	-5.95780576094814	-3.09229694069298
GGCATTAGTCGCATAA-1	0	-3.30726469382473	0.252517836681287
GGCATTAGTTAGCAGC-1	0	-3.89232886656948	-3.16465078056725
GGCATTAGTTTAACCC-1	0	-2.3039177738113	-2.41071663559349
GGCATTGTCAATGAGG-1	1	3.45250474587254	-0.875436109909137
GGCATTGTCACACAGT-1	0	-2.96659839972683	-2.3717840737191
GGCATTGTCTTAGTCT-1	4	8.44104754105381	-10.5222698277322
GGCCAACTCACGCATG-1	0	-1.92139280661769	-5.15811668098839
GGCCAACTCATTACAG-1	0	-0.853114017097431	-3.74582515419396
GGCCAACTCTGTGAGT-1	1	2.67102276459507	0.359217899433057
GGCCAACTCTTTAAGG-1	0	-4.76931918486782	-4.78054843605431
GGCCAGTTCAAAGGCA-1	0	-1.83687651976772	-1.92325804890068
GGCCAGTTCCCGCATT-1	1	2.8563924945908	-0.64341668547066
GGCCAGTTCCTGAATA-1	0	-2.05722750052639	-0.224913997062762
GGCCATCAGATTCCTT-1	1	2.00515150204472	2.11636795341102
GGCCATCAGCAAGATG-1	0	-4.28054631575771	-4.24282608688744
GGCCATCAGCATTTCT-1	1	2.24571227207951	-0.943419543513377
GGCCATCAGGCATTGT-1	3	10.6775468505936	5.53660764037697
GGCCATCAGTCACCTC-1	0	-3.81512177809902	-2.28208885849388
GGCCATCAGTTCCTCA-1	1	3.5940748371201	-1.61110861361893
GGCCGTTAGAGGATAT-1	2	0.362753561885876	8.41351451217262
GGCCGTTAGCAATAGG-1	4	6.93801056519322	-11.6010957783547
GGCCGTTAGTTGCCTC-1	3	9.76759754792027	5.83152951537697
GGCCTAATCATGTGGT-1	0	-5.61470139846035	3.26935233413307
GGCCTAATCGGGCCAT-1	2	2.51627086773686	7.45152892409889
GGCCTAATCGGTTTGG-1	0	-4.68975556716152	2.421108143917
GGCCTCTGTAAGGTCC-1	0	-0.993605741111713	-2.80334304035576
GGCCTCTGTGCTTACT-1	0	-4.97467721327968	-2.4752586907235
GGCCTCTGTGTTGTGA-1	3	9.86727368012242	7.55384578048317
GGCCTTAAGAAAGCAT-1	0	-4.7822429023666	-0.120201689609607
GGCCTTAAGAATCTCA-1	0	-1.08091510161586	-4.10944281280907
GGCCTTAAGCCTTAAA-1	0	-5.47572482451625	-1.36381803215416
GGCCTTAAGCGAGTAA-1	1	2.95724331513218	-1.43626893819245
GGCCTTCGTGCTAGCG-1	2	0.47809519544415	7.08372916518776
GGCCTTCGTTGCTGGG-1	1	2.8365908779221	0.333791034809033
GGCCTTCGTTTCCACG-1	0	-4.27318299636074	-3.27898750961693
GGCGATACAATTAGCT-1	4	8.27197538986973	-11.9926105564919
GGCGATACACTTCATC-1	3	10.4609073318558	6.97970523177711
GGCGATACAGCATGAG-1	0	-2.29296840056606	-2.13629691065224
GGCGATACATCACAGC-1	0	-1.56222952231594	-2.44074712456139
GGCGATACATGAATCT-1	1	1.90823578015141	1.64704956351844
GGCGCTAGTGAGAAAC-1	3	9.69742905274205	5.73778237639991
GGCGCTAGTTCACCAT-1	0	-0.830136068908649	1.54081739722816
GGCGGTAAGATGGACA-1	3	10.2122863449173	9.96379985152809
GGCGGTAAGCCGGTAC-1	0	-4.23897136077114	-1.05152639509114
GGCGGTAAGCCTGGTA-1	0	-3.85070575102993	-3.21406565369042
GGCGGTAAGGAAGCAC-1	0	-4.76389945372768	-1.40644556046398
GGCGGTAAGTTATCTC-1	0	-3.48648990019985	-1.57966314018639
GGCGGTTTCACTCGCT-1	0	-2.84900201186367	-2.43421779335411
GGCGGTTTCCGCCTCA-1	0	-4.24332059249111	-1.59440232575806
GGCGGTTTCCGGGACT-1	0	-3.55679715499111	-3.12879429520043
GGCGGTTTCTTGCAAA-1	0	-3.28260100707241	-3.47915373505028
GGCGTTATCCTCACTA-1	1	3.53895579949192	0.300446050754468
GGCGTTATCTTGAGCG-1	0	-3.7110382400436	-1.57962356270226
GGCTAGACACTCAACA-1	2	3.44853364601902	1.09856428443519
GGCTAGACAGGATGGC-1	5	-0.557234772293048	4.36119498550026
GGCTAGACATGGCCTG-1	2	0.436459533126874	7.92640342055885
GGCTAGACATGTTTGG-1	4	8.14330994263462	-11.0426593846169
GGCTAGTGTCAAAGAA-1	0	-4.81990016326137	-4.71482096374901
GGCTAGTGTCAGGCAT-1	0	-3.52779448851772	0.411950724712292
GGCTAGTGTCATAGAT-1	0	-5.81120503768154	-2.94034753502281
GGCTATGTCCCAGTAG-1	0	-2.53190506324001	-1.2268162271467
GGCTATGTCCGCAAAT-1	0	-2.06572283133693	0.753318684688489
GGCTATGTCTGGTCCT-1	1	3.28108560219578	-0.264127535232623
GGCTATTAGAGGATAT-1	2	2.58451532498173	1.72729744254677
GGCTATTAGCTTAGCG-1	4	8.44155871048741	-10.5091110295144
GGCTATTAGGCATGAA-1	0	-2.60574639662929	-3.63483987511071
GGCTATTAGTTGTCTT-1	0	-2.24701870307155	1.91825212775795
GGCTCAATCAAACCGT-1	0	-3.11709464415737	0.405018704524915
GGCTCAATCCCTGGAA-1	4	8.34345184937291	-12.9993482655373
GGCTCACAGCGCCTTT-1	2	0.778707116098923	8.33722724258033
GGCTCACAGGGTGAGT-1	0	-2.81437838896938	-2.84483574093254
GGCTCACAGGTCTTGG-1	0	-2.22589219435878	-3.31816778839501
GGCTCACAGTAAGGGC-1	0	-3.14600194319912	-1.66887409747513
GGCTCACAGTTGTCTT-1	0	-5.19183982238002	-2.88549636066826
GGCTGAGAGGCGGGTA-1	0	-5.35182727202602	2.21923627196876
GGCTGGTTCAGCATTA-1	2	3.36011230126194	1.03804053603737
GGCTGGTTCTTTAGGA-1	2	3.90322219506077	6.61798371612159
GGCTGTCAGACTTACA-1	0	-5.37735761031337	2.45980634032814
GGCTGTCAGACTTATG-1	1	2.90572773590855	-1.06805170834931
GGCTGTCAGGAGCACG-1	2	2.46846436634831	7.3401140147361
GGCTGTCAGGCGTAAA-1	0	-3.94760621413417	-1.35070046544941
GGCTGTCAGTATCGCG-1	0	-5.87428344115444	-1.79692916334542
GGCTGTCAGTTGTCCC-1	4	8.12201344147496	-11.8064457005349
GGCTTAAGTCCTGATT-1	3	8.93486248627476	4.26709689437477
GGCTTCAAGCGTGCGT-1	0	-4.82639706954189	-3.57109246910485
GGCTTCAAGTCTATGA-1	0	-4.18790257796474	2.74802293120948
GGCTTCAAGTTACCGG-1	0	-2.12069190367885	-2.8379603451577
GGGAATATCATAACGC-1	0	-1.30913723334499	-4.52618966759117
GGGAATATCATCACTT-1	4	8.37230765000157	-12.1019912785378
GGGAATATCGCCTAAG-1	1	3.22598301544957	-1.72118167341622
GGGAATATCGGTCATG-1	0	-4.04941380843349	-4.12412820518883
GGGAATATCTACCTAT-1	1	2.61915814057164	-0.656473738559802
GGGAGTAGTTAGAGGG-1	0	-2.03068722113796	-3.94540177048119
GGGAGTAGTTATGTGG-1	4	8.08982073441319	-12.0835271900979
GGGATTAAGATTGAGG-1	3	9.95210777893834	8.70329894363014
GGGATTAAGCCGCAGT-1	1	3.85881935730748	-1.39516490460308
GGGATTAAGTGTGATC-1	0	-2.45485437735744	-4.78537688911827
GGGATTAAGTTCCTCA-1	0	-3.24767077788539	-3.07711885631951
GGGCAATAGATGGACA-1	0	-4.95731366500087	3.31525506316749
GGGCAATAGCCGCAGT-1	0	-4.25548899993129	-3.8154834336129
GGGCAATAGGAATAAC-1	0	-2.0059429489059	-3.62679658592614
GGGCAATAGGCCTTAG-1	0	-1.96132648810573	-5.10301743210228
GGGCAATAGGCTAGAA-1	0	-4.73058760985561	2.52551044761268
GGGCATGAGAGCCGGA-1	2	1.96089862957768	7.11427916823951
GGGCATTGTGAGCGAA-1	0	-2.33451355323024	-5.40493069351586
GGGCATTGTGCGCAAT-1	0	-1.09334374293514	1.01208128272621
GGGCATTGTGGATTCA-1	4	6.92695747986607	-11.5831066197244
GGGCATTGTTCAAGCA-1	0	-3.3288623176498	-4.53788409889611
GGGCATTGTTGTTCAC-1	0	-3.47931922301479	1.31770505248634
GGGCCTAGTTCCTGTG-1	2	2.01636957302861	7.36648597060768
GGGCCTAGTTGGTGAC-1	0	-0.753643163291889	1.05614246665565
GGGCCTAGTTGTTGCT-1	4	7.42652308121495	-11.624347311863
GGGCGAATCATTTAGG-1	4	7.80947815552525	-11.6429477757302
GGGCGAATCTCACATT-1	4	7.04434382096104	-11.6481700962869
GGGCTAACAGTGAACG-1	0	-4.40790046080776	-1.71488277376564
GGGTATTTCAAATCGC-1	0	-1.98816431388088	-1.26091457665833
GGGTATTTCATTTGTC-1	0	-3.85774625167079	-1.10199068994196
GGGTATTTCGTTAACA-1	0	-5.24291146620937	3.40188588439552
GGGTCAACAATAGCAA-1	4	8.14941631928257	-12.9719358509866
GGGTCAACACTTAGGC-1	0	-5.17092288359829	-2.82550976932915
GGGTCAACAGATAGAC-1	0	2.61825071945958	6.04179944335548
GGGTCAACAGTTATGT-1	1	2.75514995232396	0.435347216716687
GGGTCAACATAAAGCA-1	0	-2.21617067679592	-2.50250063599022
GGGTCAACATGTCAAT-1	0	-0.681287296859699	-2.44814751804741
GGGTCAACATGTTGTG-1	4	8.0235603965836	-11.4688192433205
GGGTCACTCAGGCTAT-1	3	10.534080854805	4.91076030074684
GGGTCACTCGGGATTT-1	0	-0.873314627258258	-3.27744351089867
GGGTCACTCTCACTAT-1	0	-4.65384162291713	2.42446698485939
GGGTGAAGTCATGAGC-1	0	-4.56337798461147	-5.06590114296349
GGGTGAAGTGAGACTC-1	0	-2.20723093375392	-4.51340470970543
GGGTGTTGTAGCAGCT-1	0	-1.92319882735439	-2.25106976688774
GGGTGTTGTAGCTGGT-1	0	-5.26997340544887	-1.71869788826378
GGGTGTTGTGCGCATG-1	1	2.3131123699265	2.05705704032509
GGGTTACGTACGGTAC-1	2	3.2184120334702	8.07090987502662
GGGTTACGTCACACCC-1	0	-5.22728932723232	-0.489635509857257
GGGTTACGTTAAATGC-1	1	1.8244489349442	-0.866924566635211
GGGTTACGTTTACGTC-1	0	-4.39685881957241	-1.04833251000317
GGGTTATTCCCATAAA-1	1	3.70411812439732	-1.08545034141215
GGGTTATTCGAAGTAG-1	0	-4.44191706999965	-4.13214026153954
GGGTTATTCGTTTCTG-1	0	-2.97905290946193	0.212643640628735
GGGTTTCCAAACGCGA-1	5	-0.428790935127216	4.33569468795387
GGGTTTCCAATCTCTC-1	1	2.75297652855687	0.91144718467323
GGGTTTCCAGAAACGT-1	0	-4.10542071685024	2.82223452865211
GGGTTTCCAGCATGAG-1	1	2.72088038101963	-0.958350492128452
GGGTTTCCAGCCTAAC-1	0	-4.64712394103237	-3.07940529049309
GGGTTTCCAGCTTAAT-1	0	-1.93956244811245	-3.18371556461724
GGGTTTCCAGGCGATA-1	2	2.48478399887852	6.51328458129493
GGGTTTGTCAGGTTTA-1	2	3.58882223740391	6.74806870757667
GGGTTTGTCCAAACAC-1	0	-4.87991679534145	1.25376834212867
GGGTTTGTCGATCAGT-1	0	-4.47224772795864	-2.66837821663292
GGGTTTGTCGTAACGT-1	0	-1.95138800963588	0.928360837093274
GGGTTTGTCGTACCGA-1	0	-1.60172236785121	-4.56257568062218
GGGTTTGTCGTTATAG-1	0	-4.90031016692348	-4.16649780929955
GGTAAACCACAAAGCG-1	0	-5.58585990294643	2.34737648307411
GGTAAACCAGACAAAC-1	0	-2.71370471343227	-0.033211452373584
GGTAACCGTTAAGCGC-1	4	7.39198147431187	-13.0181356495705
GGTAACCGTTGGGTTA-1	0	-4.67772115096279	-0.153694731601794
GGTAACTTCTCATCAT-1	3	9.96256767884068	5.71086062728492
GGTAAGGGTACGATTG-1	3	10.1971133865433	5.23302020370094
GGTAAGGGTACTTAGG-1	3	10.5349477447586	5.10002745925514
GGTAAGGGTCCGTAGG-1	0	-4.98200047835537	-0.668530327686389
GGTAAGGGTGCTCCAC-1	0	-4.97283328398891	2.19455279647438
GGTAATTGTCAGGCAT-1	1	2.59286295548253	0.0242898636969726
GGTACAAAGCTAGAAG-1	0	-2.85651458129116	-1.96576414764794
GGTACCGGTAACCACA-1	0	-4.90421117171474	-1.81748895109566
GGTACCGGTAAGCTTG-1	2	1.30729132071309	8.09986628829567
GGTACCGGTAGGTGTC-1	1	3.12235986367039	-1.65002374113472
GGTACCGGTTGAAGCC-1	0	-4.3348904930038	2.68377460776893
GGTACTAGTAGGTGTC-1	1	1.75142811909489	1.88755931197731
GGTACTAGTGCGCAAT-1	0	-5.15364659651943	2.59582604705421
GGTACTAGTGCTAGAC-1	1	2.56887601986699	1.20104994117347
GGTACTAGTTCATCTA-1	3	10.046423307808	9.19292392074196
GGTACTAGTTCGGTAA-1	0	-0.635719188301044	-3.37158499420555
GGTACTAGTTGGCGTG-1	0	-4.50425971373745	-3.13942764461907
GGTACTTAGCATGTCG-1	0	-4.94582284316249	-1.27190678329142
GGTACTTAGTTGCCTC-1	0	-5.13100589141079	-4.50616346062096
GGTACTTAGTTTCCGC-1	2	2.97304188385777	1.4156116419944
GGTAGGAGTAACCAGC-1	0	-1.24585665091701	-4.48606835068138
GGTAGGAGTAGGTTGC-1	0	-3.60340178832241	2.39590515433876
GGTAGGAGTCACGGAT-1	0	-4.79071963652797	-3.97020111740502
GGTAGGAGTGTTGTAG-1	0	-2.03115547522731	-2.56285248459252
GGTAGGAGTTATGTGG-1	1	2.70575558319859	1.12259926139442
GGTAGGAGTTGCGGAT-1	0	-5.18893111571498	-0.838657421478351
GGTATGTTCATGCGTG-1	0	-3.49474919661708	-3.43832765282067
GGTATGTTCATTAGGC-1	0	-3.65335477217861	-2.35369907081993
GGTATGTTCCGGAACC-1	3	9.06296574250035	4.39490355788795
GGTATGTTCCTAATAG-1	1	3.63408576622776	-0.209387106308063
GGTATGTTCGATTTGA-1	0	-1.91081345900722	-4.56875119865807
GGTATGTTCTGTTCAT-1	0	-5.4184824310226	-3.31127439201744
GGTATTGGTCAAAGGG-1	1	3.10891639366917	0.192455309024731
GGTATTGGTGAAGCCT-1	0	-4.20144093856044	2.59648646651832
GGTATTTCAACATAAG-1	0	-2.97571314200588	-0.451947254547199
GGTATTTCAATTTAGC-1	0	-5.53930343016811	2.63770212470619
GGTCAAGCAAACCTAT-1	0	-4.62513697966762	1.96749104796974
GGTCAAGCAAACGCGA-1	3	10.5058282531815	6.7038515978965
GGTCAAGCAATAATGG-1	0	-3.29325664862819	1.39117421447364
GGTCAAGCACCAGCAT-1	0	-5.09723056182094	1.49965371429054
GGTCAAGCAGAAACGT-1	3	10.3902171768265	7.5334619456443
GGTCAAGCAGCATTAT-1	0	-0.316269286720233	-2.07531635225685
GGTCAAGCAGGACCTT-1	0	-3.58463586196132	-3.49556313217552
GGTCAAGCAGGATTAA-1	0	-3.26090587004848	1.69527139007179
GGTCAAGCATAGGCGA-1	1	3.01297485009007	-0.445034725078662
GGTCAATTCCTCCTAA-1	0	-1.69748032912441	-3.02579115093621
GGTCAATTCGATTCTT-1	3	9.00201450959019	9.3230070048484
GGTCAATTCGGTCAAT-1	0	-5.09297955855556	1.85096182166664
GGTCAGGAGCCGCTTT-1	2	2.03539680615239	6.92072524367897
GGTCAGGAGCTTATGA-1	3	10.024899832161	9.23432483016578
GGTCAGGAGGCCAATT-1	0	-3.7640954337997	-1.16975103826197
GGTCATTAGGCAGGTG-1	3	10.1042550720292	5.55082024871437
GGTCATTAGTCACGAT-1	0	-5.43063605651088	-2.48388419807823
GGTCATTAGTGAGCGG-1	2	2.86695109978489	7.7456726008567
GGTCCATCAATCGCAC-1	0	-2.55877602919765	-3.95548234642418
GGTCCATCAGCAAGGC-1	0	-3.36126483306118	-3.8409858769265
GGTCCGTAGATTGAGG-1	0	-1.42906702384182	-0.330964786418994
GGTCCGTAGGCGTAAA-1	0	-5.37797940596767	-4.28967438400658
GGTCCGTAGTACCGCA-1	3	9.0013583816605	4.3339294367942
GGTCCGTAGTGAGCAA-1	2	2.64020465985112	7.31481112777321
GGTCCGTAGTTAACCA-1	0	-5.14643967971035	2.98759879409401
GGTCCGTAGTTCCCGT-1	0	-5.45773471221157	-2.15061072767647
GGTCGGTTCACTCGCT-1	0	-3.93771184310146	-2.78728161514672
GGTCGGTTCATTTGCT-1	3	10.0603412307816	8.32895888625709
GGTCGGTTCCCTTGCG-1	1	2.80648957863621	1.2151779109153
GGTCGGTTCCGCAACA-1	3	9.9260467208939	9.32252539931862
GGTCGGTTCCGTGACA-1	0	-3.28276241645046	-4.66301212967308
GGTCGGTTCCTCAGTC-1	0	-4.65175689086147	-1.77935991943749
GGTCGGTTCGCACACA-1	0	-4.106842645256	0.713778751483838
GGTCGGTTCGTTTCGC-1	0	-2.36336792334743	-2.81014500320824
GGTCGGTTCTAATCAG-1	0	-1.43062914237209	-4.44671140373619
GGTCTTGAGCGATAGA-1	0	-4.92459119185634	-2.82008360088738
GGTCTTGAGCTGTAAC-1	0	-5.92323792800136	-2.53968380154045
GGTCTTGAGGCATTAC-1	0	-3.71232236251064	-2.72741900146874
GGTCTTGAGGGATGCG-1	3	9.07796131745152	9.33324851333229
GGTCTTGAGTAGCGCC-1	5	-0.562996634094196	4.10217418014137
GGTCTTTGTAGCTAGC-1	1	3.36558758393101	-0.987225321539958
GGTCTTTGTCCTAGTT-1	0	-5.36492122039028	2.80032791434852
GGTCTTTGTTAACACG-1	0	-4.35106862410732	-2.03509674728783
GGTCTTTGTTGCTTCG-1	0	-4.14247096404262	-3.20459137619408
GGTGAGCCAAGGATTA-1	0	-2.96931947097011	-3.16585205257805
GGTGAGCCAATAACCT-1	4	8.08979069367222	-11.4875284260598
GGTGAGCCACTTACAG-1	0	-4.85307181700893	-3.97702727974327
GGTGAGGTCACAGGAA-1	0	-2.12995208129116	-5.02368937195214
GGTGAGGTCTACCTAT-1	0	-1.21127773150631	-3.55011687935265
GGTGAGGTCTCACTCA-1	0	-3.67368186339565	-2.50141225517662
GGTGAGTAGCTGCACA-1	0	-3.12975848540493	-3.78071675957115
GGTGATTTCACGCATG-1	0	-3.74335349425502	-3.83186088264855
GGTGATTTCAGAAACG-1	0	-1.79372323378749	-0.68538652122887
GGTGATTTCCCTCGCA-1	0	-1.87579692229457	-2.96383391083153
GGTGATTTCCGTGACA-1	0	-5.46984637602993	-3.06645940006646
GGTGATTTCGAGCAAA-1	0	-5.02452004775234	-0.473312241443713
GGTGATTTCGGTTACG-1	0	-2.85182512625881	-1.67552341283234
GGTGATTTCTACCTAT-1	0	-3.43287289962001	-2.34575150669487
GGTGCTGGTTAGTTGG-1	0	-3.09862244948574	-3.50845108688744
GGTGCTTCAGCACCAT-1	0	-2.65774668082424	-3.04090498150261
GGTGCTTCAGGCCATT-1	1	3.25296794548802	0.273582833400647
GGTGCTTCATGTTGCA-1	0	-1.59838832244106	-2.74952839077385
GGTGTCCAGCGAGGTG-1	0	-5.22781623229213	-4.32783113182457
GGTGTGACAATCGCAC-1	0	-0.902400501815753	-4.07232437790306
GGTGTGACACCGGCTA-1	0	-4.79922355040737	-3.71527276695641
GGTGTGACACTAGGTC-1	0	-4.86051476821132	0.671043294063489
GGTGTGACAGAAATGC-1	1	2.16276585236363	1.79181327163307
GGTGTGACAGCAGGTA-1	2	1.62048082724385	7.68512477218239
GGTGTGACATCAGCAC-1	0	-2.70408953055568	1.67448558150856
GGTGTTGTCTATTGTC-1	1	2.78416477814488	-0.66029570759209
GGTTAATGTTGCACAA-1	1	3.435233942421	-0.222303075203021
GGTTACCCAAACTAAG-1	2	2.802980533989	7.83043994247047
GGTTACTAGCTCAATA-1	0	-3.35159839019008	-2.80510578812035
GGTTACTAGGAGGACT-1	0	-2.87548983916469	-0.0098159140435059
GGTTAGCGTCCTAGTT-1	2	2.31785415783696	6.85262526809303
GGTTAGCGTGATGAGG-1	0	-1.24016559943386	-0.329000455745776
GGTTAGCGTTAGGACC-1	0	-2.55569160803981	0.339671271434705
GGTTATATCAAGACTC-1	0	-3.49014151915737	-2.15045724571617
GGTTATATCCCTCACG-1	0	-5.75260794982143	-2.47121952236565
GGTTATATCTAAATCG-1	3	10.5893701232987	6.01436890899269
GGTTATGGTCCCGAAG-1	0	-2.19855154380031	-5.09646545112999
GGTTATGGTGATCAGC-1	2	1.5150771059113	7.69757499038307
GGTTATGGTTGAGCCG-1	0	-3.87542022093959	0.333576338878552
GGTTATGGTTTACGTC-1	0	-4.50098193511196	-4.51642666519554
GGTTCCCGTCAGGCAT-1	0	-2.56031859740444	-3.06184981525811
GGTTCTTGTACCAGGT-1	0	-1.99775231703945	-3.70439515770348
GGTTCTTGTTTATCTG-1	2	2.75055967942051	7.75375880538551
GGTTGACGTAATCCCT-1	1	3.21747671738438	0.950229304424207
GGTTGACGTAGTAAGA-1	1	2.78862201348118	0.0804279023322265
GGTTGACGTATTGGAT-1	2	3.98805200234227	6.47035779296486
GGTTGACGTTCCATTA-1	3	10.5648301757889	5.68459119140236
GGTTGAGCACTTACAG-1	0	-2.54672635420986	-3.02103648842247
GGTTGAGCAGGTCCTG-1	0	-2.49179614409633	-4.30458222092064
GGTTGCATCAGTGAAG-1	1	2.54992257729344	-0.791602355846484
GGTTGCATCCCGTTGT-1	0	-3.36199487075038	-4.16892228783043
GGTTGCATCCTCCCTC-1	0	-1.80810201987453	-0.444460911163409
GGTTGCATCGTCAAGT-1	0	-3.18625772818752	1.17737545310585
GGTTGCGGTAGTTACG-1	4	8.36722218170933	-10.6436983174172
GGTTGCGGTCCTTTAA-1	0	-4.57857335433193	-4.83410583198937
GGTTGCGGTGGACATC-1	0	-2.08800519332119	-2.33174215019615
GGTTGCGGTTACGCGG-1	0	-4.74482835158535	2.96479405700294
GGTTGCGGTTGTTGTC-1	3	8.92591129914097	4.32520665465919
GGTTGCTCACCATATG-1	0	-5.00846303328701	-1.08796647698553
GGTTGCTCAGCAGGTA-1	0	-5.02802050933071	2.8083278113517
GGTTGCTCATATTGAC-1	0	-5.22323811873622	-1.51512543619545
GGTTGCTCATTGACAT-1	3	10.0010903991776	5.30896748839943
GGTTGGTGTCATAACG-1	0	-4.91179955825038	-2.96836434067162
GGTTGGTGTTGAGCCG-1	2	3.64777266159825	8.11663092910377
GGTTTAATCCCTCAAC-1	1	1.43935608044438	1.98871864616005
GGTTTCTGTATTGCAG-1	0	-4.79713738784023	-4.54175100983055
GGTTTCTGTCTCAGCC-1	2	3.81549750939183	8.56984748183815
GGTTTCTGTCTTTGAC-1	3	10.5536426223832	9.68367137252418
GGTTTGTAGGCTAGAA-1	0	-1.93617404326625	-4.14629636467369
GTAAAGCCAATTGAGA-1	3	9.72989975586705	5.32080497085182
GTAAAGCCATGGTTAT-1	0	-2.65757048949428	-2.54732654751213
GTAAGCAAGATGGAGC-1	3	10.4743140853959	6.00046052276222
GTAAGCAAGCGATAAG-1	2	2.90669523850254	6.1839221888694
GTAAGCAAGTAGCGGG-1	0	-1.97325218543239	-1.45132539928826
GTAAGCAAGTAGGCGG-1	0	-0.926924713699298	1.18585790931312
GTAAGCAAGTTAACCA-1	1	2.30995749607853	-1.00957499206932
GTAAGCGCAATGCCCG-1	3	10.0541299499588	8.13220824538795
GTAAGCGCACCTGTAA-1	0	-3.41499341353603	-3.26568852127465
GTAAGCGCAGGCGATA-1	1	3.17001783028416	-0.0973166054573853
GTAAGCGCATGTCAAT-1	0	-5.92043794020839	-2.66464982689293
GTAAGCTTCAACAAGG-1	1	2.4338661350327	0.455056207767407
GTAAGCTTCAAGTGAG-1	0	-4.63088715895839	2.39162148772804
GTAAGCTTCATTATGG-1	0	-5.13364804610439	3.25364579497902
GTAAGCTTCATTTGTC-1	2	2.60048889294438	7.3523563319358
GTAAGCTTCCAAGTTA-1	0	-2.26618541106411	-2.05668191374214
GTAAGCTTCCAGGTTG-1	2	0.615636392684502	8.28359736739723
GTAAGGTCAGAGGGAG-1	0	-2.50188220366664	-4.16254769028099
GTAAGGTCAGATTCAT-1	4	8.29333292618565	-10.7752014225808
GTAAGGTCATGCATAT-1	0	-2.39013899192043	2.03554834663002
GTAATAGCACTAAGCC-1	2	3.65735494271092	8.21978892623512
GTAATAGCATACTCCT-1	0	-3.56427014693447	-3.73660073936852
GTACAATGTAGCTGCG-1	3	8.88700424805455	4.21842278777687
GTACAATGTTCATCTA-1	3	10.3451455749588	9.65161837874977
GTACAATGTTTATCTG-1	0	-5.80071748122402	-2.83252249420555
GTACACCCAAGGATTA-1	0	-4.24572528227993	-0.932010901578983
GTACACCCAGGATAAC-1	0	-2.09725368842311	-2.5079837864724
GTACACCCAGTTTCTC-1	4	8.08554112091832	-12.7961193150369
GTACCGGGTTAGGACC-1	2	3.67058478966526	6.75775994597999
GTACCGGGTTGAGGTC-1	0	-4.66816438063808	-0.08420870960625
GTACCGGGTTTGACCT-1	0	-1.47157753333278	-3.93933520973595
GTACGTAGTAATCGTG-1	1	3.0153497375565	-0.413082522758563
GTACGTAGTAGCTGGT-1	1	1.83053945675663	2.05643429099647
GTACGTAGTTAACGAT-1	0	-3.109204181282	0.11953188716499
GTACGTAGTTCGGGAT-1	4	7.00559317246251	-11.6468072956887
GTACTAATCAATGAGG-1	0	-5.91770804747768	-1.79823891580971
GTACTAATCATTTGTC-1	1	1.76719593182377	1.3862565928611
GTACTAATCCATCAGG-1	0	-4.56239951476284	2.47562898933021
GTACTAATCGCATTAA-1	0	0.088816694171948	-1.56533749164017
GTACTAATCGCTTCTA-1	4	7.52633463517003	-13.1262136525002
GTACTAGGTAATAGCT-1	0	-5.8892961822433	-1.34146545589836
GTACTAGGTGGATGTC-1	0	-5.55003941878505	-0.881348175415118
GTACTGGTCAATACGC-1	0	-4.9068390212936	-2.05055485428246
GTACTGGTCATTACAG-1	2	1.73875056877903	6.82784976302711
GTACTGGTCCACCTTA-1	0	-3.79352677687831	0.442143219104687
GTACTGGTCCTCACTA-1	1	2.46874975338749	1.96257080375282
GTACTGGTCGCTTGCT-1	0	-1.43771613463588	-1.09447252512844
GTACTGGTCGGTTCCT-1	0	-1.53248418196865	-2.63045428455742
GTACTTAAGCACGTTG-1	0	-3.36369050368496	1.54348005591957
GTACTTAAGTGTTGCG-1	3	10.5451835311966	6.1979750567588
GTACTTAAGTTAGCCG-1	4	8.63287912979893	-10.2867122715798
GTACTTAAGTTAGGCT-1	1	2.39778815880589	1.09086169540016
GTACTTAAGTTGCGTG-1	0	-2.33225382193752	-2.27717409790428
GTACTTCGTACTTAGG-1	0	-5.94986832961269	-2.78563879192742
GTACTTCGTCACAGCG-1	0	-1.70997012480922	-3.5941277569619
GTACTTCGTTGCACAA-1	1	2.93443571701817	0.880762951961438
GTACTTCGTTGCATCT-1	4	7.15476118698887	-11.7293525761453
GTAGCCATCAATAGCC-1	2	2.44609319344334	6.45027770339576
GTAGCCATCGATTCTT-1	0	-4.12077964171596	2.38699116050331
GTAGCCATCGTGCTAG-1	0	-5.00941146239467	-4.00995455444725
GTAGCGCTCAAATCGC-1	0	-5.07164204940029	2.52194322883217
GTAGCGCTCAGGAACA-1	1	2.64336084500126	-0.151004058727344
GTAGCGCTCATTGTCT-1	1	2.30690085068516	1.75354708968727
GTAGCGCTCTAAGTCA-1	0	-3.30383480414577	-0.669264418491443
GTAGCGCTCTCGACCT-1	1	2.38411234989933	-0.503531259903033
GTAGCTGTCAAGGACA-1	1	3.66836630478672	-1.28439868003996
GTAGCTGTCATTAGGC-1	0	-4.07443345412441	1.21228017150489
GTAGCTGTCCGGCTAA-1	4	7.59597050324254	-12.7718492573586
GTAGCTGTCGCTAGTG-1	2	3.58254586830906	8.42669333755104
GTAGCTGTCTTGAGCG-1	1	3.07794868126683	0.0535148554953735
GTAGGAGGTAATCCCT-1	2	3.15036546364598	8.24901141463844
GTAGGAGGTAGCCTCC-1	0	-3.80344022139736	1.13513197242347
GTAGGAGGTCATGCAA-1	0	-4.50127471312709	-2.99563096226128
GTAGGAGGTTAACACG-1	1	2.58511220589451	0.389962452045361
GTAGGAGGTTCCATTA-1	0	-3.82434619292446	-3.80964551628502
GTAGGAGGTTTAGTCC-1	0	-2.4878023944778	-2.31739352405938
GTAGGATCAACAGGAT-1	4	7.32167994156651	-13.0023962086526
GTAGGATCACACAATT-1	5	-0.382397183029132	4.27769746123878
GTAGGATCAGGTTAAA-1	2	1.82199238911442	7.17793406783668
GTAGGCGAGGACCAGG-1	0	-1.03306592330165	-1.7794909304467
GTAGGCGAGGCCGGAA-1	0	-2.23007667884059	0.885880129924695
GTAGGCGAGGCTTAGT-1	0	-1.83626116141506	-2.18394480408104
GTAGGCGAGGGATTAG-1	0	-2.90218604430385	1.37898101150123
GTAGGCGAGTTTGGTA-1	0	-4.71319306716152	-5.05278955162438
GTAGGTGCAATTAGGA-1	0	-3.91805089339443	-4.19652615250023
GTAGGTGCACCCACCT-1	0	-4.54099477156826	-2.54076979816826
GTAGGTGCAGGAACTG-1	0	-2.91083849295803	-4.4825612133828
GTAGGTGCATTATGCG-1	3	10.5331348098832	7.19308986007301
GTAGTTATCCCGTTGT-1	0	-3.37027133330532	-2.74395642937096
GTAGTTATCTTTGACT-1	0	-3.933418401329	-0.085462076076587
GTAGTTTCACATGCTA-1	0	2.58558034077458	7.1544860774192
GTAGTTTCAGGCCATT-1	0	-1.05119980200954	-1.65827990830811
GTAGTTTCATAAGTTC-1	4	8.37520920410923	-10.7048326557961
GTAGTTTCATCATGTG-1	0	-2.68518889769741	-3.68933425606163
GTATCGCCAAAGCCTC-1	1	3.29970561638646	0.150561349979321
GTATCGCCAATAACCT-1	1	2.47235035076909	-1.06392294675978
GTATCGCCACTAAGTT-1	0	-3.08866680487819	-2.68424437702568
GTATCGCCAGCAACAG-1	0	-4.14326680525966	-3.9172490662423
GTATCGCCAGGCAAGC-1	1	3.16926633492283	-0.946861488231738
GTATCGCCATTAGCCA-1	2	2.31428574696354	6.63703955947487
GTATGTGGTAATAGCT-1	0	-5.66695416793056	-3.43047724426659
GTATGTGGTAGCCTCC-1	0	-3.96230424269863	-0.157897216686328
GTATGTGGTTTGGGCG-1	0	-4.67007935866542	-1.41065004230412
GTATGTTCAACAGGTG-1	3	9.91238342896275	6.23719538985817
GTATGTTCAACTAGCC-1	0	-2.48167050704189	-3.42262445152672
GTATGTTCACAAAGCG-1	0	-0.999925502387958	-4.43254576385887
GTATGTTCATAAGTCT-1	3	10.6451257385331	5.0611399584922
GTATTCAAGACTAAGG-1	1	3.87004768029026	-1.0989167219487
GTATTGATCACCAATA-1	4	8.29394661560826	-12.7858577793923
GTATTGATCACCGGTA-1	3	9.66363464966587	5.83735980331032
GTATTGATCATTAGTG-1	3	9.92509400025181	10.0521329814109
GTATTGATCGGTAACT-1	0	-3.24618471488185	-4.1405988758889
GTATTGCAGCCTAATA-1	0	-2.5352946601791	-3.31781159103783
GTATTGCAGGCCTAAT-1	0	-2.63617385253139	-1.47830639542015
GTATTGCAGGCCTTAG-1	0	-5.54014933928676	-2.3176898783532
GTATTGCAGTTGGGCC-1	0	-3.11280787810512	-2.71076844395073
GTATTGTCAAAGGTAC-1	0	-2.70484746321865	-3.9883304661599
GTATTGTCAATGCCCG-1	0	-1.70237673148342	-3.74551473320397
GTATTGTCACAAGCCT-1	0	-2.15317881926723	-0.884140414604266
GTCAAACTCAATCATG-1	0	-5.63680423125454	-2.53015754879387
GTCAAACTCCTTGTTG-1	1	1.89161728993229	2.02007355033485
GTCAAACTCTAGCGTG-1	0	-5.29159940108486	2.01513327895729
GTCAAACTCTCATCAT-1	0	-0.806012042610126	-3.85419784248741
GTCAATATCCTTGAGG-1	2	3.22643839493565	7.8764680796775
GTCAATATCTCACAAA-1	0	-3.79450763091274	-1.43719424069794
GTCAATATCTGTGAGT-1	3	9.95495545044712	6.82913913070289
GTCAGGCTCAGCAAGA-1	0	-4.10148204192348	2.61164225875465
GTCAGGCTCGGTTACG-1	2	0.482472962887807	7.44529284774391
GTCAGGCTCGGTTAGT-1	1	3.32170807495884	-1.43961210311325
GTCATCACAACCTAAT-1	4	7.95627771988682	-13.3025709217873
GTCATCACAACGTGCT-1	2	2.86693536415867	7.42173041640846
GTCATCACACATTGCA-1	0	-5.53403247222133	-3.1066417521325
GTCATCCTCGCGACAC-1	0	-3.22900212630458	1.24675549804298
GTCATCCTCTTCAATC-1	2	2.11809574738316	7.05120696364967
GTCATCCTCTTTAAGG-1	0	-1.18063689097591	-4.54307780922325
GTCATGAGTATCTGGA-1	0	-2.27198947295375	-4.5817028111306
GTCATGAGTCATCAAG-1	1	3.15781199112706	-0.0385724133339722
GTCATGAGTTTCGCGC-1	1	2.34693574086003	-0.900046897539218
GTCATGCCACCATATG-1	0	-4.2836529098434	-2.37140045822533
GTCATGCCAGGAACCA-1	0	-4.78046811446376	2.82063283263771
GTCATGCCATATTGAC-1	0	-0.583900698272663	-2.83341656387719
GTCATGCCATCACTTC-1	0	-1.62377990111538	-2.69073520363243
GTCATGCCATGGCCTG-1	4	7.64254986420445	-11.8600307530251
GTCATTAAGCAAGGAC-1	0	-2.25051201209255	-2.14165095747383
GTCATTAAGCCAGTAT-1	0	-1.80226505622097	-2.30210505188378
GTCATTAAGCGTGCGT-1	3	9.98069225922398	8.26282252608864
GTCATTAAGGAATAAC-1	0	-5.41389954909511	-0.896228802808841
GTCATTAAGGGCTAAA-1	0	-4.04706490859218	-1.95725135267647
GTCCAAGTCACGAATC-1	0	-1.46104968413539	-1.45812673629196
GTCCAAGTCATGGCTG-1	0	-5.50126851424404	-0.559924644836505
GTCCAAGTCTACCTGC-1	0	-4.48258841857143	-3.75355325401696
GTCCAGGGTAATAGCT-1	4	8.29376875534825	-10.788017851719
GTCCAGGGTGAGACTC-1	3	10.2058414138871	5.50844420730201
GTCCATTGTTGGTTGA-1	0	-5.40480578765102	2.76801242171852
GTCCGTAAGCAGGTTT-1	0	-4.55050004347988	-2.47330234707268
GTCCGTAAGCCTTAAA-1	2	-0.0723009191436342	8.16535796462623
GTCCGTAAGGCGCATC-1	0	-3.45156777724453	-3.89256320656212
GTCCTAGAGCTGGCTA-1	0	-4.36897338256069	-4.55403385818871
GTCCTAGAGGAACCGG-1	0	-1.40716899260707	-0.475490672000964
GTCCTAGAGGTCATTA-1	0	-0.669815429298358	-3.79818497360619
GTCCTCAGTGACCTGG-1	4	7.42148386612706	-12.8107191151467
GTCCTCAGTGGGAACA-1	0	-5.72584832534023	3.05036677657692
GTCCTCCCATGGTTAT-1	0	-5.76559604033657	-1.10894474149617
GTCGAAGCACCATATG-1	1	3.72762285843663	-0.752374393352588
GTCGAAGCACTTACAG-1	0	-2.43531764373012	-2.3452732390252
GTCGAAGCAGCTCAAC-1	1	3.47213637009434	-0.689698112615665
GTCGAGGAGAGGCTAA-1	0	-2.30125583037563	-0.756272537120898
GTCGAGGAGGAGGACT-1	0	-3.14367807730861	-1.29445595801743
GTCGCAATCATTACGA-1	2	2.03270374909214	7.16008605300514
GTCGCAATCCTCCATA-1	0	-3.41159737929531	1.82454575835792
GTCGGTTCATGCTCCC-1	1	3.24862825051121	-1.621112746605
GTCGGTTCATTGGGAG-1	0	-3.37124169692226	-1.91344885290535
GTCTAACAGATGGAGC-1	2	1.48052119389348	7.70979441939918
GTCTAACAGCTTTGTT-1	4	8.10858093872837	-11.2723470753518
GTCTAACAGGAGGCAT-1	0	-3.54436362609096	-4.53513847053917
GTCTAACAGGGTTAGA-1	0	-2.5321470580978	1.86029161750404
GTCTAACAGTGAGCAA-1	0	-5.41876519545742	-3.34618626297386
GTCTAATCAATTGAAG-1	0	-3.63269437178798	-3.33700261772545
GTCTAATCAGCCTTGG-1	0	-2.41769207343288	-0.0698619908181031
GTCTAATCAGGGAGCT-1	0	-2.3452996097488	-4.58900294960411
GTCTAGCCAAATGCCC-1	0	-3.33293593749233	-2.64949677647026
GTCTAGCCAATGAGGT-1	0	-1.14071596488185	-4.25204311073693
GTCTAGCCACGTGCTG-1	0	-1.41298235282131	-0.279111487278064
GTCTAGCCATAAAGCA-1	5	-0.500950344650226	4.33340253173439
GTCTAGCCATAAGGAC-1	1	1.85585080757908	2.04459680854408
GTCTATCGTCTAACCT-1	0	-5.65724242552944	-2.17080871523293
GTCTATGCAACCCTAA-1	0	-4.82263387068935	-0.607178432354053
GTCTATGCACAGAACG-1	0	-3.9052988372726	-3.07577572525414
GTCTCACTCCTCAGCT-1	0	-3.56457198485561	2.44594492255775
GTCTCACTCGATTATG-1	0	-2.88038242682643	-2.79511640728386
GTCTCACTCGCTAGTG-1	2	9.72473179474644	7.74668349563209
GTCTCACTCGCTCCAT-1	0	-5.17975200041957	-3.48347984016808
GTCTTGCTCAAGTGAG-1	0	-5.63648284300991	-1.69363192976387
GTCTTGCTCAATGTCA-1	2	2.30081819668583	7.82563628493873
GTCTTGCTCACAGACT-1	0	-4.16662801131435	2.85871495544044
GTCTTGCTCACGCCAA-1	3	9.72472702637486	5.36290015517799
GTCTTGCTCATGAGCT-1	0	-5.4198571525497	-2.2821115082589
GTCTTGCTCATTATGG-1	0	-3.59210790023037	2.56795825301735
GTCTTTAGTAACCAGC-1	0	-4.8832475028915	-0.977400509127696
GTCTTTAGTAAGCACC-1	0	-1.43874991759487	-4.44472013176354
GTCTTTAGTCATAAGT-1	4	7.70351301804356	-11.6384903019753
GTCTTTAGTGTTGTGA-1	1	3.27086412087254	1.2153831893119
GTCTTTAGTTTGCAGA-1	5	-0.772020586578327	3.47651137649147
GTCTTTGTCCTAGTTT-1	0	-3.13418687209316	-2.8928749388543
GTCTTTGTCCTGTTCA-1	3	10.3180316604691	9.92929019271461
GTGAACAAGGATTGCT-1	2	-0.00705749615855733	7.85841025649635
GTGAACAAGTTAGGCT-1	2	3.09409152642064	7.20239676772682
GTGAATCTCATTAGGC-1	1	2.56507848873906	0.0175752812537353
GTGAATCTCCTTAGTT-1	2	0.353801152856869	8.42517508803932
GTGAATCTCGGTCATG-1	0	-4.96047795638271	-3.09562919796379
GTGAATCTCGTAATCA-1	3	10.1908286727982	8.6397384577903
GTGAGCGAGACAAACG-1	2	1.42479228153996	6.84502925216285
GTGAGCGAGACTTATG-1	0	-3.00942624434658	0.678349273792187
GTGAGCGAGCCTTAAA-1	3	9.5191920913773	5.61682833968727
GTGAGGAGTCTCAGCC-1	1	3.49848615303807	-0.205465359100421
GTGAGGAGTGAGAAAC-1	0	-3.09246719702907	-1.34076682985695
GTGAGGAGTGTGCACG-1	1	1.74687325135045	1.98107113181678
GTGAGGAGTTGTTCAC-1	0	-5.41558183058925	-3.65998397529991
GTGAGGAGTTTGGGCG-1	4	8.14186035767369	-13.074470145115
GTGATCAGTAACCTAG-1	0	-0.943039783088642	3.25566472350685
GTGATCAGTAGCCTAA-1	4	8.2070058502274	-12.0418811863747
GTGATCAGTGGATTCA-1	0	-3.69285834654995	-1.74722610176476
GTGATGAAGCAAGGAC-1	1	3.82595669403843	-1.25830464572581
GTGATGAAGCCTGACA-1	0	-4.21822465285488	-1.19845819328847
GTGATGAAGCGAGGTG-1	0	1.46065752878956	-0.367066544899066
GTGATGAAGGGACGCA-1	0	-0.0727977834624819	1.2677468234214
GTGCAAGCAGCAAGTG-1	0	-5.11138594969936	-1.46596781671913
GTGCAAGCATCCATCT-1	0	-4.03064835890956	-3.6642166203347
GTGCACGGTCGTTATC-1	2	2.95827757492833	7.35768737136451
GTGCACGGTGATCATG-1	1	2.4753540672379	-0.453984958538135
GTGCACGGTGATTACG-1	0	-4.36348260268398	-2.88830207050713
GTGCACGGTGGTTCTT-1	0	-2.04353416785427	0.0824222737464111
GTGCACGGTTGAAGCC-1	0	-1.9413141094131	-5.56981192291649
GTGCATTAGCTTAACA-1	1	3.20801078453831	-0.211293680080493
GTGCATTAGGCCGGAA-1	2	0.680523229252396	7.38752307235328
GTGCATTAGTCATTGA-1	0	-5.48178256377407	-0.468501610168536
GTGCCTTTCAATGTGC-1	0	-4.27760327681728	2.65516342460243
GTGCCTTTCATTTGCT-1	0	-5.18581260070034	3.48733557998268
GTGCCTTTCGAGGAGT-1	2	3.59293901100926	8.07584800063698
GTGCGCAGTTGTTCAC-1	2	2.77598272934727	7.51826228438942
GTGCGGTTCTTAGTGA-1	0	-4.10455048903652	2.49464334785072
GTGCGGTTCTTGTCCA-1	0	-5.36399281844326	-2.39906809986504
GTGCTCAAGAAGGTGC-1	2	2.55291389599614	7.81364573775856
GTGCTCAAGGATTGAG-1	0	-5.79688227996059	2.67483319579689
GTGCTCAAGTAGCTTA-1	0	-0.890058764068561	3.17465104400245
GTGCTCCGTCCGTAGG-1	3	8.99604260102086	4.34977425872413
GTGCTCCGTGCCTCAC-1	3	10.0400165237503	9.10288848220436
GTGCTCCGTGTTCCCA-1	0	-3.37893498763271	-3.23219667137535
GTGCTGATCCGCAAGC-1	0	-3.96533168181606	-4.73784433067711
GTGCTGATCGTTACAA-1	0	-4.99196399077602	2.30183448134987
GTGCTGATCTCAATTC-1	0	-3.68097079619594	-2.44107816875847
GTGCTGGGTAATCGCA-1	0	-4.97147668227382	3.5464857989463
GTGCTGGGTGCTTTAC-1	1	3.39485632553868	-0.139980656513293
GTGCTGGGTTACATCC-1	1	2.9372931636887	0.869065421214978
GTGCTTCTCGAGGAAC-1	0	-5.64096082076259	-1.34597395122917
GTGCTTCTCTTAGTGA-1	0	-3.12325919493862	-3.6481798714486
GTGGACACAGAAACGT-1	3	9.19751392975621	9.33189048110573
GTGGACACAGTTATGT-1	0	-4.51647246703334	-2.73440812290581
GTGGACACAGTTGCGT-1	0	-1.82321751937099	-4.7616311138955
GTGGACACATCACTTC-1	0	-5.4250742278976	2.65066613494484
GTGGATGCAACCTGGT-1	0	-1.59253896102138	-3.89655314148339
GTGGATGCAGTAGCCT-1	0	-3.98534835204311	0.245475071063916
GTGGATGCAGTCTAGC-1	0	-1.38987649306484	-3.99988661468895
GTGGCTTCAAAGCTCC-1	0	-1.80592287406154	-0.520695549854358
GTGGCTTCAAAGGTAC-1	2	2.17929612770848	6.94869746505348
GTGGCTTCACTTCACT-1	0	-3.44823087081142	0.61618305980293
GTGGTTAGTACTGAAT-1	0	-2.89667547568508	-4.29203854263695
GTGGTTAGTGCGCGTA-1	0	-3.13094390258022	-3.58930693329247
GTGGTTAGTTTGCTGT-1	3	10.4562467254715	8.4668811732444
GTGTAACTCGAGGTGG-1	0	-4.58271849974819	-1.46683196485909
GTGTCCAAGCCTGTGA-1	0	-0.50652731284328	1.0654078894767
GTGTCCAAGCTCGCTT-1	3	9.22543179169468	4.56182851134865
GTGTCCAAGGGCTAAA-1	0	-4.28641236647792	-4.37717853248986
GTGTGAGCACTAGGTC-1	0	-1.85476458892055	-1.80106161297234
GTGTGAGCAGCCTGCA-1	4	8.47038256302647	-12.7217203205911
GTGTGAGCAGTTATCG-1	0	-5.69377911910244	-1.15329743311675
GTGTGCGGTCTTACTA-1	3	9.63920818939976	5.31590785323707
GTGTGTTAGAAACTGG-1	0	-4.0900436721725	-2.57528374851616
GTGTGTTAGGAGGCAT-1	0	-1.57145918235012	-3.08824012936028
GTGTTACAGCTCGCTT-1	0	-1.70688570365139	-1.38052129507931
GTGTTACAGGAACGGT-1	2	2.07790314331822	7.18413199721901
GTGTTACAGGACCTTG-1	0	-4.69980967864223	-4.81166206062706
GTGTTACAGTGAGGGT-1	0	-3.26414907798	-0.862907332786639
GTGTTACAGTTAACCA-1	0	-4.58431352004238	-3.93960152328881
GTGTTACAGTTTGGGT-1	0	-4.90561641081996	-3.61909161270531
GTGTTCCTCATCCTCA-1	0	-0.0968818746490053	-1.76512734354409
GTGTTCCTCCCGCAAA-1	3	10.0199149765091	7.37285365401832
GTGTTCCTCGTTACTT-1	3	10.2555907882767	7.71434535323707
GTTAAACGTAACCACA-1	3	9.96851002350621	5.94798173247902
GTTAAACGTAGGTTTG-1	0	-1.95777548178859	-2.32780657471093
GTTAAACGTTGTTGGA-1	0	-1.54211819991298	-0.0872073000756104
GTTAACCAGCCGCTTT-1	0	-4.55983270034023	-2.27355073154839
GTTAACCAGCTAATTG-1	0	-2.98439825400539	-1.7930047935334
GTTAACCAGGCGAAAC-1	0	-2.94925225600429	-0.873408538707813
GTTAACCAGGGCCACT-1	2	3.48772584572606	6.22692574798195
GTTAACCAGGTAGCTT-1	1	2.7792600311356	0.320710437885205
GTTAACCAGTGTTGCG-1	0	-3.42148125991054	0.436348097911755
GTTAACGGTAATTAGC-1	0	-5.24039996489711	-4.08682857216271
GTTAACGGTCCAAATG-1	0	-4.71144450530239	-4.86333475769432
GTTAAGCTCATGCTCC-1	0	-6.02292836531826	-2.04606996239098
GTTAAGCTCCTAAGAC-1	4	8.00867163315587	-13.164555174717
GTTAAGCTCGTTACTT-1	0	-1.30971289500423	-1.25871507585915
GTTAAGTGTGATGAAA-1	0	-3.39337981566616	-3.76922617615136
GTTAAGTGTGCAATGC-1	0	-4.86172688826747	2.43022383987037
GTTAAGTGTTGGTTGA-1	1	3.59184586182408	-0.294880909332355
GTTAATGTCCAATAGC-1	2	3.60678111687474	6.13965501128761
GTTAATGTCTTGCAAA-1	0	-6.19325412139125	-2.11249349773796
GTTAATGTCTTGCTAT-1	0	-1.95234859809108	-2.13424174250038
GTTACAGGTGAGCAAG-1	0	-2.19202793463893	-4.54691348732384
GTTACAGGTGCAATGC-1	2	2.49460529461674	6.68069781600563
GTTACAGGTTAGCAGC-1	2	2.83914815560154	7.8699926310691
GTTACCTGTGAACAAA-1	0	-2.28579438552089	-4.83437834442528
GTTACGCCAAACGGGC-1	4	8.08383309021763	-11.2370058125344
GTTACGTAGCAACATC-1	3	9.78652989044957	4.99650182067482
GTTACGTAGCACAGCC-1	0	-5.14754260405727	-2.39721165359886
GTTACGTAGCTCCCTG-1	1	3.56541263237767	-0.465880972751697
GTTACGTAGGCTGTCA-1	0	-1.66506255492397	-3.52652631462487
GTTACTCGTCCTAAGA-1	4	8.14086376801304	-11.0526968067971
GTTACTCGTCTTGCTG-1	0	-4.90409911498256	-4.77329335869225
GTTACTCGTTGCAATG-1	3	9.83948265686802	10.0781368189964
GTTACTCGTTTATGGG-1	0	-4.22718299254604	-4.16908846558007
GTTAGACTCAGTTCCC-1	0	-4.38541520461269	2.35208238898842
GTTAGACTCATCACTT-1	0	-3.61531222686	-1.67437903345497
GTTAGGCGTGTTGCTT-1	0	-3.1131628833694	1.74276246368019
GTTCACCTCAATGTCA-1	0	-3.07162798270412	-2.52062915028008
GTTCACCTCAATTGGC-1	0	-5.19218600615688	-4.86561308563622
GTTCACCTCACGCCAA-1	0	-4.85377133712001	-4.91238699615868
GTTCACCTCATCCACC-1	0	-3.26197565421291	1.41880859672157
GTTCACCTCATTGCAA-1	0	-4.90039075240322	1.18358434974281
GTTCACCTCCAGGGAG-1	0	-2.09656966551967	-4.15724859894188
GTTCACCTCCTAATGA-1	0	-2.64871800765224	-2.70138846100243
GTTCACCTCCTCACTA-1	1	2.70037542954258	0.295645135036389
GTTCATTTCACATTGA-1	0	-5.15373290404506	2.362989085308
GTTCATTTCCCGAAGC-1	1	3.55841623917393	-1.37215697527798
GTTCATTTCGGTTCCT-1	0	-3.87403548583217	2.7688704901847
GTTCCCAGTACTTAGG-1	0	-2.88061035498806	1.15990819274513
GTTCCCAGTTCCGGCT-1	0	-4.49752391204067	3.18122567473976
GTTCCTGGTTCCTCCT-1	2	3.73740851059727	8.2692960673484
GTTCCTGGTTTGGCTT-1	3	10.0382732071	9.74687136947242
GTTCCTTCAAAGCGGC-1	0	-1.29517329558559	-4.36926923454674
GTTCCTTCAATCCTGA-1	0	-1.34812105521389	-2.90396068752678
GTTCCTTCACGAATCC-1	0	-2.79814089163967	-1.69569752872856
GTTCGCGCATGTTGCA-1	0	-3.51168549880214	-4.48028431595238
GTTCGCTTCCGCCTAT-1	3	10.5274337448197	6.80630292235939
GTTCGCTTCGATAACC-1	0	-3.86320412978359	0.803787844768445
GTTCGCTTCGGTCATG-1	1	2.43538724556736	0.877626317134778
GTTCTCATCATCCTAT-1	0	-3.99750674590297	-3.72284422577294
GTTCTCATCTGGCAAT-1	1	3.27017199173741	1.03604187308876
GTTCTTAGTAACCAGC-1	3	10.1482041992264	5.63761367141334
GTTCTTAGTAGGATTT-1	1	3.00169049874119	0.532770889392773
GTTCTTAGTATTGCAG-1	0	-3.78266490325161	2.60404576598732
GTTCTTAGTGTCCAGG-1	2	3.59848724976353	8.0128377848777
GTTCTTAGTTATCGAG-1	0	-4.97791875228115	-1.9961561387864
GTTCTTGTCATTGCAA-1	0	-0.820896276084857	0.187378900638501
GTTCTTGTCGTTTCTG-1	3	9.9281276382523	7.90760649978248
GTTCTTGTCTTAGGAC-1	1	2.5076308168488	-0.224953395732959
GTTGCATAGACTCGCA-1	2	2.49067794457249	6.49368514358131
GTTGCATAGCCTGAGC-1	3	10.1459077514725	9.98552264510719
GTTGCATAGGGACGCA-1	3	10.4024251617508	5.0095156603965
GTTGCATAGGTAAGGC-1	0	-0.590760835258441	1.00331868468849
GTTGCCCGTAAAGCGG-1	2	2.05717884674839	7.4287780696067
GTTGCCCGTGCATTAG-1	0	-2.29882443770595	1.9987722808036
GTTGCGGGTGCATCGG-1	0	-2.46585954055019	-4.79556713760765
GTTGCTGAGAAGGTGC-1	3	10.1313785232621	9.69975318252174
GTTGCTGAGCGAGCGA-1	0	-1.19699622019954	-4.72001109779747
GTTGCTGAGGAGGGTT-1	2	2.40880440846257	7.72775496780006
GTTGCTGAGGCAATAG-1	0	-3.51459945067592	-2.55847380817803
GTTGCTGAGGGCCATC-1	0	-2.73928345069118	-4.23550973595055
GTTGCTGAGTGAGCAA-1	0	-1.42189658507534	-2.97562847793969
GTTGGAGCACAGACTC-1	2	2.82927571907811	7.85539759933082
GTTGGAGCATAATCCG-1	0	-2.38791263922878	-1.25944531471403
GTTGGCCAGACTAAGG-1	1	2.46165393963627	-0.605225545772632
GTTGGCCAGATAAAGC-1	4	7.78997646942906	-11.486896139988
GTTGGCCAGCAATAGG-1	0	-3.27516949996181	-1.8240198320237
GTTGGCCAGGTAGCTT-1	3	10.1831182159501	9.50232638656227
GTTGGCCAGGTCCTGA-1	1	2.99816452637486	0.108841436496655
GTTGGCGGTGATCATG-1	3	9.4429505981522	4.73501576720802
GTTGGCGGTTACTTGC-1	5	-0.730508574096637	3.70127715407936
GTTGGCGGTTGCACGG-1	0	-4.33191073760219	-1.59444598616036
GTTGGCGGTTGTAAAC-1	1	1.64711730852894	0.0983277732047241
GTTGTGAGTGTTGCTT-1	0	-5.01366723403163	1.37913908301918
GTTGTTGCAAACATAG-1	0	1.74402307644658	6.15692939101783
GTTTAACCACAATACT-1	0	-1.42115510329433	-1.70857994020851
GTTTACCGTCTTGCAT-1	0	-2.34672606810756	-3.86768565834435
GTTTACCGTTTGCTGT-1	0	-1.6339320026321	-3.21854816139611
GTTTAGCAGGACCTGC-1	0	-4.02209485396572	-3.14118490875634
GTTTAGCAGGTCCTAG-1	0	-3.98422683104702	-2.23608468235405
GTTTAGCAGTAAGTCC-1	1	2.31948863640599	1.78583206473915
GTTTATCTCCAAACAC-1	0	-1.81276214942165	-3.36479912460717
GTTTATCTCGTAATCA-1	0	-3.0631574474258	-0.118117434391101
GTTTCAGCACAAAGCG-1	0	-5.19971478804775	-4.45120583237084
GTTTCCTCAAGCGATG-1	0	-5.36968434676357	-2.27173124016198
GTTTCCTCAATTAAGG-1	1	1.0450430430489	-0.356971127399524
GTTTCCTCAGTTATCG-1	0	-5.41598618849941	2.87488879500953
GTTTCTAGTCCTTCTC-1	0	-5.66370356902309	-3.27389751137169
GTTTGCTGTTAGTGAT-1	3	10.2354348815995	8.63235797225563
GTTTGCTGTTTGAGCA-1	0	-4.79471982344814	0.25699116527168
GTTTGTAAGCTATTAG-1	0	-2.16165388449855	1.17395939170448
GTTTGTAAGGCATTAC-1	2	1.18535416498951	8.37035311996071
GTTTGTAAGTCAGTAC-1	3	10.5785945571976	5.62798489867775
GTTTGTCGTTGGCGTG-1	0	-4.623200067131	-4.95202289284142
GTTTGTCGTTGTAACG-1	0	-5.6142684303207	-2.62374101341637
GTTTGTCGTTTGGCGG-1	0	-5.15191949233242	-2.90210734070214
GTTTGTTTCCTGAATA-1	0	-5.66343415602871	-2.08133040131005
TAAACAGCAAGGTCCT-1	0	-1.49706757888027	-2.73982737720879
TAAACAGCACAGAAAC-1	0	-3.00494922026821	-1.296460857102
TAAACAGCAGGCCATT-1	0	-4.79236710890956	-3.27735934914025
TAAACAGCATAATCGT-1	0	-4.63983548506923	-1.0714944875327
TAAACAGCATTGTGCA-1	3	10.5781148590165	5.29871739684669
TAAAGCCTCTTGGATA-1	0	-4.42352927550502	-2.53739343346031
TAACAAGCAAAGGTAC-1	0	-3.31377876624294	-1.91486666859063
TAACAAGCAATCGCAC-1	0	-1.42614353522487	-1.38706081868084
TAACAAGCACCCTCAC-1	0	-1.44223798140712	-2.73608611286553
TAACAAGCACCTCACC-1	0	-4.03166354521938	-2.77558158100518
TAACAAGCAGGTATTT-1	0	-5.24422753676601	-2.83730230987938
TAACCAGGTAATCACG-1	0	-1.74840367659755	-5.2457300251809
TAACCAGGTATTGTCC-1	0	-1.12302316054531	-3.90921245277794
TAACCAGGTCGCGCAA-1	2	1.88713323250584	7.09929503738014
TAACCAGGTTCACTGT-1	1	3.08708011284642	-0.24998156488808
TAACCGGTCATGCAAC-1	0	-2.40100849494167	-1.46843062103661
TAACCGGTCATGTCAA-1	0	-1.50999344214626	-4.94666491211327
TAACCGGTCATTGCAA-1	4	6.9241779960709	-11.6150661534158
TAACCGGTCGACCTGA-1	0	-4.29925359114833	-2.31519113243492
TAACCGGTCGAGGAAC-1	0	-5.96289122924038	-1.84048150242241
TAACCGGTCGCATCCT-1	1	2.8834339298325	0.326625602832715
TAACCTAAGAAAGCAT-1	4	7.05381952896885	-11.6368518894997
TAACCTAAGCGAGCGA-1	1	2.57579707279973	0.432508605113904
TAACCTAAGGGACCTC-1	0	-6.00792086943813	-1.89414135874184
TAACCTAAGGTCGAGG-1	0	-2.21168769225307	-0.201111299404224
TAACCTAAGTTAGTGC-1	0	-4.35893357619472	-1.95784447849663
TAAGCCAGTAATGGAA-1	0	-1.19412911757656	-1.23397658900293
TAAGCCAGTTAACACG-1	1	2.36362802162938	-0.0911056822625
TAAGCCTAGACAACGA-1	4	7.40386234894566	-12.7504545277444
TAAGCCTAGCAGGTGG-1	0	-3.37441695555873	-3.35621653259667
TAAGCCTAGGTGAAGC-1	0	-2.53382480963893	1.19550527869789
TAAGCCTAGTTTGGTA-1	0	-0.764929779617267	-3.02118919552239
TAAGCTATCAAACCTA-1	1	2.08077036515049	-0.254480344661792
TAAGCTATCATTACAG-1	0	-5.89177478179164	-2.23146317661675
TAAGCTATCCGCAAAT-1	1	2.09840666428379	-0.969826129683574
TAAGCTATCCGCATGA-1	0	-5.98313582762905	-2.59218893707665
TAAGCTATCCTGTTCA-1	4	8.34289538040928	-12.9545312947121
TAAGCTATCGCTTGCT-1	0	-3.78598798140712	-0.288202328094562
TAAGCTATCGTAATCA-1	0	-5.28905356749721	2.28041972457496
TAAGCTATCTCACATT-1	0	-1.65327466353603	-4.74763689697655
TAAGCTATCTTGAGGT-1	3	10.1908696807938	6.18045987426368
TAAGCTGGTATGGTGC-1	0	-4.76206076964565	-2.55744157493981
TAAGCTGGTGAGACTC-1	1	2.26415168419651	1.74783315002052
TAAGCTGGTGGATGTC-1	3	9.93194901123814	10.1908725672874
TAAGGACCAAGCTTTG-1	0	-4.10697806700893	-4.48446903885277
TAAGGACCACGAATCC-1	0	-3.64578212126918	-3.35966001213463
TAAGGACCAGGACCTT-1	0	-2.85856593474575	-3.74982963264855
TAAGGCTTCCTAAGAC-1	0	-2.3949343048019	-0.0911507433739502
TAAGTGCTCATTGCGG-1	0	-4.2529083572311	-0.944086310872157
TAAGTGCTCCGCAAAT-1	0	-0.840415128318744	1.24937476455299
TAAGTGCTCCGCCTAT-1	4	8.09382902756504	-11.8131834095803
TAAGTGCTCCTAATTC-1	0	-3.34918464049526	-2.3139034336892
TAAGTGCTCGGGCCAT-1	0	-3.79772961959072	2.73888935386268
TAAGTGCTCGGTCATG-1	0	-4.80619777068325	-1.39830542863282
TAATCACCAACTAGCC-1	4	7.67078625336461	-13.0538497990456
TAATCACCAAGCGATG-1	1	2.16813921109013	0.0196712189826171
TAATCACCACAAAGAC-1	0	-5.59884131774135	2.70887889205543
TAATCACCACGAACAG-1	0	10.1514257110672	5.43383302032081
TAATCCGCAAAGGTAC-1	2	1.49635534659199	7.71778048812477
TAATGCATCATAACCA-1	0	-2.52338636740871	-2.22817776859673
TAATGCATCATAATCG-1	1	2.3683086551743	2.09001650153724
TAATGCATCGCTCACT-1	0	-2.73101962432094	-0.807054412969669
TAATGGACACAACAGG-1	0	-3.6787535034103	2.4162322455558
TAATGGTGTGATTTGG-1	3	10.084862104805	5.57238044082252
TAATGGTGTGGATGTC-1	0	-2.73974359854885	2.14367832480995
TAATGGTGTTGCATCT-1	0	-4.74013341292568	-5.12579355896385
TAATTGCCAACCCTCC-1	2	2.08176409378819	6.88238753615944
TAATTGCCAGCATGTC-1	0	-5.73593581542202	2.6217347556266
TACAACATCACGTTAA-1	0	-2.16054309233852	-3.46855936706932
TACAACATCCCTGATC-1	0	-4.51837981566616	0.305701273075024
TACAACATCGGCCAGT-1	0	-4.66710914000698	-2.94499538601311
TACAAGCTCCAAGTTA-1	0	-5.51041997298427	2.91426982223121
TACAATGTCAAACCGT-1	0	-0.584886439887958	1.05664266883461
TACAATGTCAACCAAC-1	0	-5.79069388732143	-3.22494755447777
TACAATGTCCTAGTAA-1	0	-5.05881799086757	-1.77643064917
TACAATGTCGAAGCGG-1	4	7.93489157334141	-13.2826429432717
TACAATGTCTAAATCG-1	0	-4.74266494139858	-3.86000047386559
TACAATGTCTTAGGAC-1	2	3.69855605736546	7.26228083907692
TACAGCTAGAACCTGT-1	0	-3.04369343146511	-2.02367220581444
TACAGCTAGGATCACT-1	5	-0.352625259010272	4.22081555663673
TACAGCTAGGCACAGG-1	4	7.77727734223179	-13.2508884495583
TACAGCTAGGTTACAC-1	0	-1.96503938063808	0.712519901386182
TACAGGTTCATCCTAT-1	1	8.7854856170731	9.04662074386207
TACAGGTTCGGGATTT-1	0	-2.18987072333522	-2.10361437261971
TACATCAAGGCCATCA-1	0	-4.13359034880825	1.38501657783119
TACCAAATCATTACAG-1	4	6.94318853989415	-11.612477881321
TACCAAATCGTTACAA-1	3	10.4322360672074	9.09715594588844
TACCAGGTCACACAGT-1	0	-5.62843097075649	-1.70627085626992
TACCAGGTCCAGGGAG-1	1	1.91302274838261	-0.857229513534625
TACCAGGTCGCAATCG-1	1	3.24132882729344	-0.47532610357674
TACCAGGTCTACCTCA-1	1	3.1501141704636	-0.415469986805042
TACCCGGCAATATACC-1	2	3.58884941712193	6.56576003371803
TACCCGGCACATTAAC-1	0	-5.76442206725307	-2.20458636940392
TACCCGGCAGTTTCTC-1	0	-2.33947194441982	0.244793432346265
TACCCGGCATCACAGC-1	0	-2.63605559691616	-0.533142907032092
TACCCGGCATTATGAC-1	0	-5.59954512938686	-2.10711972177895
TACCCGGCATTGACAT-1	0	-2.62613786086269	-3.16231749714287
TACCGAAGTCAGGCAT-1	0	-3.325508245079	-2.598436695942
TACCGAAGTCCGTAGG-1	2	-0.327687152473407	-2.93833587826165
TACCGAAGTTGGCGTG-1	2	0.797618105264229	8.16369857131569
TACCGCAAGATTGAGG-1	0	-4.83293593749233	-4.05276332558068
TACCGCAAGGACTTAC-1	0	-1.4988309226913	-2.59612379730614
TACCGCAAGTCTCACC-1	1	2.99405728951268	1.25453461944191
TACCGCAAGTGATTCA-1	5	-0.720969327537494	3.67381610213844
TACCGTTGTAATGGAA-1	0	-2.14397443160244	-3.36228380859764
TACCGTTGTCAATACG-1	1	1.61654507294468	1.96754373847572
TACCGTTGTCCTTAGT-1	0	-3.14780271872707	0.047217743984143
TACCGTTGTCTAACAG-1	0	-4.37864316329189	2.68810953437416
TACCTCATCACATTGA-1	4	7.39274679795079	-12.9042526310769
TACCTCATCCAGGTCA-1	3	10.4847749389725	4.92098559676735
TACCTCATCGTTAACA-1	3	10.35636746064	9.790896790615
TACCTGCTCAAACACC-1	5	-0.689056762306171	3.93892039596168
TACCTGCTCATGAAGG-1	0	-5.57035601958461	2.98914994536964
TACCTGCTCCTCCTAA-1	2	2.40316878929905	6.49684228240577
TACCTTAGTACCGAAC-1	0	-1.72644747122951	-2.84993372620018
TACCTTAGTAGACAAA-1	0	-4.40585959777065	-2.38676617802056
TACCTTAGTCAGGAAG-1	1	2.88267718926243	-1.74265734613808
TACCTTAGTGTAATAC-1	0	-3.40371907576747	-3.80153523147972
TACCTTTAGCACAGGG-1	2	-0.0463950715941958	8.06174506484596
TACCTTTAGGTAAGGC-1	4	8.61948858872227	-10.3188453739968
TACGCACCAATCCTAG-1	0	-3.45805419310756	-2.56083701313408
TACGCACCACACCAAC-1	1	2.22328745499424	-0.671594185241779
TACGCACCACCAGCAT-1	4	8.07517944947056	-11.4387146061745
TACGCTTGTAACCTAG-1	0	-3.36760009154506	-3.06487808884056
TACGCTTGTCCAAATG-1	0	-1.21758151873775	-3.92656312645348
TACGCTTGTCCGTGAG-1	0	-3.69757712706752	-3.12061892212303
TACGCTTGTTGGCCGA-1	0	-3.95928681716152	-5.2869874066201
TACGGATTCAAGCTAC-1	0	-0.47529340609737	0.6761301928672
TACGGATTCCCGCCTA-1	0	-3.87016690596767	-1.08254042030247
TACGGATTCCGCTAGA-1	0	-4.55632174834438	-1.89657400310906
TACGGATTCGTGCTTC-1	2	0.776884569974465	7.70670546828834
TACGGATTCTAACTGA-1	5	-0.815987952796894	3.53445138274757
TACGGTTAGCCACAAT-1	3	10.0995601333695	8.24268760024635
TACGGTTAGGTTAGCT-1	1	3.09011208191685	0.548868077388684
TACGGTTAGTCAATCA-1	0	-3.93423808440395	1.89083971320717
TACGTAATCGGCTATG-1	0	-2.57035697325893	-4.86313830078514
TACGTACAGACAAGTG-1	0	-2.29527843817897	-4.00160394371422
TACGTACAGGGTCCAC-1	3	10.4121688522416	9.45066012679664
TACGTACAGTTTGAGC-1	0	-5.32507050856777	-2.87187348068627
TACGTTAAGAAAGCAT-1	0	-4.77127755507656	-1.86460755527886
TACGTTAAGAGAGCCG-1	5	-0.312554665653186	4.08040704070656
TACGTTAAGGAAGCAC-1	1	2.69859038964085	0.184930461040417
TACGTTAAGGCTGGCT-1	0	-1.09865237101741	-1.60720170796784
TACGTTAAGTAATCCA-1	0	-5.4097195945663	-3.017004472622
TACTAAGTCCAGGTCA-1	1	3.21408521309666	-1.75174854458245
TACTAAGTCCGCATGA-1	0	-2.32019127234645	-0.0709489411202271
TACTAAGTCGATTTAG-1	0	-5.26240599974819	-0.678383750328143
TACTAAGTCGTTAACA-1	0	-4.05686009749599	2.68045033752052
TACTCAAAGGCAATAG-1	3	10.7192071594315	5.29282130538551
TACTCAAAGGCAGGTG-1	0	-4.17364753112026	-1.0926588451949
TACTCAAAGTAAGGGC-1	1	3.32526098862462	0.795421140781323
TACTCAAAGTAGGCGG-1	2	0.880595199020428	8.38177623092262
TACTCAAAGTTTCCGC-1	0	-3.35770762786098	-1.12705959887179
TACTCGCTCATAATCG-1	0	-5.43703044280239	2.82930268584816
TACTCGCTCGAGGTGG-1	0	-2.55890310630031	1.4810093814048
TACTCGCTCGGTTACG-1	0	-4.59670222624965	2.31668223678199
TACTCGCTCGTTAGCG-1	0	-3.28160036429592	0.24878050624458
TACTCGCTCTTTAAGG-1	0	-5.03583348616787	2.68734373389808
TACTGACAGATGGAGC-1	2	3.67569028511815	8.54572619735328
TACTGAGGTACTAAAC-1	0	-4.08513844832607	-1.48395745218666
TACTGAGGTGATGAAA-1	0	-4.00561869963832	-0.269076270469745
TACTGAGGTGTGTCCC-1	5	-0.247853525726276	4.10475053130714
TACTGCACAGGCTAGA-1	0	-3.57083047255703	2.07770814239113
TACTGCACATATTGAC-1	0	-5.30435002669521	-1.65461654723557
TACTGCACATTCCTGT-1	0	-5.6731702171249	2.51305951415626
TACTGGCCAACTGGGA-1	0	-5.77657616957851	2.68577017127601
TACTGGCCATTGTGTG-1	1	2.75132428780369	-0.429387254127582
TACTTCGTCGTCCTTA-1	0	-3.14966214522548	-4.26822696388634
TACTTCGTCTCCTCAA-1	0	-5.65440810546108	2.48710645972816
TACTTGTTCAATTACG-1	0	-4.35337699279018	-0.913566333660205
TACTTGTTCGCTAAGT-1	1	2.62161516323857	-0.981516925105174
TAGACCAGTAGACAAA-1	0	-3.92661536559291	-3.25365648926171
TAGACCAGTCTATCGT-1	0	-2.68650925978847	0.578388589015881
TAGACCAGTGATCAGC-1	0	-4.46503222808071	1.17389168082802
TAGAGCCGTTAGTTGG-1	0	-1.93788350447841	-2.83226237953575
TAGCAGGCATATAACC-1	1	2.66211115494542	-0.906463486560901
TAGCAGGCATTGTGCA-1	0	-5.95193780287929	-2.87266812981041
TAGCAGGCATTGTGTG-1	1	3.83826362267308	-0.195289832958301
TAGCATATCAGCAAGA-1	0	-3.23796141967006	-2.73146472633751
TAGCATATCAGCACGC-1	0	-3.77758992537685	-3.77061854065331
TAGCATATCATTACAG-1	0	-4.93358004912563	-2.92475901306542
TAGCATATCCTGATTT-1	0	1.84094082489781	-1.50856123627098
TAGCATATCGTAATCA-1	0	-6.05184853896328	-1.52682296694191
TAGCATATCTTAGTCT-1	1	2.71682726517491	1.21593417464821
TAGCCGGGTAAGCTTG-1	1	3.16794358864598	0.601772325626294
TAGCCTCTCACCTGCT-1	0	-5.66645253524013	-1.99991075457009
TAGCCTGAGAACCTGT-1	1	2.43282257691197	1.45482792197792
TAGCCTTGTGGGAACA-1	3	10.722557417305	5.47819985686866
TAGCCTTGTGTTGTGA-1	1	2.45154511109166	0.127059715381543
TAGCCTTGTTACTTCA-1	0	-2.86901558264919	-3.08092795074852
TAGCCTTGTTGACTTC-1	0	-3.63421071395107	-3.76616440475853
TAGCGCGGTACTTCAC-1	0	-2.97527755126186	-2.52322159469994
TAGCGCGGTCATAGAT-1	0	-5.72214616164394	-2.93834577263268
TAGCGCGGTGCTCCGT-1	2	0.0615098990517088	7.56211985885231
TAGCGCGGTTGCTGGG-1	0	-3.79542315825649	2.82578124343483
TAGCGGACAAGTGTCC-1	1	3.1643701709824	0.254650371662061
TAGCGGACACTAAGAA-1	0	-2.66708958968349	-4.91863690079125
TAGCGGACACTAAGCC-1	0	-5.88822997435756	-1.57509870589646
TAGCGGACAGGATTAA-1	2	2.99857031479649	7.50381411849586
TAGCGGACAGGGAGCT-1	0	-5.90192950591274	-2.78131912411125
TAGCGGACATCGTTCT-1	1	3.16116248741917	-0.790584457525333
TAGCGGACATTAAGCT-1	0	-3.16386569365688	-2.52242658794792
TAGCGGCTCTATTGTC-1	0	-3.27718723639675	1.56224693595497
TAGCTAATCACAAGCT-1	0	-3.83004487380214	-2.57875643433007
TAGCTAATCAGTATTG-1	2	9.77173458710484	7.78453196822731
TAGCTAATCTTGGACG-1	3	10.0885432876664	5.25139989196388
TAGCTAGGTATTCGTC-1	0	-1.12383807524868	-2.24695561588677
TAGCTAGGTCGCAAAC-1	0	-5.12073291167446	1.8888930255088
TAGCTTAAGAGGCTAA-1	3	9.31781136170201	9.4792741709861
TAGCTTAAGGAAGCAC-1	0	-5.71898854598232	-1.86213658512505
TAGCTTAAGGAATAAC-1	0	-3.64464772566982	0.3335929089698
TAGCTTGCAAACATAG-1	2	0.799344151468796	7.81664599715797
TAGCTTGCAACCTGGT-1	3	9.77763973847203	5.05330790816871
TAGCTTGCACAGCCAT-1	2	3.73267423287205	6.02100409804908
TAGGAACCATCATGTG-1	0	-5.79392302855678	-2.98486767471703
TAGGAACCATGTCAAT-1	3	10.3343061126786	8.52325095473854
TAGGAGGGTCCGTAGG-1	2	3.85723530426793	6.16875495254127
TAGGAGGGTTAGTTGG-1	2	0.593058831246419	7.91700019179908
TAGGAGTCAAGGATTA-1	0	-4.76722777709194	2.19005336104957
TAGGAGTCAATAACCT-1	0	-1.16578913554378	-2.44166920841606
TAGGAGTCACTGACCG-1	0	-4.88412583693691	-1.03161112726601
TAGGCTAGTACCAGGT-1	0	-0.612710960952716	-2.8097438639489
TAGGCTAGTTCCGCAC-1	0	-5.04789126738735	-4.91765604675682
TAGGCTAGTTTAGCTC-1	0	-3.84329570159145	-3.32349048317345
TAGGCTGTCCCGTTAC-1	0	-2.87373340949245	-2.09221927584084
TAGGCTGTCTTGTCTG-1	0	-0.555645593254047	1.52580560981361
TAGGCTTAGAGAGGAG-1	0	-2.63761890753933	1.37435020743934
TAGGCTTAGCACGATT-1	1	3.30816089287571	1.06549872695533
TAGGCTTAGCCTGATG-1	0	-1.86141193732448	-2.54934142292412
TAGGGTTTCCAAACAC-1	0	-3.10496509894558	-4.22926579178246
TAGGGTTTCCACAATA-1	1	2.13903128281407	-1.0927457785693
TAGGGTTTCGGTCATG-1	0	-4.92895806655117	-0.999873218545039
TAGGGTTTCTCGCCTG-1	2	0.704819127173943	8.28422679244606
TAGGTGCGTGCACGCA-1	4	8.23022305146031	-12.9012323445168
TAGGTTATCCACAATA-1	0	-1.65010727271267	-2.73200462520989
TAGGTTATCCTACCTA-1	3	9.97556530609898	6.8430265360984
TAGGTTATCCTCCCTC-1	0	-1.07507158145137	-1.64441610635193
TAGGTTATCGCTATGG-1	3	10.4980119384842	6.29065551101295
TAGGTTATCGCTTGCT-1	2	0.0134392298775144	7.8918136531028
TAGGTTATCGGTTAGT-1	0	-5.04614938124843	-4.95382199943932
TAGGTTATCTTAATGG-1	0	-3.22856629714199	1.33097185432045
TAGGTTGGTAACGTGC-1	1	3.19096576348118	0.790775197139661
TAGGTTGGTACCGAAC-1	3	10.2705424942093	5.72101630508033
TAGGTTGGTGATGAAA-1	2	3.78006111756138	8.43458308517067
TAGGTTGGTTAGCGTA-1	0	-1.54587519988246	-0.857738507398685
TAGTAACGTCTAGCTT-1	0	-2.75629866942592	-2.67769954861077
TAGTAAGCATGAGTTT-1	0	-4.45403445586391	-3.06630097092064
TAGTACGGTTAGCGTA-1	0	-3.54154790267177	2.68036903678505
TAGTACGGTTGCGGAT-1	0	-1.68490064963527	-1.14964166791113
TAGTAGGAGAAGGTGC-1	0	-0.7976545177383	0.70764006911842
TAGTAGGAGCCGCAGT-1	4	7.64237963333897	-13.2248140400735
TAGTAGGAGGAAGTAT-1	1	3.7614287056046	0.0571992570075195
TAGTAGGAGGCCCAGT-1	0	-2.91884077414699	-4.08921681106957
TAGTAGGAGGCTAAGA-1	0	-3.55970824584194	0.439120429149548
TAGTAGGAGGTCCAAT-1	0	-5.43805278166957	-1.34242824972542
TAGTCAATCAATTGGC-1	0	-1.36811459883876	-4.56959758461388
TAGTCAATCACGAATC-1	2	1.84389924183659	7.52284945785133
TAGTCAATCAGGCCTA-1	0	-0.861307271568256	0.150134819141309
TAGTCAATCCAAACAC-1	0	-4.84938681945034	-4.54455028236779
TAGTCAATCCCTGGAA-1	0	-2.00155580863185	-2.24922261894615
TAGTCAATCGCTAAGT-1	0	-5.06512750014492	-3.69355498016747
TAGTCAATCGGTAACT-1	0	-2.801671393959	-0.588756663211902
TAGTCAATCTGTTCAT-1	0	-3.16686619147487	-1.57334492863091
TAGTGAGAGCTGTAAC-1	0	-4.83058560713954	-0.241209072479327
TAGTGAGAGGCGCACT-1	0	-4.38390982970424	0.600964801898877
TAGTGGCGTAATCGCA-1	0	-0.809309371559101	1.78598870574562
TAGTGGCGTCAAGTGC-1	0	-3.76850474700161	-1.12173363328846
TAGTGTGGTAGGATTT-1	0	-2.0513178192062	-4.076628310093
TAGTGTGGTCAATAGT-1	0	-0.947848566619831	0.771653907886426
TAGTGTGGTCGAAGTC-1	0	-2.4555131278915	1.08304800330726
TAGTGTGGTGCACGCA-1	3	10.5116494812088	7.73704661666481
TAGTGTGGTTACCGGG-1	0	-2.41973770484157	-1.84645841778191
TAGTTGTCACTAAGCC-1	1	2.44334172383122	-0.458889824756702
TAGTTGTCAGGAACAT-1	0	-1.72098744734951	-4.4828270500985
TAGTTGTCATTAAGCT-1	0	-2.77645243033596	1.06266941367714
TAGTTTGAGATAGACG-1	0	-4.30769122466274	2.78194774924843
TAGTTTGAGATGCCTG-1	0	-3.27761233672329	0.536845582118909
TAGTTTGAGGACCTGC-1	2	1.81785701885991	7.32445277511207
TAGTTTGAGGATGATG-1	2	3.53216635361485	8.4862903529319
TAGTTTGAGTCTGGGC-1	0	-5.60379994734951	3.18244828521339
TAGTTTGAGTGTGATC-1	1	1.99071954861454	-0.889689279207309
TAGTTTGAGTTATCTC-1	0	-2.94533813819118	0.0518021756323974
TATAACCCAATGAAGC-1	0	-1.78387106284328	-3.31865988434227
TATAACCCAATTAGCT-1	3	10.0873979248124	6.07413806258766
TATAACCCAGCATTAT-1	3	9.7926820434647	5.75743617354957
TATAACCCATAGGCGA-1	0	-2.62274325713344	-3.32616553963097
TATAGCCAGAATGACG-1	0	-2.69388664588161	-1.76677731932076
TATAGCCAGCACTAAC-1	0	-5.60592091902919	-3.10445223511132
TATAGCCAGCTATTGA-1	3	10.0814641632157	9.99664725600807
TATAGCCAGCTTATGA-1	3	9.88634525910191	9.95601977645485
TATAGCCAGGCGCACT-1	0	-4.94869960173793	-0.929354829200824
TATAGCCAGGCTAAGA-1	0	-1.49892366751857	-3.74608097732933
TATAGCCAGTTTGCGG-1	1	2.81740485802464	-1.54041863740357
TATAGCTCAACTAGGG-1	0	-2.02582515105434	-2.02839009226235
TATAGCTCAATTTGGT-1	0	-1.76420319899746	-5.32436094940575
TATAGCTCATTATGCG-1	0	-5.04456771239467	-3.09587536514672
TATAGCTCATTGCGGT-1	1	3.91083680764012	-0.873471481212695
TATAGGTGTGGAAGGC-1	0	-2.96664942130275	-5.40225849808129
TATATCCTCAGGCCTA-1	1	3.2011727012711	0.297849434009473
TATATCCTCGTTTCCA-1	0	-4.57943261489101	-3.62016330421837
TATCACAAGCACGTTG-1	0	-1.82417643889614	-5.26605950058373
TATCACAAGGCGCTAC-1	3	10.0212310470658	7.54997958480446
TATCACAAGGCTACTG-1	0	-4.18180716857143	2.65743793784706
TATCACGCAGCCAGTT-1	4	8.09159170761876	-11.5374656742898
TATCACGCAGGTATTT-1	0	-3.77375996932216	-2.05105255306633
TATCACGCATTATGAC-1	1	3.85480963364415	-0.628470940002521
TATCCAGCAACCCTCC-1	0	-5.83129704817958	-1.43625122071179
TATCCAGCACCAGGTT-1	0	-2.15738213881679	-5.08926878631981
TATCCAGCAGTCTAGC-1	0	-5.16473639830776	-1.93060724199684
TATCCAGCATGGCCTG-1	0	-4.37074912413784	-3.09419820965203
TATCCAGCATGTCAAT-1	0	-5.24379504546352	-0.920260114082416
TATCCGGAGCTGGACC-1	1	2.34610509053044	0.930856125942151
TATCCGGAGGCATGTT-1	0	-4.89985669478603	-1.21195860342058
TATCCGGAGGCGAAAC-1	0	-0.661881097404437	-1.63826553285988
TATCCGGAGGCTGGCT-1	0	-0.917634376136737	-2.59046731651696
TATCCGGAGGTCATTA-1	2	2.56953906193547	7.25415267287819
TATCGAGGTACCGAAC-1	3	10.4780095733719	7.41726912795631
TATCGAGGTTAACAGT-1	0	-4.21505416258998	-1.43389826775463
TATCGCACAACACTTG-1	0	-1.93977368697353	0.102161424747388
TATCGCACACTAGGTC-1	0	-3.87509835585781	-4.23234282196434
TATCGCGAGAAACTGG-1	0	-1.27596486434169	-1.72627024114998
TATCGCGAGATAAAGC-1	2	0.423619589956326	7.940705674282
TATCGCGAGCACGTTG-1	0	-5.02551139220424	-1.89413933218392
TATCGCGAGGAACGCG-1	0	-4.92993558272548	-0.35375468195351
TATGAAGCAGCGCTTG-1	0	-4.70146907195278	-1.48552761734398
TATGAAGCATAAGCAA-1	4	8.48816477433018	-10.5657125538674
TATGACATCAATGTCA-1	0	-4.24793828353115	2.56115187942115
TATGACATCATGCTAA-1	1	2.95969807282261	0.565065520397107
TATGACATCCGCAACA-1	0	-2.8652917228622	-2.3194877928582
TATGACATCGGTAACT-1	4	8.4553173698502	-12.8832002705422
TATGACATCGTTTCCA-1	1	3.31986033097081	0.4771635705146
TATGACATCTCACTAT-1	1	3.91667400971226	-0.251095575698932
TATGACTCAATCCTGA-1	0	-2.60933459624477	-0.164999706157764
TATGACTCACCTAATG-1	2	9.34381710663609	9.30236663161842
TATGACTCAGTCTAAT-1	2	3.21398579254918	7.82750930129616
TATGACTCATCATGTG-1	0	-5.14050258025356	2.47158302604286
TATGCATCACTAGGTC-1	2	3.59810363426976	8.33064975082008
TATGCATCAGTCTAGC-1	0	-3.81482852324672	-2.19554303348931
TATGCATCATTGACAT-1	0	-2.2170242153091	-4.68866334618004
TATGGATGTGCGCAAT-1	0	-3.75136721953579	2.0554779940757
TATGGATGTTGTGATG-1	1	3.72990404740147	-0.631861371406635
TATGGCCCAAACGCGA-1	0	-5.95184672698207	-2.05727182091149
TATGGCCCAAGCCACT-1	4	8.32676970139317	-12.8661876744119
TATGGCCCACAACCTA-1	2	0.914902663977666	8.44346179305641
TATGGCCCACGAATCC-1	1	3.10850702896885	-0.448222739109119
TATGGCCCAGGACCTT-1	0	-3.10136617049404	1.52784504233925
TATGGGCGTCATTACC-1	0	-4.10432494506069	0.211130874744336
TATGGTCAGAAGCTAG-1	2	0.961950889976544	8.1196435862693
TATGGTCAGACTATTG-1	0	-4.50847066268154	-3.54595075310143
TATGGTCAGTCAATCA-1	0	-3.97614777907558	0.981880801311414
TATGGTCAGTCCTGAG-1	0	-1.16812945231624	-0.70042489231499
TATGTGATCAGGTCCA-1	0	-3.41618836745449	-1.06593566150339
TATGTGATCCATAAGC-1	2	1.60864179507069	7.54987372695533
TATGTGATCGCGACAC-1	0	-5.03552878722377	-0.327590627082904
TATGTGATCTCTAGCC-1	1	3.35264646187596	-0.248400372871478
TATGTGATCTTTGTAC-1	3	10.5067781128006	7.05722655593483
TATTACCTCCGGAACC-1	0	-4.27608502730556	2.81694831191627
TATTACCTCGCGACAC-1	2	3.82658301964573	6.70139827071754
TATTAGCCAACCCTCC-1	0	-3.53246177062221	-3.40431938827904
TATTAGCCAAGCTTTG-1	2	3.8541256107407	6.22412766753761
TATTAGCCAATATACC-1	3	10.0350679077225	6.67006244002907
TATTAGCCACAGCCAT-1	5	-0.582896002380329	4.00485553084938
TATTAGCCACCGGCTA-1	4	7.83324944153599	-12.2243953770486
TATTAGCCACGAATTT-1	0	-1.73036492690273	-4.33397756279381
TATTAGCCATATTGAC-1	0	-1.94821370467372	-4.33327875793846
TATTAGGTCCTTCAAT-1	0	-1.6310719333572	-5.24153528870018
TATTAGGTCTGTGAGT-1	3	9.36269413605504	9.58405627547828
TATTCGTTCACGAATC-1	0	-5.09849990233608	2.46239008246986
TATTCGTTCCGTGACA-1	3	10.079813352974	7.37487162887184
TATTCGTTCGCTTCTA-1	3	9.99070393219761	6.85082377730934
TATTCGTTCTACCTGC-1	0	-1.87927974089809	-3.92297731102379
TATTGACCAGGCTTCG-1	2	3.88747202530674	6.234575646511
TATTTGCTCACTAGGT-1	0	-3.31224072798915	-4.63039622963341
TATTTGCTCCAACTGG-1	0	-3.14325059279628	-4.32002387703331
TATTTGCTCTCACACC-1	0	-2.64950383528896	1.05727853118507
TATTTGCTCTCTAGCC-1	0	-1.93578112944789	-3.93512473762902
TATTTGGAGTGTTGTA-1	0	-4.30594933852382	-4.94853268326195
TCAAACCAGCTGAGGG-1	0	-3.25391400679775	-1.73460958660515
TCAAACCAGTTTGGGT-1	0	-5.31530202254482	-3.15545199573906
TCAAGAACAAGACTCC-1	4	8.45362698212437	-12.3765569752541
TCAAGAACAGAGGCTA-1	2	0.533814243228955	7.41953696548073
TCAAGAACAGTTTACG-1	0	-4.66651118621059	-4.97424469650658
TCAAGACTCCTAATAG-1	2	-0.0475011549872927	8.19980277358619
TCAAGACTCGAGGAAC-1	0	-3.0831941448135	-1.95728830755623
TCAAGACTCGCTAAGT-1	3	10.1783555664139	7.34797515212623
TCAAGACTCGTCATTT-1	0	-0.761358626930194	-1.89409605921181
TCAAGCTAGAACAAGT-1	0	-4.91289151534267	-2.32675419510277
TCAAGCTAGGAGCAAC-1	5	-0.53025687560268	4.13437356292335
TCAAGGAAGAGAGCCG-1	0	-4.75109303816982	-0.981212896713336
TCAAGGAAGCTAAGTC-1	2	3.53812920227818	8.20857562362282
TCAAGGAAGGCTTAGT-1	0	-2.34310043677517	-4.79342446983727
TCAAGGAAGGTCGAGG-1	0	-3.82914365157314	-2.09829817474755
TCAAGGAAGTCAATTG-1	0	-4.37730563506313	-1.47411380470665
TCAAGGAAGTTACCGG-1	1	1.80611454621129	-0.913897079834064
TCAAGGTTCAAACCTA-1	0	-2.15728915557094	-4.18167052925499
TCAAGGTTCAATGTGC-1	2	2.13021158352665	7.40236701308815
TCAAGGTTCAGCAAGA-1	0	-3.77042067870327	-0.559796792873462
TCAAGGTTCATAATCG-1	4	8.25357615128331	-10.8526350087014
TCAAGGTTCTGTAAGC-1	4	7.48638855591587	-12.8244768208352
TCAAGTATCCCGCAAA-1	1	2.19418524876408	1.74966754256813
TCAAGTATCCTGAGTG-1	1	2.45170401707463	-0.49613372743996
TCAAGTATCTAATCTC-1	3	10.4045652069169	9.45322169601051
TCAATCGCAAGGTCCT-1	1	1.93493174687199	1.90191854774086
TCAATCGCACATAACT-1	1	2.31280266419224	-0.891525728115161
TCAATCGCATAGCGAG-1	0	-3.44100297316738	0.15640785037605
TCACATAAGGAGGCAT-1	0	-4.17458976134487	-0.774470312007983
TCACATAAGTAGAGGC-1	3	10.0677779831009	10.2733501368674
TCACCGGCAGCAACCT-1	4	8.2257465042191	-13.094993216404
TCACCGGCAGCAATAA-1	0	-1.53355301245876	-4.88757787407311
TCACCGGCATAAAGCA-1	2	2.25282620564274	7.61247863113014
TCACCTCAGCTGTCAG-1	0	-5.19299472197719	-2.38529072464379
TCACCTCAGGCTTAGT-1	0	-2.76401055678554	-4.11283622444542
TCACCTCAGTGCACGC-1	0	-3.72633183821865	2.70248975097267
TCACCTGGTAAGCTTG-1	0	-1.91138232573696	-5.42089234054955
TCACCTGGTCCTGATT-1	0	-3.30345738753505	-3.89966307342919
TCACCTGGTGTTGCAA-1	0	-1.79987324103542	0.0408545905265014
TCACCTGGTTAGCATG-1	0	-4.30005896910854	-3.2247909134713
TCACCTGGTTCGCTTG-1	0	-3.37198317870327	-2.95357487858208
TCACCTGGTTTAACCC-1	1	3.20830356255345	0.810104506603162
TCACGGATCAATGTGC-1	0	-5.63362897261806	-1.70032571018608
TCACGGATCAGCACGC-1	0	-1.48808778151699	-1.56063706935318
TCACGGATCAGTATTG-1	0	-4.97650206908413	-3.71407113731774
TCACGGATCCCGAACA-1	0	-5.29277003630825	-2.56706402958306
TCACGGATCGAAGTGA-1	0	-4.86861670836635	-3.08305738628777
TCACGGATCTCGACCT-1	3	10.126013151558	9.49933184920875
TCACTGACAAAGGCCA-1	2	2.73980223313145	7.71634616195289
TCACTGACATCGTTCT-1	0	-4.11777556761928	2.76290883361427
TCACTGACATTGTTGG-1	0	-4.16432536467739	-3.74619255722435
TCAGCAAGTAACCAGC-1	0	-1.86335695609279	-3.46299730003746
TCAGCAAGTCCACAAA-1	3	10.6368592895585	5.04471625625221
TCAGCAAGTTAGCGTA-1	0	-4.71505320891567	-0.753541124471744
TCAGCCTTCTGGCTTC-1	0	-4.28929484709926	-4.52733216942223
TCAGCCTTCTGTAATG-1	0	-3.61648333892055	0.614092605701367
TCAGCCTTCTTAATGG-1	0	-2.08722031935878	-3.53245697678002
TCAGCCTTCTTGAGCG-1	2	1.96430765763096	7.23391475020973
TCAGCGATCCTCGATC-1	1	3.20747028961949	-0.203091902145465
TCAGGAGCAGTAGCCT-1	1	3.05860053673558	0.409466641536633
TCAGGAGCATACCCGG-1	0	-3.64490140303798	2.54774774848549
TCAGGTCCACCAAAGG-1	1	1.97137915268712	2.00270690261451
TCAGGTCCACGGTTTA-1	0	-2.77924002036281	1.26725544272987
TCAGGTCCATGACTAT-1	0	-4.32925904616542	-1.53098074854287
TCAGGTTAGCAGGTTT-1	0	-1.38737452849575	-0.268527371296008
TCAGGTTAGGAGGGTT-1	0	-5.53104365691371	-0.646172506221851
TCAGGTTAGGCGTAAA-1	0	-3.63117898329921	-3.45182071388634
TCAGTAATCAATACGC-1	0	-5.51600707396694	-1.09593827784928
TCAGTAATCAGCAAAG-1	4	7.00321852341465	-11.6308189457742
TCAGTAATCATTGTTC-1	0	-5.87742484435268	-2.99656663597496
TCAGTAGGTTGGCCGA-1	2	1.93608354702763	7.42651404677955
TCAGTAGGTTTGGGTA-1	1	3.20521723404698	0.398493188014905
TCAGTGAGTCAGGCCA-1	0	-5.14501918181606	-0.817952436813434
TCAGTGAGTGATGGCT-1	3	9.56773220673375	9.1359313899192
TCAGTGAGTTTCCTCC-1	0	-4.8252092681808	-2.36566565693291
TCATAACCAACTCGCG-1	0	-5.21752322539516	-4.57001934708031
TCATAACCACAACAGG-1	2	1.2009622372704	8.31505050002662
TCATACTTCCGCACAA-1	1	3.78236924782566	0.0256437235984008
TCATACTTCGCCTGTT-1	0	-3.39683259352871	-3.7209747856942
TCATACTTCGGTAACT-1	0	-3.01874960288234	1.13700475036232
TCATCCATCAAGTGTC-1	4	8.13609062805943	-11.420396429905
TCATCCATCATAACTG-1	3	10.1348594345169	8.12620486556617
TCATCCATCGCTTGCT-1	0	-4.68356765135952	-3.19612131775292
TCATCCATCTCGCCCA-1	2	2.82266651764683	7.77196063338844
TCATGAGGTGAAACAA-1	4	8.03287111893467	-12.530844313511
TCATGAGGTGATGAAA-1	2	2.42231368199162	6.48554028808204
TCATGAGGTGTTTGCT-1	3	10.0280297912674	10.1042846614036
TCATGCCTCAGCACGC-1	0	-5.44425261840053	2.56915606795875
TCATGCCTCCGCAAGC-1	0	-3.2151886306686	-2.28627238930138
TCATGCCTCCTCATCA-1	0	-3.45241845473476	-0.477410895237048
TCATGCCTCCTTGCAC-1	0	-1.42818487509914	-1.40312377870949
TCATGCCTCGGCCATA-1	5	-0.503490575401264	4.41779412566749
TCATGCCTCTAGCTAA-1	0	-3.80001653060146	2.77621425925819
TCATGTTTCATGCTCC-1	0	-2.29903305396267	-3.06107936561974
TCATTACTCCATAAGC-1	0	-5.0732995353622	2.14491881667701
TCATTACTCCCGCCTA-1	0	-5.25838721617885	-3.71551190079125
TCATTACTCCGCAAGC-1	1	3.4138020195084	-0.375456256279071
TCATTGCGTAACCACA-1	0	-2.48517287596889	-3.52413163841637
TCATTGCGTGTTGTAG-1	4	8.2434557594376	-10.8459268635598
TCATTGCGTTACCTGT-1	3	9.70482479706578	5.73385752975075
TCATTTGGTAGCAGCT-1	1	2.96756278649144	-0.244434458622058
TCATTTGGTCATCCTG-1	1	3.37758194580845	-0.346694213756641
TCATTTGGTGGCTTCC-1	0	-1.34622205123134	-1.52742783487709
TCATTTGGTGTTCCCA-1	0	-3.1102982841415	-2.45612297714623
TCATTTGGTTCGCGCT-1	4	8.44418226853184	-10.5562568730203
TCCACAACATTGTCCT-1	4	8.49384628907017	-12.9995657032815
TCCAGCAAGCACTTGG-1	2	-0.0183864317817263	7.84670485793678
TCCAGCAAGCTGCACA-1	2	1.99938749447636	7.11343993484108
TCCAGCAAGTAACCAC-1	3	10.6693710006791	9.49343051253883
TCCAGCAAGTCCTGAG-1	0	-3.8925453506393	2.68096246062843
TCCAGGATCAATAGCC-1	0	-3.06708396300502	-3.61417113006981
TCCAGGATCACTTTAC-1	1	3.87273084297947	-1.08428605408343
TCCAGGATCCTTCTAG-1	4	7.54886757508091	-12.7828832691995
TCCAGGATCGAGCAAA-1	3	10.3485749878006	9.00103511153785
TCCAGGATCGTTACAA-1	0	-5.51018632277675	-2.27133403480919
TCCAGGATCTTAAGTG-1	2	2.34512769356541	6.9795593196067
TCCAGGTCAAGGACCA-1	0	-5.13216889723964	-1.11400115997465
TCCAGGTCACTGACCG-1	0	-1.37067354544826	-0.982501906761249
TCCAGGTCAGGTTATT-1	2	2.85923992768101	7.60070933639137
TCCATAAAGACTTACA-1	4	8.16590391770176	-13.207466704258
TCCATAAAGCGAGCGA-1	0	-2.73556984290309	-2.55658529461296
TCCATAAAGGCCGGAA-1	2	3.54285251274876	8.08133830367653
TCCATAAAGGGCTTAT-1	0	-4.62870515212246	-2.64749322594078
TCCATATTCATGTGGT-1	0	-4.66120828017421	3.03841294585792
TCCATATTCGTTATCT-1	3	9.78675972595982	5.98976315795509
TCCATATTCTAGCTAA-1	2	1.41503875628285	6.33852042495338
TCCATCATCACAGGAA-1	0	-2.37407983168788	-2.26400778950127
TCCATCATCCTCGATC-1	0	-5.83859122618862	-1.68964056433113
TCCATCATCGGTCATG-1	0	-4.24635613784023	-1.54565424979599
TCCATGCTCAGGTCCA-1	3	10.5731834091263	5.53694428741066
TCCATGCTCATGTCAA-1	0	-4.38009751662441	-0.153647524723132
TCCATTGTCCACCTTA-1	4	8.27943932190709	-11.5449215000954
TCCATTGTCGCGACAC-1	0	-4.90038932189174	-2.52200625599297
TCCCGGACAAACCTTG-1	0	-5.27703870162197	3.38481940566627
TCCCGGACAAATACCT-1	0	-4.66424573287197	-4.12617455185326
TCCCGGACAAGGACCA-1	0	-3.70247329100795	1.61838139831154
TCCCGGACACTTGTTC-1	4	8.58626639023594	-10.3364444798318
TCCCGGACAGGTTCAC-1	1	3.1217061199265	-1.25750872255238
TCCCGTTAGATAAAGC-1	1	3.71184097901158	0.119721668353955
TCCCTCACAACTGGGA-1	3	10.5658897079544	5.46112860976783
TCCCTGGTCATGCGTG-1	1	3.38052927628331	-0.119215828785022
TCCCTGGTCCTAAGAC-1	0	-5.25279820784755	2.5575360232505
TCCCTGGTCGAGGAGT-1	0	-0.0557689748687319	-1.71030734241875
TCCCTGGTCTCGCCCA-1	0	-2.06050742491909	-5.5383301800576
TCCCTGGTCTTACTCG-1	0	-2.9647356353683	-0.475317937740405
TCCCTGGTCTTGTCTG-1	1	2.55099021569066	1.04451407729713
TCCGCCATCCACCTGT-1	0	-4.34538329467006	-1.27033693105849
TCCGCCATCTCCTCAA-1	3	8.98724018708043	4.34912242232887
TCCGGAATCACTAGGT-1	5	-0.750100501625019	3.67024888335792
TCCGGAATCAGAAACG-1	1	3.34064780846409	0.661286371341626
TCCGGAATCGTTCACC-1	1	3.33817397728733	-0.187129420646747
TCCGGAATCTAATCAG-1	2	2.58020006790928	6.71718062697975
TCCGGTAAGCTGAGGG-1	1	2.07862674370579	-0.857107413419803
TCCGGTAAGGTTTACA-1	1	3.1332057632523	0.54536356269447
TCCGGTAAGTTGGCCA-1	0	-3.16104806288906	1.40418567000953
TCCTAGTGTTATCGAG-1	0	-4.34662879332729	-3.56889591873558
TCCTAGTGTTGCAATG-1	0	-4.73780024871059	2.18584884940712
TCCTCAATCAATCTCT-1	1	2.84253632202916	1.33241452514259
TCCTCAATCATGCCTC-1	0	-2.45723737105556	-4.72231803596886
TCCTCAATCCGTGACA-1	2	0.452893219144864	8.37789573012916
TCCTCAATCCTTTACG-1	0	-3.77054274901577	-3.54088555038842
TCCTCACAGTAAGGGC-1	0	-1.51185429915615	-2.57945941151055
TCCTCTAAGAGGAGGA-1	3	9.93474041596226	8.84217490493385
TCCTCTAAGCATTAGC-1	0	-4.24223197325893	-3.01186178387078
TCCTCTAAGCGTGCGT-1	0	-6.17496598586269	-1.82112274826439
TCCTCTAAGGATGATG-1	0	2.65147649422459	-1.84487239778908
TCCTGGTTCCCGTTAC-1	0	-5.38541997298427	-1.06469754637154
TCCTGGTTCCCTGTTA-1	2	1.23242735043339	8.25338973342506
TCCTGGTTCGTCCTTA-1	0	-5.29734910353847	3.36117066680519
TCCTGGTTCGTTTCGC-1	3	10.6434119857865	5.72924699126808
TCCTGTTCACATTAAC-1	0	-2.81250465735622	-2.97356544197472
TCCTGTTCATTATGAC-1	2	0.117075792701764	8.29047622024147
TCCTTAGTCATGCATA-1	3	10.7610162414627	5.3122533732566
TCCTTAGTCCCTGGTT-1	3	10.2194455780106	9.86668433486549
TCCTTAGTCGATAACC-1	1	3.50641643181614	0.182829754939954
TCCTTAGTCTGTAAGC-1	5	-0.562629111854511	4.47073544799415
TCCTTCAAGCATCCAG-1	2	3.81902515068821	6.72236480056373
TCCTTCAAGCATGACT-1	0	-3.65616763457485	-1.48709417642029
TCCTTCAAGGACAACA-1	3	10.4721177734452	7.58869685470192
TCCTTCAAGGCGCACT-1	3	10.6748050369339	9.36170615493385
TCCTTCAAGTGAACGA-1	0	-1.91809023245998	-3.49308238685997
TCCTTGCAGCTATTGA-1	2	3.53977429047398	8.27202357589332
TCCTTGCAGTTTGTCT-1	1	3.30481349602513	-0.719686073669513
TCCTTTACACAAAGGT-1	0	-3.1550501666946	-3.40698347748192
TCCTTTACAGGATGGC-1	0	-5.12229121550746	-0.645455700763782
TCCTTTACATAAAGCA-1	1	3.74831473007969	-0.257935804733356
TCCTTTACATCGTTCT-1	0	-3.81575263365932	-2.40212760628136
TCGACAAGTATTGAGT-1	1	2.36085521355442	-0.250470442184528
TCGACAAGTCCTAACT-1	0	-3.66510403975673	0.928758519283215
TCGACAAGTGATCATG-1	3	10.6732114471512	5.47473086654274
TCGACAAGTGATGAAA-1	0	7.88375984803013	-12.6411100453225
TCGACAAGTGGGTACT-1	2	2.39773737564854	6.5095213824424
TCGACAAGTTCCGCAC-1	0	-2.17211402281948	-2.4867104119149
TCGACAAGTTGCACGG-1	0	-3.80986750945278	-1.22597680375846
TCGACAAGTTTATCTG-1	0	-0.549630888549762	1.39664949714271
TCGATTAAGATGGACA-1	2	0.0282655276375242	7.98315467177955
TCGATTAAGCAAGACA-1	2	2.59382557049565	7.69984473525612
TCGATTAAGCCTGAGC-1	0	-5.61536897048183	-1.89919708431633
TCGATTAAGGAACGGT-1	0	-1.06504822596736	-4.01397786796959
TCGATTAAGTAGCCAT-1	5	-0.40459323748775	4.51794089614479
TCGATTAAGTGAACGA-1	0	-2.20232165679164	-0.335262877353748
TCGATTAAGTGTGATC-1	5	-0.244391330329852	4.35843886672584
TCGCCCATCATGGCCA-1	0	-2.58333695754238	0.574955957523267
TCGCCCATCCTCAGTC-1	0	-1.75019443854518	-5.22147045792015
TCGCCCATCGAGGAAC-1	0	-1.18117464408107	-3.05866978825005
TCGCGAGGTAGGATTT-1	2	2.29847120419316	6.6971639567527
TCGCGAGGTCATGCAA-1	0	-1.33408249243923	-2.94531057537468
TCGCGAGGTGAGGTAG-1	0	-3.38147796019741	-0.0333694046822388
TCGCGAGGTGATTACG-1	0	-5.44811642989345	-0.887989235529025
TCGCGCACAAGCCAGA-1	1	3.02244102135472	-0.86354015530022
TCGCGCACATATTGAC-1	0	-2.40949071273037	1.0809689932975
TCGCGCACATCCTGAA-1	3	10.6835979141312	5.24049605666725
TCGCTAACAATTTAGC-1	0	-0.572283872215228	1.00239648162452
TCGCTAACACCAAAGG-1	0	-5.43037379607387	2.67906059562294
TCGCTAACATCACTTC-1	0	-2.49484194144435	-4.03923474014672
TCGGTAAGTAATCGCA-1	1	2.9889460720139	-1.76291589201363
TCGGTAAGTAGCTAGC-1	0	-2.13279307707973	-1.770646614441
TCGGTAAGTCCTAATC-1	0	-4.77374709471889	-2.24290917576226
TCGGTAAGTTTAACGG-1	3	8.99612461701207	4.35471762954323
TCGGTTACAATGCCTA-1	1	3.41291820183567	1.0885201865348
TCGGTTACATAATCCG-1	2	2.1431391157227	7.43483580886451
TCGGTTCTCAATGACC-1	0	-4.23467601165004	-2.48995528877648
TCGGTTCTCATGCGTG-1	0	-5.27969659194179	2.44792904197303
TCGGTTTGTGGAAGGC-1	0	-0.813178905097919	-2.50344298542412
TCGGTTTGTGTGCACG-1	0	-3.74942744597621	0.563899891963879
TCGGTTTGTTCGGTAA-1	2	0.432647637279553	7.9398282939109
TCGTCAACAATTATGC-1	0	-2.93705285414882	-4.91938791931542
TCGTCAACAGCAACCT-1	0	-0.549460657684284	-3.67600928009423
TCGTGCTTCATCACTT-1	5	-0.942741283027606	3.25515355407325
TCGTGCTTCCGCCTCA-1	0	-4.81108010634609	-3.12070189178856
TCGTGCTTCCTGAGTG-1	2	3.30968414917759	8.20700206100075
TCGTGCTTCGAGGTGG-1	3	9.94861637726597	10.1577390605125
TCGTTAAAGATTGAGG-1	0	-5.28972733840175	-3.73423157394799
TCGTTAAAGGATGATG-1	3	9.25828301087193	4.59526624023048
TCGTTACGTCACCAAA-1	0	-3.44479907378383	-1.18909392990107
TCGTTACGTGCGCATG-1	2	1.83741020336918	7.42678107558815
TCGTTACGTTAATGCG-1	0	-1.02384925708004	1.41196073829261
TCGTTACGTTAGTACG-1	3	10.6981996215897	9.25210799514381
TCGTTAGCACATAGCC-1	0	-2.58567274436184	-2.83551595867546
TCGTTAGCACGGTTTA-1	3	10.0791019119339	8.40432204543678
TCGTTAGCACTTACAG-1	0	-4.98399365767665	-4.94609056175621
TCGTTAGCAGCAATAA-1	1	3.69192515984349	-1.14000382409366
TCGTTAGCAGGCAAGC-1	0	1.55168168917469	-0.908869249233325
TCGTTAGCATCATGTG-1	0	-3.04686106070705	-3.88335977257164
TCGTTAGCATGTCAGC-1	0	-2.43769181594081	-2.32308254898461
TCGTTAGCATTGTGGC-1	0	-3.92880690917202	2.84332503615944
TCGTTATTCATGACCG-1	2	0.950974933059735	8.29837741195289
TCGTTATTCCCTGGAA-1	0	-3.48199952468105	0.961933034053723
TCGTTATTCGTTTCTG-1	0	-4.49367249831386	2.88503302871315
TCTAACCGTACCGTTT-1	0	-1.745519050209	-4.76268897713097
TCTAACCGTCAAAGGG-1	4	6.9608801521378	-11.5851684635964
TCTAACCGTTGTTGCT-1	0	1.72545301094822	1.77816118537513
TCTAACTTCACCGGTA-1	4	8.57731377259068	-10.3478809422341
TCTAACTTCCCGTTGT-1	0	-5.29403508528896	-3.84636197746666
TCTAACTTCGAGCTAT-1	3	10.0929511703568	6.63669337569801
TCTAACTTCGATCAGT-1	0	-5.18028510436245	3.09297360717384
TCTAACTTCGTTACTT-1	0	-1.45743168219753	-0.186086756595691
TCTAACTTCTTGCAGG-1	0	-4.48473418578334	-1.86159561336907
TCTAAGGGTTAACGAT-1	3	9.98624836579136	7.79493464767067
TCTAAGGGTTGGGTTA-1	1	1.91662084236912	1.90932907401649
TCTAATCTCCCTGGTT-1	0	-5.06323302611538	-1.46568403900536
TCTAATCTCTAATCAG-1	0	-4.62030661925502	-2.00605205953987
TCTACCTCATGTTTGG-1	0	-3.62720597609706	-4.25000057876976
TCTACTAGTCATTGTC-1	2	-0.0992610536498598	7.90520610152809
TCTACTAGTCGACTAA-1	0	-2.19147170409389	1.03981055556862
TCTAGCACATAGCTGC-1	0	-2.66473043784328	-2.83591876686486
TCTAGCCTCACGTTAA-1	0	-1.43843186721035	-4.26353488624962
TCTAGCCTCATTAGTG-1	2	3.52690970078282	8.51121749221412
TCTAGCCTCCTAGTCC-1	1	3.90197431221775	-1.10778283835324
TCTAGCCTCGAGGAAC-1	0	-5.68619550093837	-3.11407290161522
TCTAGCCTCGGCCAGT-1	2	2.54656838551335	6.46573390304176
TCTAGCCTCGGCTAGC-1	4	8.45418917313389	-13.1773992604104
TCTAGCGAGCCTGACA-1	1	3.13816439286046	0.265863555065076
TCTAGCGAGCTGGCTA-1	0	-4.40499604567714	-1.3015833547798
TCTAGCGAGGTCCAAT-1	3	9.48060166016392	9.0676359110984
TCTAGCGAGTTATTCC-1	1	1.98802434578709	1.90686454116432
TCTATGTTCAATGACC-1	0	-4.5109649978561	-1.76453517139824
TCTATGTTCGTAATCA-1	0	-0.164716013519245	3.80163802444069
TCTATGTTCTTGGATA-1	0	-5.46968377455898	2.40419353782264
TCTCAAGCAAATTGCT-1	3	9.92679916992955	7.00262870132057
TCTCAAGCAAGGAATC-1	1	2.82969247475438	-0.774530542501529
TCTCAAGCAGCTAATT-1	0	-5.97597850188442	-1.28247098387154
TCTCAAGCAGGCTACT-1	0	-1.26174212321468	-1.79438374699028
TCTCAATTCATAGACC-1	4	8.00229345932774	-11.4199691838113
TCTCAATTCCGCAAAT-1	1	1.55700003281407	1.95628537475197
TCTCAATTCCTAAGTA-1	0	-3.00921691283413	-4.66475902260216
TCTCAATTCGGTTACG-1	0	-4.74584544524379	-2.42216728390129
TCTCACCAGCTCCCTG-1	0	-4.79255689009853	-0.843655777582248
TCTCACCAGGGTTAGA-1	0	-2.99630845412441	-2.90774987400444
TCTCACCAGTAGGATG-1	0	-3.89581168517299	-2.04640136421593
TCTCCTCGTTGTTGTC-1	0	-3.83799517974086	-4.86910353363426
TCTCGCCCAAGTGTCC-1	0	-1.04541576728054	-2.01144866407784
TCTCGCCCACACAATT-1	3	10.0642074264603	5.29544724761574
TCTCGCCCACCTGGTG-1	3	9.56457935944371	9.38796271621315
TCTCGCCCAGCAATAA-1	0	-3.93032277449794	-3.83008251846703
TCTCGCCCAGCTCATA-1	2	2.15178977623753	7.72841204940407
TCTCGCCCAGTAGCCT-1	0	-3.46070302352138	-4.02296863258751
TCTCGCCCATCCCTCA-1	0	-4.38326276168056	1.82291616736976
TCTGGCTTCAAGCCTG-1	0	-2.06154383048244	-5.54817448318871
TCTGGCTTCCTGGCTT-1	1	2.15391825810246	-1.22159127280982
TCTGGCTTCGGTTAGT-1	2	1.89340733662419	7.0141862803611
TCTGGCTTCTTGACCC-1	0	-1.86108053549953	-2.79785535992058
TCTGTGACACCAGCAT-1	0	-1.89851988181301	-3.98370586098107
TCTGTGACACTCGCTC-1	3	9.98908173218541	9.48792876540748
TCTGTGACAGTATGTT-1	0	-5.58802378997036	-1.30325342477234
TCTTAGCGTGTTTGAG-1	1	2.79173480644993	0.290455120197217
TCTTAGCGTTAACAGT-1	0	-3.67541325911708	2.55965031920997
TCTTAGCGTTGTTGTC-1	0	-2.29588783606716	-3.01444159210594
TCTTAGTTCAATCATG-1	0	-5.10106337889858	-2.08883867920311
TCTTAGTTCAGGAACA-1	0	-2.67350757941433	1.34840978919594
TCTTAGTTCCTAAGAC-1	3	10.2633336700516	9.57003917037575
TCTTAGTTCGCATTAA-1	0	-3.2074171386642	-3.97931037605675
TCTTAGTTCTCCTCAA-1	4	8.33570229187779	-12.2950063771096
TCTTAGTTCTGTGCAG-1	0	-1.96407378539272	-2.61968944729241
TCTTAGTTCTTGGATA-1	0	-2.32281673773952	-0.0985252684441407
TCTTCAAGTCACAGCG-1	0	-3.19622791632839	-4.87438045204552
TCTTCAAGTCATTACC-1	2	0.757042496653123	6.95976104079811
TCTTCAAGTCCTGATT-1	0	-1.18157375678249	-3.19299207390221
TCTTCAAGTGAGCACT-1	2	2.71326076165013	7.89472426711647
TCTTCAAGTGATGAAA-1	0	-1.54436624869533	-3.95550141991051
TCTTCAAGTGCTTACT-1	0	-2.46803892478176	-1.05732784927758
TCTTCAAGTTAGGATT-1	0	-4.72433532103725	-2.19063327968987
TCTTCAAGTTTCAGGA-1	1	2.29939901009373	1.65233983337013
TCTTGACGTAACAGGG-1	2	1.86560236588292	7.73011340438453
TCTTGACGTCTCAGCC-1	0	-0.711006768791156	-1.95717929066094
TCTTGACGTGATTTGG-1	3	10.6851323761063	5.6941646510276
TCTTGACGTGCGCGTA-1	0	-2.98234976157375	-2.47550247372063
TCTTGACGTGTTGCAA-1	1	2.98095595017247	-1.20435553179057
TCTTGACGTTAGCATG-1	1	2.94413863793187	-0.0524183338967164
TCTTGTCCAAGGTGGC-1	3	9.85667931214146	9.76310386001198
TCTTGTCCAATAGTCT-1	1	2.56076037064366	1.82762588798134
TCTTGTCCAATTGCGC-1	2	2.14263700619511	7.34573211013405
TCTTGTCCAGGCTAAG-1	0	-1.4174112163467	-2.22805879772576
TCTTTGTAGCCTGGTA-1	0	-4.86277068480678	-0.459742767223438
TCTTTGTAGTGAGCGG-1	0	-3.59948218688198	2.61573375999061
TCTTTGTAGTTGTCCC-1	0	-5.82646144255825	-2.55204365909966
TGAAACTGTCTAACCT-1	5	-0.47310388907619	4.07139529525367
TGAAACTGTTAGTTGG-1	3	10.6445459045487	5.69796981155006
TGAAACTGTTATAGCG-1	0	-4.60789883956142	0.89473952590553
TGAAACTGTTGTAAAC-1	3	9.67617737427525	5.68222131072609
TGAACAACACCTAAGC-1	0	-4.85901893004604	2.40255631743995
TGAACAACACTATGGC-1	2	2.18347775116734	7.08564318954078
TGAACAACAGACAAAC-1	0	-6.03659833296962	-1.46280853212746
TGAACAGAGACAAGTG-1	0	-0.306715794650989	1.28396381675331
TGAACAGAGAGAAGGG-1	0	-3.11756170615383	0.402140992275159
TGAACAGAGAGCCGGA-1	3	8.99441086426548	4.3802145892295
TGAACAGAGCTGCACA-1	1	2.49404298439793	1.11076797782509
TGAACAGAGTAACTCA-1	0	-4.89187253340908	-1.19369325828673
TGAACAGAGTAGAGGC-1	3	9.36760079041295	9.37795771895973
TGAACAGAGTCAATCA-1	1	1.77931963578038	1.65329970656959
TGAACAGAGTTAGTGC-1	1	2.77035795822911	0.630276935687939
TGAAGCAAGCAAGGGT-1	0	-5.34733641967006	-1.03603282333287
TGAAGCAAGCATGGTT-1	0	-4.89414656981655	-1.40325505793961
TGAAGCAAGCTATATG-1	0	-4.29584802016445	-3.69228516281517
TGAAGCAAGGATAAAC-1	5	-0.879231222717243	3.21489800750343
TGAAGCAAGTCACCAG-1	0	-4.85298646315761	1.63546242057411
TGAAGGATCACCTGTC-1	1	2.32903300896458	1.97622360526649
TGAAGGATCATGAGCT-1	1	3.03139197006993	1.13124217330543
TGAAGGATCCTCGATC-1	1	2.47216354981236	-0.342357200988849
TGAAGGATCTTCAATC-1	2	3.54984461441807	8.24670638381569
TGACCAAGTCAATAGT-1	2	1.51493572369389	7.7310356074485
TGACCAAGTTAGGTTG-1	0	-5.5368906341476	3.20983733474342
TGACCTTGTCAAACTG-1	0	-5.06471455916591	-1.69700018824013
TGACCTTGTCGTAATG-1	1	3.79004942551426	-1.14474640921624
TGACCTTGTGGATTCA-1	0	-5.75978053435512	2.71732081710426
TGACCTTGTGTGAGGA-1	2	1.53748433962635	7.96250571548073
TGACTCCTCATCCACC-1	0	-1.43780387267299	-1.8511581844178
TGACTCCTCCATTACT-1	0	-2.16594160422512	-5.55312023819359
TGACTCCTCCTTAGGG-1	1	2.6048180975037	0.734689014545361
TGACTCCTCGAGGTGG-1	0	-4.04712451323696	-1.63320471108826
TGACTCCTCTAGCGAT-1	0	-5.42450822219081	2.94767607986061
TGACTTAAGGAAGCTA-1	0	-2.23301208838649	1.31492080031959
TGACTTAAGGCGCTTA-1	0	-4.8089648567123	-4.93929777801903
TGACTTAAGGCTAATC-1	0	-5.54216206893154	-3.53358445824059
TGACTTCGTCCTTTAA-1	2	-0.0706120215339235	7.90348758040992
TGACTTCGTCGTTACT-1	0	-2.20416963919826	1.17742456733314
TGAGAACCAACTAGGG-1	0	-1.75732243880458	-4.39302049339684
TGAGAACCAATGCCTA-1	0	-0.0567557297629885	-1.83195344866188
TGAGAACCACACCAAC-1	0	-1.68435681685634	-5.20843134582909
TGAGAACCATTGTGAT-1	0	-0.631676443664508	-3.25404844940575
TGAGCAAAGGATAAAC-1	0	-3.07056296691127	-2.50072441757592
TGAGCACGTCGCATAA-1	0	-3.12848461493679	0.00570692359534908
TGAGCACGTTAACGAT-1	0	-4.84302676543422	-3.84506807983788
TGAGCACGTTAGACCA-1	3	10.4226249374466	10.0344203883323
TGAGCCGGTTACATCC-1	2	2.43102895394139	7.29117144881813
TGAGCCGGTTTATCGC-1	0	-2.02186787947841	-2.31986818970116
TGAGCTTAGAAAGCAT-1	0	-4.21163428649135	0.856760161510388
TGAGCTTAGCGCATTG-1	2	3.90824925080113	6.47720422088234
TGAGCTTAGGAGTCTT-1	1	2.37572192326359	0.164479034534375
TGAGCTTAGGTAACGA-1	3	10.5847619690018	4.94532527267067
TGAGCTTAGGTTACAC-1	0	-4.58233893737026	-1.39672168851765
TGAGCTTAGTAGCTTA-1	1	2.7705131687241	0.5752921277198
TGAGCTTAGTCAGTAC-1	0	-5.20037520751186	-1.52855027974518
TGAGGAGGTCCTTTAA-1	0	-3.41325534209438	-0.772949648508151
TGAGGAGGTGAAACAA-1	3	8.87800823822789	4.23849286376564
TGAGGAGGTGTAACCA-1	3	10.2230771698075	10.0945438319358
TGAGGAGGTTAAGGTT-1	2	0.0656868733482786	8.06997432052223
TGAGGCACACAACAGG-1	3	10.5433391250687	9.62522162734596
TGAGGCACACCGGCTA-1	4	7.85717236176304	-13.0342384404031
TGAGGCACATCCCTCA-1	2	3.84879838600926	6.67336692153541
TGAGGGAGTAAGCACC-1	0	-3.03766120299526	-0.926490855821689
TGAGGGAGTTAACACG-1	0	-4.9314915023727	1.55455817519752
TGAGGGCCAAACATAG-1	4	7.34167229309849	-11.7379804676858
TGAGGGCCAAGCCAGA-1	0	-1.87185395583339	-5.24066887558373
TGAGGGCCACCAGGTT-1	0	-1.55076516493984	-0.252646369346698
TGAGGGCCACTTAACG-1	5	-0.533184178916889	4.30209054290382
TGAGGGCCATGCAACC-1	3	10.2712939895707	7.99817313491432
TGAGGTGCAACTGGGA-1	2	0.852284810693783	8.01799334823219
TGAGGTGCAATTATGC-1	5	-0.557723291961627	4.19800652801124
TGAGGTGCACATACTG-1	0	-3.5223175369186	0.264936822048108
TGAGGTGCACTGACTA-1	0	-2.78744567259975	-1.55442638457688
TGAGGTGCAGGCATCT-1	4	7.77376162186436	-11.6329256123391
TGAGTGAAGCATGACT-1	2	0.655303073303623	7.94419802962867
TGAGTGAAGCTATGAC-1	0	-4.92031253203579	-3.40058909119042
TGAGTGAAGGCTACAT-1	3	9.867935530098	5.37462367354957
TGAGTGAAGGTATTGC-1	1	3.27402841225438	-1.38821190358074
TGAGTGAAGTAGCCAT-1	3	10.4027389206009	6.92625655471412
TGAGTTTCAGAGGGAG-1	0	-3.52241290435024	1.487176793209
TGAGTTTCATAAACCT-1	0	-4.50103104933925	-0.589644235977252
TGATCAATCAGGATGA-1	1	2.52551077976994	-0.490137977012714
TGATCAATCCCGCAAA-1	0	-3.76737321242519	0.31770767509071
TGATCAATCTATGACA-1	3	10.2079528488236	6.26244201003639
TGATCACAGACAAAGT-1	3	10.6475423492508	5.48814620315162
TGATCACAGCACGATT-1	0	-2.79437101706691	1.26068105041114
TGATCACAGCCTAATA-1	2	0.597806192191166	7.84117259322731
TGATCACAGCTCCTAC-1	2	2.41037439480595	6.49944533645241
TGATCACAGCTTAGTA-1	0	8.17596708908848	-12.2162338322488
TGATCACAGGTAAGGC-1	2	3.72863303795628	5.98251237212745
TGATCAGGTAATAGCT-1	2	1.91185175553135	6.99558867751686
TGATCAGGTTAGCCAA-1	0	-2.21663487776943	1.07225169478981
TGATCAGGTTCGGGAT-1	1	2.32681082859806	-0.529765767463763
TGATCAGGTTTCCACG-1	0	-3.77074588164516	-3.26449881256493
TGATCCTGTAGCAGCT-1	0	-1.67094791754909	-4.08112536133202
TGATCCTGTCACCAAA-1	2	-0.960152991859394	-1.52653957665833
TGATCCTGTCATGAGC-1	0	-5.49880708083339	-1.27029151231917
TGATCCTGTGCTCACC-1	0	-4.19255126342006	-3.38895688713463
TGATCCTGTGTTTGCT-1	1	2.32574438229374	1.46845759688942
TGATCCTGTTTGTCTA-1	0	-3.12719310149379	0.348744767299573
TGATCCTGTTTGTTGC-1	0	-0.760641702262836	-3.82087813080223
TGATCGAGTAAAGCAA-1	3	10.4093593277054	5.98264731704323
TGATCGAGTGTCCTGC-1	2	1.25801782980732	8.2022155696067
TGATCGAGTTATCCTA-1	0	-2.6489888511581	-4.68165550888451
TGATCGAGTTTGTTGC-1	0	-4.68381369933315	1.15174140273658
TGATGAACAATGCCTA-1	3	10.3400739349442	6.27576722442238
TGATGAACACAATGTT-1	0	-3.60993064269252	2.67297305404274
TGATGAACACAATTAC-1	4	8.36192309037022	-13.0341211384621
TGATGAACACCTGCCT-1	0	-2.29489553794094	2.00554098426429
TGATGAACACTGGCCA-1	1	3.10942613259129	-0.319318217643817
TGATGAACAGGCTTGT-1	3	10.0478938736039	9.71108092605201
TGATGAACAGTAAAGC-1	3	10.0369256652909	10.0123294764671
TGATGACTCAAGTGTC-1	0	-6.09090054854579	-1.80092470110329
TGATGACTCAGGTCCA-1	0	-4.77752126082607	-4.90856776894005
TGATGACTCCAATTAG-1	0	-0.782299169151264	-2.87091468037041
TGATGACTCGGCCAGT-1	0	-5.83033955916591	-2.21058772266777
TGATGACTCTCACACC-1	1	2.77322303429417	0.598109024158398
TGATGATGTCACCTAT-1	4	7.40224396363072	-13.0053011006203
TGATGATGTCCTTAGT-1	0	-5.71962893828579	2.48700751601783
TGATGATGTTTCGCCA-1	3	9.94523369446568	10.0632051402244
TGATTAGTCGACAAAG-1	0	-5.321282514183	-1.10951439798745
TGATTAGTCTTGAGGT-1	1	3.15769564286046	0.0734667950781982
TGATTCAAGCTTATGA-1	2	1.7840549863892	7.48975409804908
TGATTCAAGGAACCGG-1	0	-2.62380183562465	-2.53657005489739
TGATTCAAGGCTACTG-1	4	7.27118097916417	-11.9151350087014
TGATTCAAGGGTTAGA-1	0	-3.74231923445888	-3.28636751831444
TGATTCAAGGTTACAC-1	0	-2.45992959365078	-4.17269359291466
TGATTCAAGGTTTGAC-1	0	-2.55636204108425	-1.5610202080098
TGATTGCAGGGCTAAA-1	3	10.1944593109208	8.11674441634742
TGATTGCAGTTAACCA-1	3	9.75944553986363	9.96598471938698
TGCAAGCGTAACGTGC-1	0	-4.74898446425624	-1.3627790188876
TGCAAGCGTATACTGG-1	0	-1.01693940982051	-1.77904771030815
TGCAAGCGTCATGCCC-1	0	-4.43907416686245	-2.05684195221337
TGCAAGCGTGCATCGG-1	0	-4.49805367812343	-3.67158756912621
TGCAAGCGTTAACACG-1	0	-1.81749022826381	-3.16551135242852
TGCAAGCGTTTGCAGA-1	0	-4.80967868193813	-1.20044765663268
TGCAATATCACGCGGT-1	0	-1.66642797812648	-4.43040261925133
TGCAATATCAGCATTA-1	2	0.715243767203612	8.16936721145241
TGCAATATCATGGCCA-1	1	2.25622951165013	-0.620628816494067
TGCAATATCATGTTTC-1	0	-0.578834899513202	-3.21161781013878
TGCAATATCATTAGGC-1	4	8.14315401688389	-11.152914626011
TGCAATATCCAGCACA-1	0	-4.61968768462368	2.44329180060951
TGCAATATCCGGTTGA-1	0	-4.567123063652	-4.65697394073876
TGCAATATCCTAGTAA-1	0	-1.62714660987087	-2.82180963219078
TGCAATATCCTGGTCT-1	0	-2.39443672522731	-1.21537688882025
TGCAATATCGCTAAAC-1	0	-4.23942960128017	-1.37638091803463
TGCAATATCGCTAGTG-1	3	9.67088162079625	5.65803040801613
TGCACACCAGCAACCT-1	0	-1.79127562865444	-4.39754901588829
TGCACACCAGCTACGT-1	0	-0.674848207084613	-3.54897056282433
TGCACACCAGGTTCAC-1	3	10.1694749511795	5.45670499145118
TGCACCTTCAATACGC-1	0	-4.00469411238857	-4.11007342995079
TGCACCTTCCGCAAAT-1	0	-2.34731019362636	-2.47540341080101
TGCACCTTCTAACCTT-1	5	-0.507925518600421	4.52738608657448
TGCACCTTCTTTAAGG-1	0	-1.7378388725204	-2.11594842136772
TGCACTTGTAAGCTCA-1	0	-5.79421628340908	-3.03788374126824
TGCACTTGTAATAGCT-1	0	-4.66851342543788	-1.16710625165077
TGCACTTGTAGGATTT-1	0	-4.97740376815029	-1.33803528309735
TGCACTTGTTAAGTGT-1	0	-1.01761437281795	-1.9699537581292
TGCAGGCTCGCTTGCT-1	2	1.18849717751316	8.22039164840309
TGCATCCTCGCGCTAA-1	5	-0.702409156410175	3.69181193648903
TGCATGAGTACTTCAC-1	0	-4.85566247328945	2.14461864768593
TGCATGAGTTCATCTA-1	0	-2.10729683264919	-4.49522171677025
TGCATTAAGCTCATAA-1	1	3.52308022156529	0.962703126064221
TGCATTAAGTAACCCG-1	0	-5.47330010756679	-2.49785564602288
TGCCGGTAGCATTTCT-1	0	-4.69548571929164	-1.92114291847618
TGCCGGTAGCTTCTCA-1	2	1.91545938626103	7.2072786265525
TGCCGGTAGGACCAGG-1	0	-4.63990271910854	-3.74340234459313
TGCCTGTTCATCACTT-1	0	-2.56481350287624	-4.76804409683617
TGCCTGTTCCATAATG-1	3	9.65059029236607	5.58494843780128
TGCCTGTTCCTCCTAA-1	0	-0.224748023597675	1.0411888533744
TGCCTGTTCCTTCTAG-1	0	-3.70960105284877	-3.87318669021996
TGCCTGTTCGGGACCT-1	0	-1.90456140860744	-4.7673500603524
TGCGATTAGGAACACA-1	0	-2.10538256987758	-5.67728911102684
TGCGATTAGGCCCAGT-1	0	-2.6512488208694	-1.86384634436043
TGCGCGAGTACTGAAT-1	0	-4.90338099822231	-0.543926221736987
TGCGCGAGTAGGTTAT-1	0	-4.61511576995082	1.24140633880226
TGCGCGAGTCACTCGC-1	1	2.58784543648533	0.360129016033093
TGCGGTTCAACTAGCC-1	0	-1.71238959654995	-4.72079859436425
TGCGGTTCAACTGGGA-1	2	2.61011730805211	7.51438369094459
TGCGGTTCACTGGCTG-1	0	-4.84000361785121	-4.06514177978905
TGCGGTTCACTTAGGC-1	5	-0.561540254203754	4.2371710711631
TGCGGTTCATGTCGCG-1	0	-4.59729064330288	-0.551773173221668
TGCTAACAGCGGATTT-1	0	-2.13379991873928	-5.70881758392723
TGCTAACAGGACCTCA-1	2	-0.094146796314197	8.15433062850563
TGCTAACAGTGAACCT-1	0	-4.92958653792568	-2.36949263275536
TGCTAGCCAATAAGCA-1	0	-2.06950915679164	-3.90756092728051
TGCTAGCCAATTGCGC-1	0	-1.14086008891292	-1.30638812244805
TGCTAGCCATGGCCTG-1	0	-4.45433295592495	-4.02759013832482
TGCTAGCCATTGACAT-1	0	-3.21083153113552	-3.42039929092797
TGCTATGCACAAAGAC-1	0	-3.74864304885097	2.58071770011512
TGCTATGCATAATCGT-1	2	0.661675189809723	8.47926463424293
TGCTCAACAATACTGT-1	0	-1.2613300167007	0.42569221793739
TGCTCAACACACTAAT-1	0	-4.89824260100551	-1.08234583348902
TGCTCAACAGAAATGC-1	2	1.89090310707859	7.85350455581276
TGCTCAACAGCAACAG-1	0	-6.074691423027	-1.9172319001046
TGCTCAACAGGCGATA-1	0	-4.9076033912582	-1.1493054977146
TGCTCACTCATAACTG-1	2	2.30164848938755	7.53489245711891
TGCTCACTCGATTTAG-1	0	-4.99724734648891	-2.60648952186974
TGCTCACTCGGTAACT-1	1	2.25673627034001	2.07471885024635
TGCTCACTCTACTAAG-1	0	-3.60165513381191	-1.91882471502693
TGCTCACTCTATTGTC-1	0	-2.72386730536647	-2.58464692295464
TGCTCACTCTTGATGA-1	4	7.62084137574009	-13.1664377278176
TGCTCCGTCATGTTTC-1	5	-0.434585341064411	4.08092154800026
TGCTCCGTCCCTTGCG-1	2	1.0009671367722	8.10783042251198
TGCTCCGTCTCACATT-1	0	-5.37427914962001	-3.40248094261559
TGCTCTCAGACAGGTA-1	0	-3.42563689574428	0.0993350917014282
TGCTCTCAGGAGCACG-1	0	-3.93697036132045	-1.69846002519997
TGCTCTCAGGCGCTAC-1	3	9.58252464905552	9.63500632583229
TGCTCTCAGGTTACAC-1	0	-5.4173256240768	-1.72393004358681
TGCTCTCAGTAGCCAT-1	0	-0.734164365379291	-2.89816795051964
TGCTCTCAGTTTGGGT-1	0	-3.8993665061874	2.62188948928444
TGCTGGATCCACCTTA-1	3	10.0108894027787	8.80704821883766
TGCTTAAAGATAGACG-1	2	2.86012684479527	7.67034854232399
TGCTTAAAGCTAAGTC-1	4	8.33141504898838	-11.695711714634
TGCTTAAAGTAGCCAT-1	3	10.2734035171586	6.70666207610695
TGCTTAAAGTGAGCAA-1	2	1.9223424114304	7.43517150222389
TGCTTCATCGATTTAG-1	5	-0.352327593414264	4.68327035247413
TGCTTCCAGCGAGGTG-1	0	-4.42812884673305	2.07310880958168
TGCTTCCAGCTGTCAG-1	2	2.64042090550236	7.41531409560768
TGCTTGCTCATCCTCA-1	0	-0.967249401657062	3.03671922027198
TGCTTGCTCATGCTAA-1	0	-1.08619833811946	-4.26226912201317
TGCTTGCTCATGCTTT-1	0	-3.17812741622158	0.264125602832715
TGCTTGCTCTCAATTC-1	1	3.05931769982151	-0.0971964424935181
TGCTTGTGTCCTCCAA-1	0	-0.633213289825397	-3.33335409820946
TGCTTGTGTTCGCGCT-1	3	10.2200912155228	6.87352504073707
TGCTTGTGTTGCATCT-1	0	-4.75216925963588	-4.88859472931298
TGCTTTAGTGGACCTG-1	4	7.4618886627274	-13.0612236088601
TGCTTTAGTGGATGTC-1	4	8.12981259003453	-11.3610588139382
TGCTTTAGTTATTGCC-1	3	10.0756925262528	6.7387899333152
TGGAACAAGCATGTTA-1	1	3.30351244583897	-0.935392034658511
TGGAACAAGCGATACT-1	4	7.88422047272496	-11.5630060261575
TGGAACAAGCTACTGG-1	0	-0.733564027397113	-3.42119084061058
TGGAACAAGGCTGTGC-1	1	3.63736020699315	-0.0607132738915284
TGGACAAAGGAGTAAT-1	0	-5.26821149214931	-0.44658116758736
TGGACAAAGTATTGGC-1	0	-1.40335167273708	-4.40345583618553
TGGACCGGTACCGAAC-1	0	-3.90984595641323	2.75726427375404
TGGACCGGTGCCTCAC-1	0	-2.32411564215847	-3.56098614395531
TGGACCGGTGTTTGCT-1	0	-2.54289568289943	1.38152279197303
TGGACCGGTTACCGGG-1	2	3.66126047745518	6.83090342818825
TGGACGGAGAAGGTGC-1	2	3.4371505893784	8.08384455978004
TGGACGGAGGAAGCTA-1	2	1.92844759598546	7.28089656173317
TGGACGGAGTTATCTC-1	2	2.6603019155579	7.42092170058815
TGGACTAGTAAGCTTG-1	0	-3.27914274558254	1.35811390220253
TGGACTAGTAATTAGC-1	0	-2.68295300826259	-1.73614488304528
TGGACTAGTAGGTGTC-1	0	-2.594799884407	0.208612578502576
TGGACTAGTAGGTTGC-1	0	-4.11090339049526	-2.67946098507317
TGGACTAGTATTGAGT-1	0	-5.04294694289394	-0.888859850772937
TGGACTAGTCAGGCAT-1	0	-0.576638587562519	-3.0315478867379
TGGACTAGTGCATCGG-1	0	-4.73936999663539	-3.36858044327172
TGGACTAGTTCACCCA-1	4	7.87373196259312	-13.1129022663918
TGGATTCAGCTTTGTT-1	1	1.90345667973332	1.97873296081154
TGGATTCAGTAAACCC-1	0	-3.11543143614955	1.52639021216957
TGGATTGGTAACGAGG-1	0	-5.01791823729702	-0.0946881598320801
TGGCCAATCATGAAGG-1	3	10.6443837799149	5.15829982101051
TGGCCAATCCATAAGC-1	0	-2.7519100986404	0.566084282985608
TGGCCAATCCTCACTA-1	0	-4.73714936598964	-1.09115834296616
TGGCCATCACTAAATC-1	0	-1.92395437583156	-2.23666403950127
TGGCCATCAGTAAAGC-1	0	-1.09420050009914	-4.19783769310387
TGGCCTGCAGTACCGT-1	1	3.32009946480565	0.602417128673474
TGGCCTGCATTCCTGT-1	0	-4.89423430785366	-0.741671276697238
TGGCCTTTCAAATCGC-1	0	-2.09642160758205	-4.64840517700585
TGGCCTTTCATTCATC-1	1	3.14679466858677	-0.614374262699207
TGGCCTTTCCAGGAAA-1	3	9.68615948334507	5.30920686065284
TGGCTAAGTAAAGCAA-1	0	-4.38145030364223	-1.30267423898848
TGGCTAAGTCATGCCC-1	0	-3.7208505950851	-0.185808760532459
TGGCTATAGCACAGCC-1	2	2.72597991600804	7.51614131270973
TGGCTATAGGCGAAAC-1	0	-1.57186711653896	-3.51049409569176
TGGCTATAGGGCTTTG-1	1	3.53983103409581	-1.15785627574595
TGGCTATAGGTCTTGG-1	2	2.32214903012089	7.31905021010963
TGGCTATAGTCACTAA-1	1	3.43557321205906	0.414288061252515
TGGCTTTGTCACCTAT-1	3	10.4006742157059	4.92237939178077
TGGCTTTGTGCTTAGA-1	3	10.0451224960404	10.1264280253562
TGGCTTTGTGGCTTCC-1	0	-0.179023989288288	1.39893760024635
TGGCTTTGTTCACTGT-1	2	0.11073445454411	8.14019145309059
TGGCTTTGTTGCGCGA-1	1	2.68983255997471	-0.315582198509296
TGGGCATGTAATAACC-1	0	-5.21719086989589	-2.06669173897179
TGGGCATGTGTAACCA-1	3	10.6297143615799	5.11428775130836
TGGGCATGTTCGGGAT-1	1	2.23756634369664	0.494190710178296
TGGGCCTAGAAAGCAT-1	1	2.58077644482426	-0.45561687410744
TGGGCCTAGCTATTAG-1	3	10.0270332016068	5.19190444289772
TGGGCCTAGCTTACTT-1	1	2.47016166821293	-0.549398941406329
TGGTCAAGTAGCTAAT-1	0	-5.45256245955654	3.0660661631736
TGGTCAAGTCCGTGAG-1	1	2.51572667733006	0.751015799632947
TGGTCAAGTTTGGTTC-1	0	-3.05082071646877	1.50111855804054
TGGTCAGTCAATTGGC-1	0	-2.5043674789352	1.25980629264442
TGGTCAGTCCTAATGA-1	0	-1.84718860015102	-0.0383300608483155
TGGTCATAGACACTTA-1	0	-2.65987194403835	0.743774431339185
TGGTCATAGTAACGGA-1	4	8.14944588318638	-11.1978174275246
TGGTCATAGTGAACCT-1	0	-1.63056457862087	-0.32375435293587
TGGTCCTTCACGCATG-1	0	-1.50958288535305	-1.80998997152718
TGGTCCTTCAGTTCCC-1	2	1.41841136589817	7.85491599380104
TGGTCCTTCCTTGAGG-1	4	8.57983099594883	-10.2896486348
TGGTCCTTCGAGCTAT-1	0	-1.30707455500789	-1.74047039211663
TGGTGATTCAAACCGT-1	0	-2.00343955382534	-5.38271389664086
TGGTGATTCACGCGGT-1	0	-5.03214801177211	-1.59210712970169
TGGTGATTCATAACTG-1	3	9.92172085419468	5.50893391906349
TGGTGATTCATAAGCC-1	0	-4.81556857451625	-1.39452576399716
TGGTGATTCCACAATA-1	2	2.27820049897007	7.42381419478981
TGGTGATTCCTGAATA-1	3	10.2673944152909	7.70799102126686
TGGTGCATCAAACACC-1	0	-3.30074728354641	-0.623568159946521
TGGTGCATCACACAGT-1	0	-2.65525806769558	-4.51900921524437
TGGTGCATCACTAAGC-1	3	9.79847275391392	6.08576478301613
TGGTGCATCAGGAAGC-1	0	-4.80947793349453	-4.02901206673058
TGGTGCATCCAGCACA-1	1	2.69833814278416	-0.476537925609668
TGGTGCATCCCATAAA-1	3	10.5473931945877	5.98427094756691
TGGTGCATCGCTATAA-1	0	-4.50684226378627	-2.46407817066582
TGGTGCATCTATGACA-1	1	3.17565619126133	-1.03667142749699
TGGTGCATCTTGAGCG-1	0	-4.54304755553432	-0.751472634681781
TGGTTAATCATAACCA-1	0	-5.74387849196621	-2.81644330681237
TGGTTAATCATGTCAA-1	1	2.84715878144078	-0.0757641619530518
TGGTTAATCCATAAGC-1	0	-5.13361895903774	-0.756167424329837
TGGTTAATCCTCGATC-1	0	-5.55092061385341	-1.68139315904053
TGGTTAATCGCCTGTT-1	0	-1.30821693762966	-3.87608276070031
TGGTTCCTCAGCCAAT-1	2	0.233951918037457	7.93609179793922
TGGTTCCTCTAGCGAT-1	1	2.64916919842534	0.948501246562878
TGGTTCTGTAGTTACG-1	0	-4.13231528624721	-1.47424112022789
TGGTTGAGTCATTAGG-1	0	-4.43424714430996	-3.72950564087303
TGGTTGAGTCATTGAG-1	3	10.4596370376664	9.31681575118629
TGGTTGAGTCGTTATC-1	0	-1.44426525458522	-3.31494484604271
TGGTTGAGTTCGGGAT-1	0	9.66439377442173	5.73297633468239
TGGTTGAGTTGTAACG-1	4	8.6328886665421	-10.2854496067849
TGTAAAGCACAATGTT-1	0	-5.1079527221603	2.55313433944313
TGTAACTCAAACTGCC-1	0	-0.646543987838703	-2.88160751522454
TGTAACTCACCTACTT-1	0	-3.64511502608486	-3.61112318695458
TGTAAGCTCAATACGC-1	0	-4.47236169203945	-1.90354893864067
TGTAAGCTCATAGACC-1	1	1.78908931389622	2.04257668792335
TGTAAGCTCCTGGTGA-1	3	9.0100310958939	9.2854265147361
TGTAAGCTCCTTCGTA-1	0	-4.47729600295253	1.48301591216652
TGTAAGCTCGATCAGT-1	0	-5.10415280684658	2.2976597720298
TGTAAGCTCGTTTCGC-1	0	-3.66672194823452	0.227064507594983
TGTAAGCTCTAAGTGC-1	0	-5.82370246276088	-2.18774281204613
TGTAAGCTCTTGCAGG-1	4	8.61102282181553	-10.2579732960549
TGTAAGTGTCAGGCAT-1	1	3.07981239929966	-1.23360884324582
TGTAAGTGTCAGTAAT-1	4	8.04087006226353	-13.258365256199
TGTAAGTGTCATGCCC-1	2	0.769614077361149	7.14691676436989
TGTAAGTGTTCACCCA-1	0	-1.34261525496669	-3.01454041660698
TGTAAGTGTTGTTGTC-1	0	-2.77504957541652	-0.280089063057025
TGTAATGTCAATAGCC-1	4	8.35811936035923	-11.8742691105691
TGTAATGTCCCATAGG-1	0	-2.20742023810573	-4.29956517876061
TGTAATGTCGCTAAAC-1	0	-5.47520030364223	-1.33198310197266
TGTAATGTCGGGACCT-1	0	-5.78662169799038	-2.84795425594719
TGTATCCGTCAAGTAT-1	0	-4.51371920928188	-2.68521521747979
TGTATCCGTCCCGGAA-1	2	3.95391403809361	6.1547473841819
TGTATCCGTCTAGCTT-1	0	-2.38503993376918	-0.203538877376636
TGTATCCGTGTTGTAG-1	0	-1.75202525481411	-4.22859154404076
TGTATCCGTTCATTTG-1	0	-3.22019208296962	1.35735835372535
TGTATCCGTTCGCTTG-1	0	-2.51812232360073	-4.08957491577538
TGTATCGCAGCAAGTG-1	4	8.36675011292271	-13.0440698689309
TGTCAATCAGGATTAA-1	0	-3.60521710738369	-3.55678616226586
TGTCAATCATCATGTG-1	2	0.618551708014531	7.22579993545143
TGTCAATCATTAGGCC-1	0	-3.7642699561996	2.30273141204445
TGTCAGTAGGCGAAAC-1	2	0.349347881229443	8.27390708266823
TGTCAGTAGGCTACTG-1	0	-1.95489538535305	-5.28367386520775
TGTCAGTAGTCATTTC-1	0	-1.53693736418911	-3.77567682922753
TGTCATAAGCTTAACA-1	3	10.3805020965653	6.97340525924293
TGTCATAAGGTAGCTT-1	0	-2.02312029227443	-0.576963168987354
TGTCCTGGTAGCAGCT-1	1	2.97218333855442	0.406867998233716
TGTCCTGGTTGTTGCT-1	3	10.5479272522049	5.90947093307106
TGTCCTTCAACTGGCT-1	0	-3.88158954009243	-1.21667877719673
TGTCCTTCACATTAAC-1	0	-4.08487094268032	0.552361147991101
TGTCCTTCAGGCCATT-1	2	2.14676057472996	7.66708792983619
TGTCCTTCAGTACCGT-1	0	-1.77752483710475	-4.02304254234703
TGTCCTTCATGCTTAG-1	0	-2.12431944235988	-2.80066488445671
TGTCCTTCATGGAGGC-1	1	2.56200598851017	-0.888979894527515
TGTGAAACAGCCTAAC-1	0	-0.915086515991168	3.16035498916237
TGTGATCAGACTAAGG-1	0	-2.91249860152431	-1.73370747030648
TGTGATCAGAGAGCCG-1	0	-5.61307204589077	-2.60049544037255
TGTGATCAGCATGAAG-1	0	-5.11641848906704	-0.0592602318611939
TGTGATCAGCTCATAA-1	0	-5.26182330474086	-0.738736403593143
TGTGATCAGGACACTT-1	0	-1.43027294501491	-3.38224325836571
TGTGCAAGTAACGTGC-1	0	-4.3985792480392	-1.41474161804589
TGTGCAAGTGCAATAT-1	0	-3.8746477447433	-2.00465373457344
TGTGCAAGTTATAGCG-1	1	3.6238223232346	-1.39978286386402
TGTGCAAGTTCCTCCT-1	2	-0.163799294082599	8.00475920974342
TGTGCAAGTTGAGCCG-1	2	3.68011581078343	8.42197074233619
TGTGCAAGTTTCCTCC-1	0	-2.55862058028408	-4.83430038154991
TGTGCACCAACTAGGG-1	4	8.19353663101963	-10.9663368290749
TGTGCACCAATATAGG-1	0	-1.94003475531765	-0.584097070106586
TGTGCACCAATGCCCG-1	0	-5.05812085494228	-2.46467338264855
TGTGCACCACAAAGGT-1	0	-5.00350964888759	-0.471361381420215
TGTGCACCATTTAAGC-1	0	-4.72621644362636	-2.31895349682244
TGTGCGCAGACACTTA-1	4	7.67965780869297	-11.5808502262917
TGTGCGCAGGATCCGC-1	0	-2.04109323844142	-5.72005091370018
TGTGCGCAGGCTAAGA-1	0	-4.14079964980312	-0.93959894538792
TGTGCGCAGGTCCTAG-1	1	3.18698417321019	-0.29680876196297
TGTGCGGGTCCTTCTC-1	0	-5.43708575591274	2.36243428527443
TGTGCGGGTTACATCC-1	0	-0.76457882746883	-2.87435017288597
TGTGCTGAGACTTATG-1	0	-5.48205006941982	2.49660672484962
TGTGCTGAGTATTGCA-1	0	-0.510170229522663	0.811525362125317
TGTGCTGAGTTAGCCG-1	2	2.28662084713749	7.44453563033668
TGTGGAGCATGTCAGC-1	3	10.5339502014237	6.29709662734596
TGTGGCCAGCTTTGGG-1	0	-1.85141480788417	-1.85521213472756
TGTGGCGGTGGATTCA-1	0	-1.8383416019363	-2.1195754832116
TGTGGCGGTGTTCCCA-1	0	-3.42826331481166	0.37451280891029
TGTGGCGGTTAAGTGT-1	0	-3.59823478087612	2.67093672095863
TGTGGCGGTTGTAAAC-1	3	10.5624307312088	5.79520215331642
TGTGGCTCACTGGCCA-1	0	-2.82442534789272	-2.65739188850792
TGTGGCTCAGCTAATT-1	0	-3.38726867064663	-2.13077209652336
TGTGTGAGTGATTTGG-1	2	3.49716912880711	6.12365569411842
TGTGTGAGTTATTGCC-1	0	-2.33699787482448	1.88290871917335
TGTGTTAAGACAAACG-1	0	-1.50753725394435	-4.22095857323082
TGTGTTAAGAGAAGGG-1	1	2.7666593708115	-0.122846466907581
TGTGTTAAGCTTTGGG-1	4	6.91051470413975	-11.5871177738992
TGTGTTAAGGGACGCA-1	0	-1.85203302725978	-4.57650147140892
TGTTACTTCATGTGGT-1	0	-3.58392442092128	1.45373715697853
TGTTACTTCCCGCATT-1	0	-3.28752458914943	-2.38370166481407
TGTTACTTCTCATCAT-1	3	9.97516476288609	9.8863204890403
TGTTACTTCTGCAAAC-1	0	-3.60062659606166	0.272532837978284
TGTTAGCAGGCGGATG-1	2	3.88058721199803	6.13612498580543
TGTTAGCAGTAGAGGC-1	1	2.89339839592747	-1.29360892386111
TGTTATGAGAGGGACT-1	0	-3.34458697661586	2.65983356772987
TGTTATGAGCAAACCT-1	1	3.34952389374546	0.693823831668774
TGTTATGAGCATGTTA-1	0	-3.38176358565517	-2.56351528824242
TGTTATGAGCCAGGTC-1	3	10.3101428665238	5.41937674819557
TGTTATGAGGAGGTTA-1	0	-4.18582309111782	-2.68402050197991
TGTTATGAGGGCTTAT-1	0	-5.04478181227871	-3.76309071243676
TGTTATGAGTTAGGCT-1	0	-3.14870441779323	-0.32163421572121
TGTTCATTCACTTTAC-1	1	3.75660025254063	-0.595014256843646
TGTTCATTCATGAGCT-1	0	-2.61566556319423	-0.0158952301827271
TGTTCATTCATGGCCA-1	0	-3.22132814749904	-4.03456292808922
TGTTCATTCCGTTAAA-1	0	-4.62206233367153	-2.48754702270897
TGTTCATTCCTAAGTA-1	0	-0.427923091499286	1.40070118247596
TGTTCATTCCTAGTTT-1	2	2.53797768727116	7.48262538253395
TGTTCATTCTAAGGTC-1	0	-2.13494981154628	-3.29210220039757
TGTTCCTCAAAGGTAC-1	3	10.5376409210282	7.82176627456276
TGTTCCTCAATATAGG-1	3	9.94742333069615	10.0868610316428
TGTTCCTCACTTCACT-1	0	-3.62680114134975	-3.59301076591881
TGTTCCTCATGTGGGA-1	2	3.01245676651768	6.18114747344581
TGTTGCACATGAATAG-1	0	-3.88469041213222	-1.10372078926237
TGTTGGCCACTTACAG-1	0	-1.92691529616542	-4.67934928596886
TGTTGGCCATGACTAT-1	0	-1.62757647856899	-0.269755167373737
TGTTGGCCATTGTCCT-1	4	8.09788834229283	-11.23012028397
TGTTGTAAGCTCCCTG-1	0	-5.0017606101913	2.33104576407997
TGTTGTAAGGAGTCTT-1	3	10.3410581268387	6.57997025786964
TGTTGTAAGGCCAATT-1	0	-2.6576865993423	-4.92172847450646
TGTTGTAAGGCTGTCA-1	4	8.46762406006627	-12.7487884587136
TGTTGTGCAAACTGCC-1	0	-1.60780943259426	-1.47109226644905
TGTTGTGCAAGTGTCC-1	0	-4.41649878844448	-1.67693234742554
TGTTGTGCACACAATT-1	3	9.9252446807938	10.0921214991721
TGTTGTGCAGACAAAC-1	0	-5.30104697570034	-2.28111944855126
TGTTGTGCAGTAGCCT-1	3	10.3749059356766	9.01671542464821
TGTTGTGCATTATGGT-1	3	10.4766267456131	7.7152999812278
TGTTGTTTCAAGACTC-1	0	1.75017439499669	-0.24470983208092
TGTTGTTTCCGGTTAG-1	0	-3.76914752349086	-0.985600141295512
TGTTGTTTCGTAACGT-1	4	8.40065371170811	-11.8957973545876
TGTTTGTTCATTATGG-1	0	-2.23761595114894	1.28676428138344
TGTTTGTTCGGTTTCC-1	2	3.7149621166306	6.42860211669533
TGTTTGTTCTTAAGTG-1	0	-2.84584225043483	-3.99477134407433
TTAAAGGCAATTAGGA-1	1	2.79230224266819	-0.681969327339252
TTAAAGGCATAGCGAG-1	0	-5.39268935546108	-1.1128970956889
TTAAAGGCATCTAGCA-1	0	-4.53521073683925	0.776863234630505
TTAACCAAGGAAGCTA-1	1	3.72528850212864	0.0725611621054809
TTAACCAAGTATTGTG-1	0	-4.41768420561977	-1.63549829781922
TTAACCAAGTTATTCC-1	0	-5.2384172759933	-2.78136060894402
TTAACTGAGCTTCCCG-1	0	-1.24112535342403	-1.69782791794213
TTAACTGAGCTTTGTT-1	4	8.28567492142491	-12.3956409519997
TTAACTGAGGCAACAA-1	0	-4.25724614485927	-3.76822505653771
TTAACTGAGGTAAGGC-1	0	-2.20301712378688	-3.47104654968651
TTAACTGAGTCAATTG-1	0	-2.14944780692287	-1.86514721573265
TTAAGCCAGAAGGTGC-1	0	-1.98964632376857	-5.3452960079995
TTAAGCCAGCATGAAG-1	4	8.35864817276768	-13.055987936863
TTAAGCCAGCCGCTAA-1	0	-4.96701110228725	3.07884492217628
TTAAGCCAGGTCCTGA-1	0	-4.1608616195602	-1.74071953953179
TTAAGGACACCAACCG-1	3	9.92948662415318	9.2343257838401
TTAAGGTGTCTATCGT-1	0	-4.46492970809169	-1.6538343852845
TTAAGGTGTGCTCCGT-1	3	10.2801393188553	5.13542212783424
TTAAGGTGTTCGGTAA-1	1	3.18489300385289	-0.672528905281146
TTAAGGTGTTGCGGAT-1	1	2.72982441559605	1.12916197120277
TTAAGTGTCTAAGGTC-1	0	-5.98369181975551	-1.94228486479195
TTAAGTGTCTCCATGC-1	0	-5.1320358596725	3.06486262618629
TTAAGTGTCTTAATGG-1	0	-0.895297297088581	-3.19099245727928
TTAATCGAGGCATTGT-1	0	-0.796643622962909	-1.81251422823342
TTAATCGAGGCGCTAC-1	0	-4.56272185668178	-1.45921964705857
TTAATCGAGGTGAAAT-1	1	2.79606663361363	0.948850529781262
TTAATCGAGTTCCTCA-1	4	7.86298643723301	-13.1831413334695
TTACACCGTAGGTGTC-1	4	8.09717594757847	-12.7291360920754
TTACACCGTTAGTTGG-1	1	3.952164045723	-0.280640406021198
TTACACCGTTGGATCA-1	0	-5.08349812850185	-2.90826414287957
TTACACCGTTGTGATG-1	0	-2.7118595920486	-3.09981165588768
TTACACCGTTTATCTG-1	0	-2.86482275351711	-2.26167081058892
TTACAGCAGGGTGAGT-1	1	2.06737302914433	1.6741713458213
TTACCGTGTAAAGCGG-1	0	-4.82483733519741	-0.514826399692615
TTACCGTGTAAGGTTT-1	0	-3.64820636138149	-1.73482094467552
TTACCGTGTCACGGAT-1	0	-1.31852210387416	-1.01138545335205
TTACCGTGTGGTTCCC-1	0	-4.46794856414028	-0.916922760614475
TTACCGTGTTAAGGTT-1	0	-0.914693482963519	-3.45196877182396
TTACCGTGTTGGATAT-1	2	1.49421244040303	7.29819335280983
TTACCGTGTTGGATCA-1	3	9.98798500672154	10.0455621653709
TTACCTGTCAGTGAAG-1	0	-3.33415091857143	0.315649169078748
TTACCTGTCATTACGA-1	0	-5.30979741439052	-2.77456269920739
TTACCTGTCCTTGTTG-1	1	2.9820450462418	-1.16877309740456
TTACCTGTCGGGATTT-1	5	-0.259647914020496	4.02224053680031
TTACCTGTCGTTTCGC-1	3	10.4714521087723	5.50422467528908
TTACGTTTCACCATTT-1	0	-2.28948415145107	0.276071565738599
TTACGTTTCCGTTAAA-1	3	10.6830905593949	9.54544009505836
TTACGTTTCCTAAGTA-1	0	-1.89145434722133	-0.168712121852954
TTACGTTTCCTGAGTG-1	1	2.8988033451157	1.18730606376259
TTACGTTTCTTAGTGA-1	0	-2.94766844138332	-2.6770911043969
TTAGAAGCAATTGACT-1	0	-1.64516628607936	-3.98260675133141
TTAGAAGCAGGTTACC-1	0	-3.52478564604946	-4.63650165260704
TTAGAAGCATCAATCG-1	0	-4.00696719512172	-3.40185127914818
TTAGACTCAATTAGGA-1	1	2.90778767243199	0.309126513591687
TTAGACTCACCAGGTT-1	3	10.258656851204	8.89850367843239
TTAGACTCACGGTTTA-1	0	-5.02016461714931	-2.31631408394249
TTAGACTCAGCTAATT-1	2	2.31863271370701	6.57677449523536
TTAGACTCATCTAGCA-1	3	10.1821063675003	9.86797847091285
TTAGACTCATTATGCG-1	0	-3.65137017592617	1.95196880637733
TTAGCAATCATGTGGT-1	1	3.27918445244603	-0.683027667411884
TTAGCAATCCGGGACT-1	0	-2.79297316893764	-4.07114968956383
TTAGCAATCGGGACTC-1	0	-5.24384177550502	-1.23771518231304
TTAGCAATCGTTTCTG-1	0	-4.29575789794155	-2.41027234257134
TTAGCAGGTACCCACC-1	2	3.91941796913914	6.62198771773903
TTAGCAGGTCACAGAC-1	2	1.66476976052098	7.20993937789528
TTAGCAGGTCATGCCC-1	0	-4.03719056472011	-0.819830549367984
TTAGCAGGTCCCGAAG-1	0	-3.11117637976833	-1.40431591630848
TTAGCAGGTCTCAGCC-1	0	-3.76767648085781	1.9326113635215
TTAGCAGGTTGCTGGG-1	0	-1.74348295554348	-0.316303772338947
TTAGCAGGTTGTGACA-1	0	-5.88962949141689	-2.50047527016075
TTAGCCTGTAGTAAGA-1	1	2.50035344734959	-0.833775294431766
TTAGCCTGTCATAACG-1	0	-2.68932021483608	-1.46178941191109
TTAGCCTGTTTATTCG-1	0	-2.81263078078456	-2.31321702659996
TTAGCGGTCCTTGTTG-1	2	3.5194259800034	6.96034659682838
TTAGCGGTCTCGACCT-1	0	-3.17975223883815	1.02532448112098
TTAGCGGTCTTGAGGT-1	0	-2.04694093093105	0.851947682491223
TTAGCGGTCTTGCAGG-1	0	-3.68612302169033	-1.70338479936989
TTAGCTGCATAGACTT-1	3	10.1692451156693	7.51941146194069
TTAGCTGCATCCCGCT-1	2	1.69533585682682	6.85078372298805
TTAGCTGCATTTGCTC-1	0	-5.79836285933681	-2.89462230862053
TTAGGAACATACTCCT-1	1	3.51892506256871	0.518038170925061
TTAGGAACATCGCTTT-1	0	-2.41056192740627	0.438532727352063
TTAGGATGTAAGCTCA-1	0	-5.09963191374965	-0.804517371067127
TTAGGATGTACCCACC-1	2	2.33743631020359	7.25174941360084
TTAGGATGTAGTTGGC-1	0	-3.79685462340541	-2.16350690782936
TTAGGATGTGCATTTC-1	3	10.6447318710404	9.444705384365
TTAGGCCCAATCCCTT-1	0	-5.01345170363613	-2.07666049660118
TTAGGCCCACTCGCTC-1	0	-5.23668158873745	-2.73216353119286
TTAGGCCCAGGCCTTG-1	0	-3.59245694503017	-2.39946649731072
TTAGGCCCATGGCCCA-1	0	-2.58036769255825	-1.13805524767311
TTAGGCCCATTGTTGG-1	0	-5.77946818694301	-1.49124531210335
TTAGGCGTCACAGGAA-1	0	-5.67131245955654	-1.43352401019009
TTAGGCGTCTGTGAGT-1	0	-2.01569236144252	-4.52700863541039
TTAGGCTAGACACCGC-1	2	3.71865736618809	8.52390994369117
TTAGGCTAGTCGCTAG-1	0	-2.11339510306545	1.06220259009926
TTAGGCTAGTTAGTTG-1	0	-5.43441260680385	-2.71867225826653
TTAGGCTAGTTGTCTT-1	0	-5.61085475310512	2.32751144706337
TTAGTCAAGGAAGTAT-1	1	3.3245104469376	-1.20718268067511
TTAGTCAAGGCCGGAA-1	2	3.69594823494725	8.46156729995338
TTAGTCAAGGGATTAG-1	0	-4.50202144011684	-1.24581602350744
TTATAGCCAATTATGC-1	0	-5.59723389968105	2.70047821342079
TTATAGCCAGCCAGTT-1	2	4.03065883293919	6.49158896743385
TTATCCGTCTCAATAG-1	2	3.42877780571751	0.455212967983166
TTATCCGTCTTAAGTG-1	3	9.17062031403355	9.2733358317527
TTATCCTAGCAGGTGG-1	0	-2.53858602866359	0.428997295490186
TTATCCTAGCATTATG-1	0	-2.32619179114528	1.19722618400184
TTATCCTAGCGAGTAA-1	0	-4.79922402724453	-1.58165071667107
TTATCCTAGGGACCTC-1	3	10.0673154510575	6.07002152740089
TTATCCTAGGGCTTTG-1	0	-2.00314629897304	-1.92409680546196
TTATGACCACAACAAA-1	0	-1.637604364006	1.02350892364113
TTATGACCAGCTTAGC-1	0	-4.16455996855922	-1.2655871263233
TTATGCGCAAAGGCCA-1	1	3.67879377976231	-1.42737066508206
TTATGCGCACATTAAC-1	0	-5.35757220610805	2.2871228629264
TTATGCGCACCAACCG-1	0	-5.06751979216762	-1.19847850357117
TTATTGCTCAGCCAAT-1	0	-5.00045503005214	3.13318623839943
TTATTGCTCAGGAAGC-1	0	-0.944477685539203	-3.21666560829552
TTATTGCTCCGCACAA-1	4	8.08067690506749	-13.0289827412453
TTATTGCTCGCAATCG-1	0	-5.52721370085903	2.91375722228614
TTCAACCGTCAAACTG-1	0	-4.98216117247768	3.00852574645607
TTCAACCGTGGACATC-1	0	-3.78874743804164	-2.05437598884972
TTCAACCGTGGGAACA-1	0	-4.52761376723476	-3.33558545769127
TTCAACCGTGGTGAGA-1	0	-1.51683152541347	-0.538215500721057
TTCACTGTCCCGTTGT-1	5	-0.561122187225299	4.11689652740089
TTCACTGTCTAAGGTC-1	2	0.522445476801915	8.54221858321754
TTCAGCACAACTAGAA-1	0	-0.549327500907855	-2.83870683372887
TTCAGCACAGGCCAAA-1	0	-4.46597445830532	-2.4101130789605
TTCAGGTAGCACAGGG-1	0	-0.871870764343219	0.821816580882947
TTCAGGTAGCCTGTTC-1	0	-2.50541652068325	0.328820484271924
TTCAGGTAGGAACGCG-1	1	1.46123748198323	1.9554635459098
TTCAGGTAGGCTAATC-1	0	-0.559922226516681	-3.17579637230309
TTCAGGTAGTAAACCC-1	4	7.54958473816685	-13.1170517033425
TTCAGTTTCAAGCCTG-1	5	-0.521295913307147	4.20000447570411
TTCAGTTTCGGTTAGT-1	1	2.88311850205235	1.41643680869667
TTCATCCCACGTTACA-1	0	-5.65902198180385	2.81748856841652
TTCATCCCATTAGGTT-1	0	-1.39040864333339	-4.24489865959557
TTCATCCCATTGTCCT-1	0	-3.24253905638881	-0.294581276783069
TTCATTCAGAATCTCA-1	4	8.32672678604893	-13.1502061909524
TTCCACGGTCATAGAT-1	3	10.0446056045609	6.52765979110328
TTCCCACAGTGAACAG-1	0	-4.29056514128871	-0.811724377283176
TTCCCGCCAGGCAAGC-1	0	-5.66171801909633	2.6220210963401
TTCCTCAAGAAAGGAA-1	0	-2.15639532431789	-2.29268930614861
TTCCTCAAGTCAATTG-1	0	-3.56525100096889	2.46460499106971
TTCCTCAAGTGTTGTA-1	0	-5.50522864684291	2.66062988578407
TTCCTTCTCATAATCG-1	3	10.5945285476761	5.38929738341896
TTCCTTCTCCTAAGTA-1	0	-0.810606011001544	-2.38143692673119
TTCCTTCTCTCGCCCA-1	0	-2.85390127524562	-0.883633983739932
TTCCTTGAGAGCCGGA-1	1	2.72647534981541	-0.732379419216235
TTCCTTGAGCTAATCA-1	1	3.54741417542271	-1.61314783752831
TTCCTTGAGGTGAAGC-1	0	-4.76561797484584	-3.60632835091027
TTCGCAACAACTCGCG-1	0	-2.58003438338466	-4.06066022575768
TTCGCAACATGGCCCA-1	1	2.54589020386509	-0.373737675556262
TTCGGTACACAGGAAT-1	0	-1.86290086135097	-4.31198821724327
TTCGGTACACCGTTCC-1	0	-4.82929004058071	-4.76105294884117
TTCGTGCTCACGTTAA-1	1	2.35160290375523	-0.585508329280933
TTCGTGCTCGGTTCCT-1	1	3.04130660668187	0.0370428734931152
TTCGTTAGTCACACCC-1	0	-1.37145841941066	-4.50349388779076
TTCGTTAGTCTAACCT-1	1	3.36357580796055	0.682298081508557
TTCGTTAGTTTAGTCC-1	0	-1.50260651930996	-4.53063378990563
TTCGTTAGTTTGAGCA-1	0	-2.25479162558742	-3.10148833454521
TTCTTAGGTACCAGGT-1	0	-1.19061518534847	-2.76557229221733
TTCTTAGGTCAATACG-1	0	-3.32294429167934	-1.82756171883019
TTCTTAGGTGTCCTGC-1	4	8.56631361618809	-10.3607040470925
TTCTTAGGTTACTTCA-1	1	3.90573822632603	-0.730289441951831
TTCTTAGGTTGGTGAC-1	2	2.33487176075749	7.62932051955787
TTGACGTAGCATCCAG-1	0	-0.974204429237323	-1.35524631799134
TTGACGTAGCATTATG-1	0	-1.37760461196132	-3.01438079536827
TTGACGTAGGAACCAA-1	2	2.35046266690068	6.19961251556007
TTGACGTAGGCATTGT-1	3	10.0223582901078	6.98179950057594
TTGACGTAGTCCTTCA-1	0	-2.8751543842239	-3.33802972496422
TTGACTAAGAATGACG-1	0	-1.84747899398037	-2.80783401192101
TTGACTAAGCCTCTGT-1	0	-3.63944543227382	-2.7633548802224
TTGAGCTAGAAAGGAA-1	0	-3.39094222411342	-0.743155134328922
TTGAGCTAGCGGGCAA-1	1	3.48504697457127	-0.683768553146442
TTGAGCTAGGGTCCAC-1	0	-4.57043517455288	-3.48294506729515
TTGAGCTAGTATGTGC-1	2	2.49485658779911	7.72124900161354
TTGAGGCGTAGTTGGC-1	0	-2.21091354712673	-1.32450344921025
TTGAGGCGTCGTAATG-1	0	-5.62300217971035	-2.57559381187828
TTGAGGCGTCTCACTG-1	0	-1.12295449599453	-1.63759644091996
TTGAGGCGTGTGCAAC-1	0	-2.62868679389186	1.12631835280983
TTGAGGCGTTAACAGT-1	0	-4.13996518477626	3.05367984115211
TTGATGTCACCCACAG-1	0	-2.82582033499904	0.0831958228263061
TTGCAACAGCTAATTG-1	1	3.46049462929539	-1.26372685790928
TTGCAACAGGCGGGTA-1	2	3.75174676552586	8.56358470260231
TTGCAACAGGCTGTCA-1	3	9.97754513397984	9.90613974868385
TTGCAAGGTCCCGGAA-1	2	0.545290193708462	7.81989516555397
TTGCAAGGTCGTTATC-1	0	-1.40746057852932	-0.663399798282703
TTGCAAGGTGCTAGAC-1	3	10.6020063079911	9.31469096480934
TTGCAAGGTTCGCGCT-1	0	-0.923089989273029	-3.21149407089623
TTGCAAGGTTGAGGTC-1	0	-5.70063508376308	-1.41435190797718
TTGCAAGGTTGTCCAT-1	0	-3.83626044615932	-2.35805473984154
TTGCAATCAACCCTAA-1	3	9.80419861450962	5.13290967284767
TTGCAATCAATAGTCT-1	0	-4.09960139617153	2.89508570968239
TTGCAATCAATTATGC-1	0	-3.0922044597549	-2.29009841144951
TTGCAATCATAGACTT-1	3	10.5625232376175	5.62835778533546
TTGCAATCATTCCTGT-1	0	-4.19965566024013	-2.39737282455834
TTGCACACACAGAAAC-1	0	-5.55184186324306	-2.32100294292839
TTGCACACACCTGCCT-1	1	3.75470458641819	-0.216187281021198
TTGCACACAGATAGAC-1	1	3.77242337837986	-1.19767944835993
TTGCAGCCACCAACCG-1	0	-1.28760815486141	-4.06580887497338
TTGCATTTCGCTATAA-1	3	10.4939206756669	4.90783061324684
TTGCATTTCTAGCTTT-1	4	7.39522444382481	-12.7998958653298
TTGCCCGTCATTAGTG-1	0	-2.9577583156509	-1.88241599262627
TTGCCCGTCCCGAAGC-1	2	0.920030317457242	7.32248153030006
TTGCCCGTCCTGGTGA-1	3	10.7066634811478	8.70712889968483
TTGCCCGTCCTTTACG-1	1	3.26400148049168	-1.54386089504631
TTGCCCGTCGAGCTAT-1	0	-4.92975152358242	2.92006053268043
TTGCCCGTCGTTACTT-1	3	10.1931298889237	5.21937407790748
TTGCGAGTCACAGACT-1	0	-3.35186780318447	-3.24321542442711
TTGCGAGTCAGGATGA-1	0	-3.73223746642299	0.337594049564282
TTGCGAGTCATAACCA-1	0	-5.76931584700771	-1.06610361994179
TTGCGAGTCGATTATG-1	0	-5.53819383010097	2.25331081687538
TTGCGAGTCGGTTAGT-1	0	-5.74476397856899	-1.81688122213753
TTGCGAGTCGTTTCGC-1	4	8.1646040596085	-12.8348995274392
TTGCGTCTCAGGCCTA-1	0	-2.26491964682766	-3.42834125221642
TTGCGTCTCATAATCG-1	1	2.69194924011998	0.589096086612622
TTGCGTCTCCCGAACA-1	0	-2.91411102637477	-3.56230149925621
TTGCGTCTCGCTTCTA-1	0	-5.05489219054409	-3.80260453880699
TTGCGTCTCTCATCAT-1	0	-4.16191018447109	-4.45942698181542
TTGCGTCTCTGCAACG-1	3	10.2793430008011	8.05847968398658
TTGCGTCTCTTTGTAC-1	4	8.42606102600865	-13.0678611821023
TTGCTCTCAATGAAGC-1	1	3.31387840882115	-1.08724511177214
TTGCTCTCAATGCGCT-1	0	-2.59180844649501	-2.90222392738732
TTGCTCTCAGCCAGTT-1	0	-3.25887311324306	-4.0203014439431
TTGCTTAGTACCGGAT-1	0	-1.52683533057399	-2.63604114712151
TTGCTTTAGAGCCGCT-1	0	-3.05909789427944	-0.7941106087056
TTGCTTTAGGTCAAAG-1	0	-3.58265841826625	-3.0722019499627
TTGCTTTAGTTATTCC-1	0	-5.2098437629623	-4.14088855446251
TTGGAGGCACCAGGTT-1	0	-5.28865350112148	-1.69937936724099
TTGGAGGCAGCACGTT-1	0	-4.78441251143642	-4.34133563698204
TTGGAGGCATCCTGAA-1	3	10.1096833862381	5.10730971633522
TTGGATATCACGCCAA-1	0	-2.41718209609218	-2.25793634117516
TTGGATATCCATAAGC-1	0	-3.44177401885219	-0.977508095511516
TTGGATATCCCGTTTA-1	0	-2.71697009429164	-4.42169104278954
TTGGATATCCTAGTCC-1	0	-1.94518292769619	-2.20967076481255
TTGGATATCCTGTTCA-1	4	8.35965954438023	-10.6165481633035
TTGGATATCGAGCTAT-1	1	3.66183959618382	-1.15892135300608
TTGGATATCTATTGTC-1	0	-3.9379235587997	2.74737324058143
TTGGATCAGAGGAAGG-1	2	1.89326058998875	7.15422477065651
TTGGATCAGGACAATG-1	1	3.24027001038365	-1.37815806032093
TTGGATCAGGTTAGCT-1	0	-3.2832125507278	-3.25259767235192
TTGGATCAGTCAGGCC-1	0	-3.31179703101345	-1.32593279839428
TTGGATTCAATGAGGT-1	0	-5.38837588652797	2.62165464698402
TTGGATTCAGCTACGT-1	4	8.4206060089188	-12.4544540470925
TTGGATTCAGTTTACG-1	3	10.6302970565873	5.59632577239601
TTGGATTCATAATGTC-1	0	-3.115791448204	-2.14991758526238
TTGGCTGAGGAACGCG-1	0	-4.87027705535121	0.00414420901862789
TTGGCTGAGTCTTGAA-1	0	-0.72914386614986	-3.70297132194908
TTGGCTGAGTTCCCAC-1	0	-3.69945586547084	1.61023034392921
TTGGCTTGTCCACAAA-1	2	0.927533305438084	8.05476416884987
TTGGCTTGTGATTTGG-1	0	-4.09550679549404	2.36473407088844
TTGGCTTGTTGGTGAC-1	1	3.0546518482285	-1.78605536878975
TTGGGCCAGCCGCTAA-1	2	1.06300603524022	8.07640971480934
TTGGGCCAGGCCGGAA-1	2	0.949412218483014	6.99612368880836
TTGGGCCAGGTTACAC-1	0	-5.83440698012538	-2.00309501350792
TTGGGCCAGGTTTGCG-1	1	1.796965948494	1.88746775924293
TTGGGCCAGTCTGGGC-1	0	-2.2454620681686	-4.6822637146798
TTGGGCGGTACCCACC-1	0	-3.4229089103622	-1.32447956264885
TTGGGCGGTACTTCAC-1	0	-3.61564362868496	-1.42110064388188
TTGGGCGGTATTGTGG-1	0	-4.21627677306362	-2.69384334743889
TTGGGCGGTTGAATCG-1	3	10.0629552520829	7.22282542525856
TTGGGTTAGCATTATG-1	0	-4.58145488127895	-3.41473994911583
TTGGGTTAGGAAGCTA-1	0	-3.42844594344326	1.58828033744423
TTGGTGAGTAACGGGA-1	0	-1.43196929320522	-0.302335066207965
TTGGTGAGTAAGTCGC-1	0	-3.51270688399501	-1.33031934262188
TTGGTGAGTCCTTCAG-1	0	-2.90407741889186	1.49614657699196
TTGGTGAGTTGCTTCG-1	0	-0.071577318756061	1.55660213767616
TTGTAAGTCAGTATTG-1	0	-4.32720149382778	-3.68222079933556
TTGTAAGTCCAGGAAA-1	0	-4.21894944533535	2.83045949279396
TTGTAAGTCCTAGTAA-1	1	3.47655402794651	-0.975284410127719
TTGTAAGTCTAGCTTT-1	0	-3.79376042708583	-3.74811683357628
TTGTAAGTCTTGATGA-1	2	0.572511254997773	8.3706840449485
TTGTCAAAGATAAAGC-1	0	-2.11887873038478	0.22927846252052
TTGTCAAAGCAAGGTA-1	0	-1.64803064688869	-2.72926698387535
TTGTCAAAGCGGTTAT-1	1	2.21782707348637	2.0419384413871
TTGTCAAAGTTATCTC-1	0	-1.38570822104641	-3.68262444198998
TTGTCCATCACAGGAA-1	0	-3.15072239264675	1.0152095729026
TTGTCCATCCCTCTAA-1	0	-1.9685005031509	-2.55908177555474
TTGTCCATCGCATCCT-1	1	2.85460960045628	0.110396879306714
TTGTCCATCTAAATCG-1	1	3.21106993332676	-1.06323186070593
TTGTCCCAGATTGAGG-1	0	-5.36620486602016	-3.4489644593087
TTGTCCCAGCACGTTG-1	0	-3.04285109862514	-3.98273525894554
TTGTCCCAGCAGGCCT-1	0	-1.74706066474147	-4.04398332298668
TTGTCCCAGCGATAAG-1	0	-1.19694817885585	-2.7485124892083
TTGTCCCAGGACCAGG-1	0	-3.76715720519252	-1.42550056935223
TTGTCCCAGTCCTGAG-1	0	-4.63482535704799	-4.16271744430931
TTGTCCCAGTTGGATC-1	0	-1.02170074805446	-2.17219565571221
TTGTGAGGTGATTTGG-1	2	3.76915370598607	8.40052832900612
TTGTGAGGTTATAGCG-1	2	2.83576690331273	7.64459552108375
TTGTGAGGTTCCGGCT-1	0	-3.98270142897792	0.565712707630078
TTGTGCCTCCAAGTGT-1	0	-2.66018880232997	-0.884124440559467
TTGTGCCTCGGTTTCC-1	5	-0.434853919593769	4.32109679519264
TTGTGCGAGACACTTA-1	0	-5.19285739287563	-2.78844211758049
TTGTGCGAGCTCGCTT-1	3	10.5010512985306	5.29817761718361
TTGTGCGAGGCGTAAA-1	0	-3.54641021117397	1.93754257499305
TTGTGCGAGTGAAGTG-1	2	3.51972567215733	8.41216220199196
TTGTGTGCAGGCATGA-1	3	10.0859216369706	5.27299489318458
TTGTGTGCAGGCTTCG-1	1	2.1547152914124	1.6997422152671
TTGTGTGCATCGCTCC-1	0	-4.58915055617519	-0.866664660581668
TTGTTCCCAATATAGG-1	0	-4.90818036421962	-1.53082902491959
TTGTTCCCAGTAAGTA-1	3	10.3550971664505	7.8723930293235
TTGTTCCCATTAAAGG-1	0	-2.64107955321498	-4.78229699791344
TTGTTGCGTAATCGCA-1	0	-2.50825298651882	-4.70044980705651
TTGTTGCGTAATGGAA-1	3	10.1518653549271	10.2637638026389
TTGTTGCGTACGTTTC-1	5	-0.513671406356769	4.38116635619728
TTGTTGCGTCAAAGAA-1	1	2.86214386597447	1.01344909011451
TTGTTGCGTTCCATTA-1	0	-4.30839026793666	-1.3714884048787
TTGTTGTTCAAGCCTG-1	0	-5.22577584609218	-3.28677330673607
TTGTTGTTCATAACCA-1	0	-4.55957187041469	1.20374025642006
TTGTTGTTCATAACGC-1	0	-1.73680008277126	-4.29848776520165
TTGTTTGGTGCTTAGA-1	2	0.678129937222076	8.04439772903053
TTGTTTGGTGTTCCCA-1	0	-2.35655153617092	-3.33283267677697
TTGTTTGGTTTGTGGA-1	0	-2.16444910391994	-5.72008524597557
TTTAACCTCAGAAACG-1	0	-4.34783709868618	2.77585615455238
TTTAACCTCATCCTCA-1	0	-5.46872485503383	-3.45799408615502
TTTAACCTCCTCCATA-1	0	-2.88228858336635	-3.95765815437706
TTTAACCTCTGTAATG-1	1	3.12419187203221	0.29684438048927
TTTAACGAGAGAAGGG-1	3	10.6042379058915	5.60247887908546
TTTAACGAGCGATAAG-1	5	-0.489013560859638	4.06802071868507
TTTAACGAGCGCATTG-1	1	2.33133064881138	-0.837432546028217
TTTAACGAGCTTACTT-1	0	-5.6934748969955	-1.66188011825951
TTTAACGAGGTGTTAC-1	0	-3.28944242819973	1.39521302520363
TTTAACGAGTCATTTC-1	0	-5.47013009413906	-2.69944630325707
TTTAAGCCAACTGGGA-1	4	8.2122753776627	-10.9269748753396
TTTAAGCCAGGACCAA-1	1	2.34153103009037	-1.07294081658991
TTTAAGGTCATGGCCA-1	0	-4.72045529708095	2.87550057708351
TTTAAGGTCGTTTCGC-1	0	-0.977395542709308	-2.67213283241661
TTTACGAAGGAACGCG-1	0	-5.07141126021572	3.288042443386
TTTACGAAGGAGTCGG-1	0	-5.71983254775234	2.55385317145912
TTTACGAAGGTAAGGC-1	0	-2.89164269789882	1.1685356074485
TTTACGAAGTGCACGC-1	1	2.00644468441777	-0.715687883504947
TTTACGCGTAGTTGGC-1	0	-4.24353135451503	3.09175195037452
TTTACGCGTGATCATG-1	1	1.80673479214482	1.92353858291237
TTTACGCGTGGGTGAA-1	0	-4.23804152831264	-0.678499562152942
TTTACGCGTTAAGGTT-1	0	-2.93962562903591	-2.48469446361931
TTTAGCAAGCCTGAGC-1	2	0.99202769175343	8.00424136458961
TTTAGCAAGCCTGGTA-1	0	-5.75766099318691	-2.36235092342766
TTTAGCTTCAACAAGG-1	1	2.84028517380528	-0.932837677606662
TTTAGCTTCATCCTGC-1	3	10.6538013137894	8.86258353530494
TTTAGCTTCCAATAGC-1	5	-0.517200239746051	3.90554417907325
TTTAGCTTCCTTAAGA-1	1	3.52066742554478	-0.473222655662616
TTTAGCTTCGATATTG-1	2	3.77986442223362	6.60139979659645
TTTAGCTTCGGGACTC-1	3	8.9275172866898	4.29216994582741
TTTAGCTTCTAATCTC-1	0	-2.225091107933	-1.16163088702532
TTTAGGATCTACCTCA-1	0	-4.73684371337123	-1.94567380607994
TTTATGGAGTCCTTTG-1	0	-5.05156482085414	-1.63591255010041
TTTCACCCAAACAACA-1	2	3.24736248627476	8.17872084914772
TTTCACCCAAAGCTAA-1	0	-3.30460656508632	1.27109660445778
TTTCACCCAGGCAAGC-1	0	-2.75486052855678	-4.04234538734825
TTTCACCCATGTCAAT-1	0	-0.310838051883655	1.50379242240516
TTTCACCCATTAAGCT-1	3	10.4563392318802	5.85606612502662
TTTCAGTTCAGGAAGC-1	0	-5.03707850798793	3.41888846694557
TTTCAGTTCGGTTACG-1	2	2.14855646267704	7.58116473495094
TTTCAGTTCTTAGCGG-1	0	-5.30763591155239	-2.40189800918969
TTTCATCAGACTCGCA-1	0	-2.36723793372341	-2.29242370785149
TTTCATCAGCCAGTAT-1	0	-4.32687581404872	-2.39802358807
TTTCATCAGCTAGAAG-1	4	8.24278866425328	-12.7633701390115
TTTCATCAGGAATAAC-1	0	-2.3233474574966	-1.51668886602791
TTTCATCAGGCGCACT-1	3	10.2269204773026	6.02599229156105
TTTCCACCAAACCTTG-1	1	2.05958866253666	-0.751072061666568
TTTCCACCACCGGTAT-1	1	1.90856980458073	1.90995921432106
TTTCCACCAGCCTTGG-1	0	-3.20081818923183	0.999049084773938
TTTCCACCATATAACC-1	4	7.98555838242344	-11.6008335179177
TTTCCACCATGTCAGC-1	0	-5.20121396407314	-1.40229195118817
TTTCCGGGTTCACTGT-1	2	2.53300630226902	7.87432612716285
TTTCCTGAGCGAGGTG-1	2	2.78012954369358	7.87084616958229
TTTCCTGAGCTCCCTG-1	3	10.0155490554886	8.87064208327858
TTTCCTGAGCTGGAAA-1	2	0.166698984058423	8.36320628463356
TTTCCTGAGCTGGACC-1	2	1.44765471592717	7.88477744399635
TTTCCTGAGTCACGAT-1	0	-3.17006195410915	-1.91877101124199
TTTCGTCCAACTAGCC-1	0	-3.7465287528915	-0.694537115701755
TTTCGTCCAAGCGATG-1	1	1.62653361931614	2.0120779448661
TTTCGTCCACTGACCG-1	3	10.5651324905472	9.62754859267799
TTTCGTCCATGCTCCC-1	0	-3.38714707717128	-2.56425343216332
TTTCTCACATGTCAGC-1	0	-3.81160319670864	-4.30899606407555
TTTCTTGCAATATAGG-1	0	-0.345497735588031	1.5355645590934
TTTCTTGCAATCTCTC-1	5	-0.574890264121967	4.08069600402443
TTTGACCGTCTATCGT-1	3	10.4834407486039	5.01578416167824
TTTGACCGTGATTACG-1	0	-4.65009654387661	-1.22555449739965
TTTGACCGTGCTTTAC-1	0	-1.5387913070602	-2.86167047680291
TTTGACTTCCCTGGAA-1	0	-4.98795903548427	2.15307463943092
TTTGACTTCTTGGACG-1	0	-3.21085561141201	-4.43221650780113
TTTGAGTCAAGGTCCT-1	1	2.40428256169133	-0.20921395481499
TTTGAGTCACAAAGAC-1	0	-2.13795984610744	0.154658334842602
TTTGCATTCAAACCGT-1	4	7.96348559037022	-12.9768310612527
TTTGCATTCATAGCCG-1	0	-2.74976147040554	1.25135840713112
TTTGCATTCATGCTAA-1	0	-4.35787976607509	-2.09108190000923
TTTGCATTCATTACGA-1	0	-4.97212899550624	-1.58668653429421
TTTGCATTCTTGACCC-1	0	-1.69786680564113	-1.59977595270546
TTTGCATTCTTGCAGG-1	0	-5.28645575865932	-3.31050978363427
TTTGCGACAAGATTCT-1	0	-2.08628929480739	-0.427480859169086
TTTGCGACAGCTAACC-1	1	3.58653103485875	0.418945925823132
TTTGCGGAGCGAAGTA-1	2	2.90591632500462	7.77209891616432
TTTGCGGAGGGCTTTG-1	0	-5.30073274001308	-3.38503680885704
TTTGGCTGTCGACTAA-1	0	-0.78662300929256	-3.92535529793175
TTTGGCTGTCTTACTA-1	0	-2.49945224150844	-1.56632776320847
TTTGGCTGTGAACAAA-1	0	-5.63326133116909	2.53501953422157
TTTGGCTGTTAGACCA-1	0	-3.78575003966518	-2.1863719052163
TTTGGTAAGGCGCATC-1	0	-0.637630470840412	-3.17805348099144
TTTGGTGCAACTAGGG-1	0	-2.5407854400558	-4.81031690300377
TTTGGTGCACAACAGG-1	0	-5.55262196883388	-2.88397370041283
TTTGGTGCACCGGCTA-1	0	-3.1217511974258	0.521051900974194
TTTGTCCCAAACCCTA-1	0	-1.82486189231105	-0.274631840595325
TTTGTCCCACCTCGCT-1	0	-5.4831272445602	3.07232512771217
TTTGTCCCAGGCTAGA-1	0	-3.91745961531826	-1.81578634441765
TTTGTCCCAGTAGGTG-1	0	-2.3715447269363	-0.0961873358574707
TTTGTCTAGCTAAAGG-1	3	10.022702566536	10.1317542964133
TTTGTCTAGGCTTAAC-1	0	-2.21819485053249	-0.573022765525897
TTTGTCTAGTTACCGG-1	5	-0.484357961265521	4.38917817412941
TTTGTGAAGGCTCATG-1	2	-0.213725753871875	7.90849341689674
TTTGTGGCAGGCTGTT-1	0	-2.2192739330215	1.22021879493324
TTTGTGTTCAGGCTAT-1	0	-5.63098395690151	-0.948569429525455
TTTGTGTTCAGTGAAG-1	2	-0.154168673603015	8.13782443343727
TTTGTGTTCATGGCTG-1	0	-3.44293034896083	-3.01552067459496
TTTGTGTTCTAACCAA-1	0	-1.52492249831386	-0.291429085144122
TTTGTTGGTACCAGGT-1	0	-2.25668967589565	-5.57286558807762
TTTGTTGGTGGCTTCC-1	0	-2.44937861785121	-2.17213563383492
TTTGTTGGTTACTAGG-1	0	-5.47611201628871	-0.824838024982532
